State,District ,Crop,Season
Andaman and Nicobar Islands,NICOBARS,Arecanut,Kharif     
Andaman and Nicobar Islands,NORTH AND MIDDLE ANDAMAN,Arecanut,Kharif     
Andaman and Nicobar Islands,SOUTH ANDAMANS,Arecanut,Whole Year 
Andaman and Nicobar Islands,NORTH AND MIDDLE ANDAMAN,Arhar/Tur,Rabi       
Andaman and Nicobar Islands,SOUTH ANDAMANS,Arhar/Tur,Rabi       
Andaman and Nicobar Islands,NICOBARS,Banana,Kharif     
Andaman and Nicobar Islands,NORTH AND MIDDLE ANDAMAN,Banana,Whole Year 
Andaman and Nicobar Islands,SOUTH ANDAMANS,Banana,Whole Year 
Andaman and Nicobar Islands,NICOBARS,Black pepper,Kharif     
Andaman and Nicobar Islands,NORTH AND MIDDLE ANDAMAN,Black pepper,Whole Year 
Andaman and Nicobar Islands,SOUTH ANDAMANS,Black pepper,Whole Year 
Andaman and Nicobar Islands,NICOBARS,Cashewnut,Whole Year 
Andaman and Nicobar Islands,NORTH AND MIDDLE ANDAMAN,Cashewnut,Whole Year 
Andaman and Nicobar Islands,SOUTH ANDAMANS,Cashewnut,Whole Year 
Andaman and Nicobar Islands,NICOBARS,Coconut ,Whole Year 
Andaman and Nicobar Islands,NORTH AND MIDDLE ANDAMAN,Coconut ,Whole Year 
Andaman and Nicobar Islands,SOUTH ANDAMANS,Coconut ,Whole Year 
Andaman and Nicobar Islands,NICOBARS,Cowpea(Lobia),Rabi       
Andaman and Nicobar Islands,NORTH AND MIDDLE ANDAMAN,Cowpea(Lobia),Rabi       
Andaman and Nicobar Islands,SOUTH ANDAMANS,Cowpea(Lobia),Rabi       
Andaman and Nicobar Islands,NICOBARS,Dry chillies,Kharif     
Andaman and Nicobar Islands,NORTH AND MIDDLE ANDAMAN,Dry chillies,Whole Year 
Andaman and Nicobar Islands,SOUTH ANDAMANS,Dry chillies,Whole Year 
Andaman and Nicobar Islands,NICOBARS,Ginger,Whole Year 
Andaman and Nicobar Islands,NORTH AND MIDDLE ANDAMAN,Ginger,Whole Year 
Andaman and Nicobar Islands,SOUTH ANDAMANS,Ginger,Whole Year 
Andaman and Nicobar Islands,NORTH AND MIDDLE ANDAMAN,Groundnut,Rabi       
Andaman and Nicobar Islands,SOUTH ANDAMANS,Groundnut,Rabi       
Andaman and Nicobar Islands,NICOBARS,Maize,Rabi       
Andaman and Nicobar Islands,NORTH AND MIDDLE ANDAMAN,Maize,Rabi       
Andaman and Nicobar Islands,SOUTH ANDAMANS,Maize,Rabi       
Andaman and Nicobar Islands,NICOBARS,Moong(Green Gram),Rabi       
Andaman and Nicobar Islands,NORTH AND MIDDLE ANDAMAN,Moong(Green Gram),Rabi       
Andaman and Nicobar Islands,SOUTH ANDAMANS,Moong(Green Gram),Rabi       
Andaman and Nicobar Islands,NORTH AND MIDDLE ANDAMAN,Oilseeds total,Whole Year 
Andaman and Nicobar Islands,SOUTH ANDAMANS,Oilseeds total,Whole Year 
Andaman and Nicobar Islands,NICOBARS,Other Kharif pulses,Kharif     
Andaman and Nicobar Islands,NORTH AND MIDDLE ANDAMAN,Other Kharif pulses,Kharif     
Andaman and Nicobar Islands,NICOBARS,other oilseeds,Whole Year 
Andaman and Nicobar Islands,NORTH AND MIDDLE ANDAMAN,other oilseeds,Whole Year 
Andaman and Nicobar Islands,SOUTH ANDAMANS,other oilseeds,Whole Year 
Andaman and Nicobar Islands,NORTH AND MIDDLE ANDAMAN,Rapeseed &Mustard,Rabi       
Andaman and Nicobar Islands,SOUTH ANDAMANS,Rapeseed &Mustard,Rabi       
Andaman and Nicobar Islands,NICOBARS,Rice,Kharif     
Andaman and Nicobar Islands,NORTH AND MIDDLE ANDAMAN,Rice,Kharif     
Andaman and Nicobar Islands,SOUTH ANDAMANS,Rice,Kharif     
Andaman and Nicobar Islands,NORTH AND MIDDLE ANDAMAN,Sesamum,Rabi       
Andaman and Nicobar Islands,SOUTH ANDAMANS,Sesamum,Summer     
Andaman and Nicobar Islands,NICOBARS,Sugarcane,Kharif     
Andaman and Nicobar Islands,NORTH AND MIDDLE ANDAMAN,Sugarcane,Whole Year 
Andaman and Nicobar Islands,SOUTH ANDAMANS,Sugarcane,Whole Year 
Andaman and Nicobar Islands,NORTH AND MIDDLE ANDAMAN,Sunflower,Rabi       
Andaman and Nicobar Islands,SOUTH ANDAMANS,Sunflower,Rabi       
Andaman and Nicobar Islands,NICOBARS,Sweet potato,Rabi       
Andaman and Nicobar Islands,NORTH AND MIDDLE ANDAMAN,Sweet potato,Whole Year 
Andaman and Nicobar Islands,SOUTH ANDAMANS,Sweet potato,Whole Year 
Andaman and Nicobar Islands,NICOBARS,Tapioca,Rabi       
Andaman and Nicobar Islands,NORTH AND MIDDLE ANDAMAN,Tapioca,Whole Year 
Andaman and Nicobar Islands,SOUTH ANDAMANS,Tapioca,Whole Year 
Andaman and Nicobar Islands,NICOBARS,Turmeric,Rabi       
Andaman and Nicobar Islands,NORTH AND MIDDLE ANDAMAN,Turmeric,Whole Year 
Andaman and Nicobar Islands,SOUTH ANDAMANS,Turmeric,Whole Year 
Andaman and Nicobar Islands,NICOBARS,Urad,Rabi       
Andaman and Nicobar Islands,NORTH AND MIDDLE ANDAMAN,Urad,Rabi       
Andaman and Nicobar Islands,SOUTH ANDAMANS,Urad,Rabi       
Andhra Pradesh,ANANTAPUR,Arecanut,Whole Year 
Andhra Pradesh,EAST GODAVARI,Arecanut,Whole Year 
Andhra Pradesh,KRISHNA,Arecanut,Whole Year 
Andhra Pradesh,VIZIANAGARAM,Arecanut,Whole Year 
Andhra Pradesh,WEST GODAVARI,Arecanut,Whole Year 
Andhra Pradesh,ADILABAD,Arhar/Tur,Kharif     
Andhra Pradesh,ANANTAPUR,Arhar/Tur,Kharif     
Andhra Pradesh,CHITTOOR,Arhar/Tur,Kharif     
Andhra Pradesh,EAST GODAVARI,Arhar/Tur,Kharif     
Andhra Pradesh,GUNTUR,Arhar/Tur,Kharif     
Andhra Pradesh,KADAPA,Arhar/Tur,Kharif     
Andhra Pradesh,KARIMNAGAR,Arhar/Tur,Kharif     
Andhra Pradesh,KHAMMAM,Arhar/Tur,Kharif     
Andhra Pradesh,KRISHNA,Arhar/Tur,Kharif     
Andhra Pradesh,KURNOOL,Arhar/Tur,Kharif     
Andhra Pradesh,MAHBUBNAGAR,Arhar/Tur,Kharif     
Andhra Pradesh,MEDAK,Arhar/Tur,Kharif     
Andhra Pradesh,NALGONDA,Arhar/Tur,Kharif     
Andhra Pradesh,NIZAMABAD,Arhar/Tur,Kharif     
Andhra Pradesh,PRAKASAM,Arhar/Tur,Kharif     
Andhra Pradesh,RANGAREDDI,Arhar/Tur,Kharif     
Andhra Pradesh,SPSR NELLORE,Arhar/Tur,Kharif     
Andhra Pradesh,SRIKAKULAM,Arhar/Tur,Kharif     
Andhra Pradesh,VISAKHAPATANAM,Arhar/Tur,Kharif     
Andhra Pradesh,VIZIANAGARAM,Arhar/Tur,Kharif     
Andhra Pradesh,WARANGAL,Arhar/Tur,Kharif     
Andhra Pradesh,WEST GODAVARI,Arhar/Tur,Kharif     
Andhra Pradesh,ADILABAD,Bajra,Rabi       
Andhra Pradesh,ANANTAPUR,Bajra,Kharif     
Andhra Pradesh,CHITTOOR,Bajra,Kharif     
Andhra Pradesh,EAST GODAVARI,Bajra,Kharif     
Andhra Pradesh,GUNTUR,Bajra,Kharif     
Andhra Pradesh,KADAPA,Bajra,Kharif     
Andhra Pradesh,KARIMNAGAR,Bajra,Rabi       
Andhra Pradesh,KHAMMAM,Bajra,Kharif     
Andhra Pradesh,KRISHNA,Bajra,Kharif     
Andhra Pradesh,KURNOOL,Bajra,Kharif     
Andhra Pradesh,MAHBUBNAGAR,Bajra,Kharif     
Andhra Pradesh,MEDAK,Bajra,Kharif     
Andhra Pradesh,NALGONDA,Bajra,Kharif     
Andhra Pradesh,NIZAMABAD,Bajra,Rabi       
Andhra Pradesh,PRAKASAM,Bajra,Kharif     
Andhra Pradesh,RANGAREDDI,Bajra,Kharif     
Andhra Pradesh,SPSR NELLORE,Bajra,Kharif     
Andhra Pradesh,SRIKAKULAM,Bajra,Kharif     
Andhra Pradesh,VISAKHAPATANAM,Bajra,Kharif     
Andhra Pradesh,VIZIANAGARAM,Bajra,Kharif     
Andhra Pradesh,WARANGAL,Bajra,Kharif     
Andhra Pradesh,WEST GODAVARI,Bajra,Kharif     
Andhra Pradesh,ADILABAD,Banana,Whole Year 
Andhra Pradesh,ANANTAPUR,Banana,Whole Year 
Andhra Pradesh,CHITTOOR,Banana,Whole Year 
Andhra Pradesh,EAST GODAVARI,Banana,Whole Year 
Andhra Pradesh,GUNTUR,Banana,Whole Year 
Andhra Pradesh,KADAPA,Banana,Whole Year 
Andhra Pradesh,KARIMNAGAR,Banana,Whole Year 
Andhra Pradesh,KHAMMAM,Banana,Whole Year 
Andhra Pradesh,KRISHNA,Banana,Whole Year 
Andhra Pradesh,KURNOOL,Banana,Whole Year 
Andhra Pradesh,MAHBUBNAGAR,Banana,Whole Year 
Andhra Pradesh,MEDAK,Banana,Whole Year 
Andhra Pradesh,NALGONDA,Banana,Whole Year 
Andhra Pradesh,NIZAMABAD,Banana,Whole Year 
Andhra Pradesh,PRAKASAM,Banana,Whole Year 
Andhra Pradesh,RANGAREDDI,Banana,Whole Year 
Andhra Pradesh,SPSR NELLORE,Banana,Whole Year 
Andhra Pradesh,SRIKAKULAM,Banana,Whole Year 
Andhra Pradesh,VISAKHAPATANAM,Banana,Whole Year 
Andhra Pradesh,VIZIANAGARAM,Banana,Whole Year 
Andhra Pradesh,WARANGAL,Banana,Whole Year 
Andhra Pradesh,WEST GODAVARI,Banana,Whole Year 
Andhra Pradesh,ANANTAPUR,Black pepper,Whole Year 
Andhra Pradesh,EAST GODAVARI,Black pepper,Kharif     
Andhra Pradesh,VISAKHAPATANAM,Black pepper,Whole Year 
Andhra Pradesh,WEST GODAVARI,Black pepper,Whole Year 
Andhra Pradesh,ADILABAD,Cashewnut,Whole Year 
Andhra Pradesh,ANANTAPUR,Cashewnut,Kharif     
Andhra Pradesh,CHITTOOR,Cashewnut,Whole Year 
Andhra Pradesh,EAST GODAVARI,Cashewnut,Whole Year 
Andhra Pradesh,GUNTUR,Cashewnut,Whole Year 
Andhra Pradesh,KADAPA,Cashewnut,Whole Year 
Andhra Pradesh,KHAMMAM,Cashewnut,Whole Year 
Andhra Pradesh,KRISHNA,Cashewnut,Whole Year 
Andhra Pradesh,MAHBUBNAGAR,Cashewnut,Whole Year 
Andhra Pradesh,MEDAK,Cashewnut,Whole Year 
Andhra Pradesh,NALGONDA,Cashewnut,Whole Year 
Andhra Pradesh,PRAKASAM,Cashewnut,Whole Year 
Andhra Pradesh,RANGAREDDI,Cashewnut,Whole Year 
Andhra Pradesh,SPSR NELLORE,Cashewnut,Whole Year 
Andhra Pradesh,SRIKAKULAM,Cashewnut,Whole Year 
Andhra Pradesh,VISAKHAPATANAM,Cashewnut,Whole Year 
Andhra Pradesh,VIZIANAGARAM,Cashewnut,Whole Year 
Andhra Pradesh,WEST GODAVARI,Cashewnut,Whole Year 
Andhra Pradesh,ADILABAD,Castor seed,Kharif     
Andhra Pradesh,ANANTAPUR,Castor seed,Kharif     
Andhra Pradesh,CHITTOOR,Castor seed,Kharif     
Andhra Pradesh,EAST GODAVARI,Castor seed,Kharif     
Andhra Pradesh,GUNTUR,Castor seed,Kharif     
Andhra Pradesh,KADAPA,Castor seed,Kharif     
Andhra Pradesh,KARIMNAGAR,Castor seed,Kharif     
Andhra Pradesh,KHAMMAM,Castor seed,Kharif     
Andhra Pradesh,KRISHNA,Castor seed,Kharif     
Andhra Pradesh,KURNOOL,Castor seed,Kharif     
Andhra Pradesh,MAHBUBNAGAR,Castor seed,Kharif     
Andhra Pradesh,MEDAK,Castor seed,Kharif     
Andhra Pradesh,NALGONDA,Castor seed,Kharif     
Andhra Pradesh,NIZAMABAD,Castor seed,Kharif     
Andhra Pradesh,PRAKASAM,Castor seed,Kharif     
Andhra Pradesh,RANGAREDDI,Castor seed,Kharif     
Andhra Pradesh,SPSR NELLORE,Castor seed,Kharif     
Andhra Pradesh,SRIKAKULAM,Castor seed,Kharif     
Andhra Pradesh,VISAKHAPATANAM,Castor seed,Kharif     
Andhra Pradesh,VIZIANAGARAM,Castor seed,Kharif     
Andhra Pradesh,WARANGAL,Castor seed,Kharif     
Andhra Pradesh,WEST GODAVARI,Castor seed,Kharif     
Andhra Pradesh,ANANTAPUR,Coconut ,Whole Year 
Andhra Pradesh,CHITTOOR,Coconut ,Whole Year 
Andhra Pradesh,EAST GODAVARI,Coconut ,Whole Year 
Andhra Pradesh,GUNTUR,Coconut ,Whole Year 
Andhra Pradesh,KADAPA,Coconut ,Whole Year 
Andhra Pradesh,KHAMMAM,Coconut ,Whole Year 
Andhra Pradesh,KRISHNA,Coconut ,Whole Year 
Andhra Pradesh,KURNOOL,Coconut ,Whole Year 
Andhra Pradesh,MAHBUBNAGAR,Coconut ,Whole Year 
Andhra Pradesh,MEDAK,Coconut ,Whole Year 
Andhra Pradesh,NALGONDA,Coconut ,Whole Year 
Andhra Pradesh,NIZAMABAD,Coconut ,Whole Year 
Andhra Pradesh,PRAKASAM,Coconut ,Whole Year 
Andhra Pradesh,RANGAREDDI,Coconut ,Whole Year 
Andhra Pradesh,SPSR NELLORE,Coconut ,Whole Year 
Andhra Pradesh,SRIKAKULAM,Coconut ,Whole Year 
Andhra Pradesh,VISAKHAPATANAM,Coconut ,Whole Year 
Andhra Pradesh,VIZIANAGARAM,Coconut ,Whole Year 
Andhra Pradesh,WEST GODAVARI,Coconut ,Whole Year 
Andhra Pradesh,ADILABAD,Coriander,Whole Year 
Andhra Pradesh,ANANTAPUR,Coriander,Whole Year 
Andhra Pradesh,CHITTOOR,Coriander,Whole Year 
Andhra Pradesh,EAST GODAVARI,Coriander,Whole Year 
Andhra Pradesh,GUNTUR,Coriander,Whole Year 
Andhra Pradesh,KADAPA,Coriander,Whole Year 
Andhra Pradesh,KARIMNAGAR,Coriander,Whole Year 
Andhra Pradesh,KHAMMAM,Coriander,Whole Year 
Andhra Pradesh,KRISHNA,Coriander,Whole Year 
Andhra Pradesh,KURNOOL,Coriander,Whole Year 
Andhra Pradesh,MAHBUBNAGAR,Coriander,Whole Year 
Andhra Pradesh,MEDAK,Coriander,Whole Year 
Andhra Pradesh,NALGONDA,Coriander,Whole Year 
Andhra Pradesh,NIZAMABAD,Coriander,Whole Year 
Andhra Pradesh,PRAKASAM,Coriander,Whole Year 
Andhra Pradesh,RANGAREDDI,Coriander,Whole Year 
Andhra Pradesh,SPSR NELLORE,Coriander,Whole Year 
Andhra Pradesh,SRIKAKULAM,Coriander,Whole Year 
Andhra Pradesh,VISAKHAPATANAM,Coriander,Whole Year 
Andhra Pradesh,WARANGAL,Coriander,Whole Year 
Andhra Pradesh,WEST GODAVARI,Coriander,Whole Year 
Andhra Pradesh,ADILABAD,Cotton(lint),Kharif     
Andhra Pradesh,ANANTAPUR,Cotton(lint),Kharif     
Andhra Pradesh,CHITTOOR,Cotton(lint),Kharif     
Andhra Pradesh,EAST GODAVARI,Cotton(lint),Kharif     
Andhra Pradesh,GUNTUR,Cotton(lint),Kharif     
Andhra Pradesh,KADAPA,Cotton(lint),Kharif     
Andhra Pradesh,KARIMNAGAR,Cotton(lint),Kharif     
Andhra Pradesh,KHAMMAM,Cotton(lint),Kharif     
Andhra Pradesh,KRISHNA,Cotton(lint),Kharif     
Andhra Pradesh,KURNOOL,Cotton(lint),Kharif     
Andhra Pradesh,MAHBUBNAGAR,Cotton(lint),Kharif     
Andhra Pradesh,MEDAK,Cotton(lint),Kharif     
Andhra Pradesh,NALGONDA,Cotton(lint),Kharif     
Andhra Pradesh,NIZAMABAD,Cotton(lint),Kharif     
Andhra Pradesh,PRAKASAM,Cotton(lint),Kharif     
Andhra Pradesh,RANGAREDDI,Cotton(lint),Kharif     
Andhra Pradesh,SPSR NELLORE,Cotton(lint),Kharif     
Andhra Pradesh,SRIKAKULAM,Cotton(lint),Kharif     
Andhra Pradesh,VISAKHAPATANAM,Cotton(lint),Kharif     
Andhra Pradesh,VIZIANAGARAM,Cotton(lint),Kharif     
Andhra Pradesh,WARANGAL,Cotton(lint),Kharif     
Andhra Pradesh,WEST GODAVARI,Cotton(lint),Kharif     
Andhra Pradesh,ADILABAD,Cowpea(Lobia),Kharif     
Andhra Pradesh,ANANTAPUR,Cowpea(Lobia),Kharif     
Andhra Pradesh,CHITTOOR,Cowpea(Lobia),Kharif     
Andhra Pradesh,EAST GODAVARI,Cowpea(Lobia),Rabi       
Andhra Pradesh,GUNTUR,Cowpea(Lobia),Kharif     
Andhra Pradesh,KADAPA,Cowpea(Lobia),Kharif     
Andhra Pradesh,KARIMNAGAR,Cowpea(Lobia),Kharif     
Andhra Pradesh,KHAMMAM,Cowpea(Lobia),Rabi       
Andhra Pradesh,KRISHNA,Cowpea(Lobia),Kharif     
Andhra Pradesh,KURNOOL,Cowpea(Lobia),Kharif     
Andhra Pradesh,MAHBUBNAGAR,Cowpea(Lobia),Kharif     
Andhra Pradesh,MEDAK,Cowpea(Lobia),Kharif     
Andhra Pradesh,NALGONDA,Cowpea(Lobia),Rabi       
Andhra Pradesh,NIZAMABAD,Cowpea(Lobia),Kharif     
Andhra Pradesh,PRAKASAM,Cowpea(Lobia),Kharif     
Andhra Pradesh,RANGAREDDI,Cowpea(Lobia),Kharif     
Andhra Pradesh,SPSR NELLORE,Cowpea(Lobia),Rabi       
Andhra Pradesh,VISAKHAPATANAM,Cowpea(Lobia),Kharif     
Andhra Pradesh,VIZIANAGARAM,Cowpea(Lobia),Rabi       
Andhra Pradesh,WARANGAL,Cowpea(Lobia),Kharif     
Andhra Pradesh,WEST GODAVARI,Cowpea(Lobia),Kharif     
Andhra Pradesh,ADILABAD,Dry chillies,Kharif     
Andhra Pradesh,ANANTAPUR,Dry chillies,Kharif     
Andhra Pradesh,CHITTOOR,Dry chillies,Kharif     
Andhra Pradesh,EAST GODAVARI,Dry chillies,Kharif     
Andhra Pradesh,GUNTUR,Dry chillies,Kharif     
Andhra Pradesh,HYDERABAD,Dry chillies,Kharif     
Andhra Pradesh,KADAPA,Dry chillies,Kharif     
Andhra Pradesh,KARIMNAGAR,Dry chillies,Kharif     
Andhra Pradesh,KHAMMAM,Dry chillies,Kharif     
Andhra Pradesh,KRISHNA,Dry chillies,Kharif     
Andhra Pradesh,KURNOOL,Dry chillies,Kharif     
Andhra Pradesh,MAHBUBNAGAR,Dry chillies,Kharif     
Andhra Pradesh,MEDAK,Dry chillies,Kharif     
Andhra Pradesh,NALGONDA,Dry chillies,Kharif     
Andhra Pradesh,NIZAMABAD,Dry chillies,Kharif     
Andhra Pradesh,PRAKASAM,Dry chillies,Kharif     
Andhra Pradesh,RANGAREDDI,Dry chillies,Kharif     
Andhra Pradesh,SPSR NELLORE,Dry chillies,Kharif     
Andhra Pradesh,SRIKAKULAM,Dry chillies,Rabi       
Andhra Pradesh,VISAKHAPATANAM,Dry chillies,Kharif     
Andhra Pradesh,VIZIANAGARAM,Dry chillies,Kharif     
Andhra Pradesh,WARANGAL,Dry chillies,Kharif     
Andhra Pradesh,WEST GODAVARI,Dry chillies,Rabi       
Andhra Pradesh,ADILABAD,Garlic,Whole Year 
Andhra Pradesh,KADAPA,Garlic,Whole Year 
Andhra Pradesh,KARIMNAGAR,Garlic,Whole Year 
Andhra Pradesh,MEDAK,Garlic,Whole Year 
Andhra Pradesh,NIZAMABAD,Garlic,Whole Year 
Andhra Pradesh,SRIKAKULAM,Garlic,Whole Year 
Andhra Pradesh,EAST GODAVARI,Ginger,Whole Year 
Andhra Pradesh,KADAPA,Ginger,Whole Year 
Andhra Pradesh,KARIMNAGAR,Ginger,Whole Year 
Andhra Pradesh,KRISHNA,Ginger,Whole Year 
Andhra Pradesh,KURNOOL,Ginger,Whole Year 
Andhra Pradesh,MEDAK,Ginger,Whole Year 
Andhra Pradesh,NIZAMABAD,Ginger,Whole Year 
Andhra Pradesh,PRAKASAM,Ginger,Kharif     
Andhra Pradesh,RANGAREDDI,Ginger,Whole Year 
Andhra Pradesh,SRIKAKULAM,Ginger,Whole Year 
Andhra Pradesh,VISAKHAPATANAM,Ginger,Whole Year 
Andhra Pradesh,VIZIANAGARAM,Ginger,Whole Year 
Andhra Pradesh,WARANGAL,Ginger,Whole Year 
Andhra Pradesh,WEST GODAVARI,Ginger,Whole Year 
Andhra Pradesh,ADILABAD,Gram,Rabi       
Andhra Pradesh,ANANTAPUR,Gram,Rabi       
Andhra Pradesh,CHITTOOR,Gram,Rabi       
Andhra Pradesh,EAST GODAVARI,Gram,Rabi       
Andhra Pradesh,GUNTUR,Gram,Rabi       
Andhra Pradesh,KADAPA,Gram,Rabi       
Andhra Pradesh,KARIMNAGAR,Gram,Rabi       
Andhra Pradesh,KHAMMAM,Gram,Rabi       
Andhra Pradesh,KRISHNA,Gram,Rabi       
Andhra Pradesh,KURNOOL,Gram,Rabi       
Andhra Pradesh,MAHBUBNAGAR,Gram,Rabi       
Andhra Pradesh,MEDAK,Gram,Rabi       
Andhra Pradesh,NALGONDA,Gram,Rabi       
Andhra Pradesh,NIZAMABAD,Gram,Rabi       
Andhra Pradesh,PRAKASAM,Gram,Rabi       
Andhra Pradesh,RANGAREDDI,Gram,Rabi       
Andhra Pradesh,SPSR NELLORE,Gram,Rabi       
Andhra Pradesh,SRIKAKULAM,Gram,Rabi       
Andhra Pradesh,VISAKHAPATANAM,Gram,Rabi       
Andhra Pradesh,VIZIANAGARAM,Gram,Rabi       
Andhra Pradesh,WARANGAL,Gram,Rabi       
Andhra Pradesh,WEST GODAVARI,Gram,Rabi       
Andhra Pradesh,ADILABAD,Groundnut,Rabi       
Andhra Pradesh,ANANTAPUR,Groundnut,Kharif     
Andhra Pradesh,CHITTOOR,Groundnut,Kharif     
Andhra Pradesh,EAST GODAVARI,Groundnut,Kharif     
Andhra Pradesh,GUNTUR,Groundnut,Kharif     
Andhra Pradesh,KADAPA,Groundnut,Kharif     
Andhra Pradesh,KARIMNAGAR,Groundnut,Kharif     
Andhra Pradesh,KHAMMAM,Groundnut,Kharif     
Andhra Pradesh,KRISHNA,Groundnut,Kharif     
Andhra Pradesh,KURNOOL,Groundnut,Kharif     
Andhra Pradesh,MAHBUBNAGAR,Groundnut,Kharif     
Andhra Pradesh,MEDAK,Groundnut,Kharif     
Andhra Pradesh,NALGONDA,Groundnut,Kharif     
Andhra Pradesh,NIZAMABAD,Groundnut,Kharif     
Andhra Pradesh,PRAKASAM,Groundnut,Kharif     
Andhra Pradesh,RANGAREDDI,Groundnut,Kharif     
Andhra Pradesh,SPSR NELLORE,Groundnut,Kharif     
Andhra Pradesh,SRIKAKULAM,Groundnut,Kharif     
Andhra Pradesh,VISAKHAPATANAM,Groundnut,Kharif     
Andhra Pradesh,VIZIANAGARAM,Groundnut,Kharif     
Andhra Pradesh,WARANGAL,Groundnut,Kharif     
Andhra Pradesh,WEST GODAVARI,Groundnut,Kharif     
Andhra Pradesh,PRAKASAM,Guar seed,Rabi       
Andhra Pradesh,SPSR NELLORE,Guar seed,Rabi       
Andhra Pradesh,WEST GODAVARI,Guar seed,Kharif     
Andhra Pradesh,ADILABAD,Horse-gram,Rabi       
Andhra Pradesh,ANANTAPUR,Horse-gram,Kharif     
Andhra Pradesh,CHITTOOR,Horse-gram,Kharif     
Andhra Pradesh,EAST GODAVARI,Horse-gram,Rabi       
Andhra Pradesh,GUNTUR,Horse-gram,Rabi       
Andhra Pradesh,KADAPA,Horse-gram,Kharif     
Andhra Pradesh,KARIMNAGAR,Horse-gram,Rabi       
Andhra Pradesh,KHAMMAM,Horse-gram,Kharif     
Andhra Pradesh,KRISHNA,Horse-gram,Rabi       
Andhra Pradesh,KURNOOL,Horse-gram,Rabi       
Andhra Pradesh,MAHBUBNAGAR,Horse-gram,Kharif     
Andhra Pradesh,MEDAK,Horse-gram,Kharif     
Andhra Pradesh,NALGONDA,Horse-gram,Rabi       
Andhra Pradesh,NIZAMABAD,Horse-gram,Rabi       
Andhra Pradesh,PRAKASAM,Horse-gram,Rabi       
Andhra Pradesh,RANGAREDDI,Horse-gram,Kharif     
Andhra Pradesh,SPSR NELLORE,Horse-gram,Rabi       
Andhra Pradesh,SRIKAKULAM,Horse-gram,Rabi       
Andhra Pradesh,VISAKHAPATANAM,Horse-gram,Kharif     
Andhra Pradesh,VIZIANAGARAM,Horse-gram,Rabi       
Andhra Pradesh,WARANGAL,Horse-gram,Rabi       
Andhra Pradesh,WEST GODAVARI,Horse-gram,Rabi       
Andhra Pradesh,ADILABAD,Jowar,Kharif     
Andhra Pradesh,ANANTAPUR,Jowar,Kharif     
Andhra Pradesh,CHITTOOR,Jowar,Kharif     
Andhra Pradesh,EAST GODAVARI,Jowar,Kharif     
Andhra Pradesh,GUNTUR,Jowar,Kharif     
Andhra Pradesh,KADAPA,Jowar,Kharif     
Andhra Pradesh,KARIMNAGAR,Jowar,Kharif     
Andhra Pradesh,KHAMMAM,Jowar,Kharif     
Andhra Pradesh,KRISHNA,Jowar,Kharif     
Andhra Pradesh,KURNOOL,Jowar,Kharif     
Andhra Pradesh,MAHBUBNAGAR,Jowar,Kharif     
Andhra Pradesh,MEDAK,Jowar,Kharif     
Andhra Pradesh,NALGONDA,Jowar,Kharif     
Andhra Pradesh,NIZAMABAD,Jowar,Kharif     
Andhra Pradesh,PRAKASAM,Jowar,Kharif     
Andhra Pradesh,RANGAREDDI,Jowar,Kharif     
Andhra Pradesh,SPSR NELLORE,Jowar,Rabi       
Andhra Pradesh,SRIKAKULAM,Jowar,Kharif     
Andhra Pradesh,VISAKHAPATANAM,Jowar,Kharif     
Andhra Pradesh,VIZIANAGARAM,Jowar,Kharif     
Andhra Pradesh,WARANGAL,Jowar,Kharif     
Andhra Pradesh,WEST GODAVARI,Jowar,Kharif     
Andhra Pradesh,ADILABAD,Linseed,Rabi       
Andhra Pradesh,ANANTAPUR,Linseed,Rabi       
Andhra Pradesh,CHITTOOR,Linseed,Rabi       
Andhra Pradesh,EAST GODAVARI,Linseed,Rabi       
Andhra Pradesh,GUNTUR,Linseed,Rabi       
Andhra Pradesh,KADAPA,Linseed,Rabi       
Andhra Pradesh,KRISHNA,Linseed,Rabi       
Andhra Pradesh,KURNOOL,Linseed,Rabi       
Andhra Pradesh,MEDAK,Linseed,Rabi       
Andhra Pradesh,NIZAMABAD,Linseed,Rabi       
Andhra Pradesh,RANGAREDDI,Linseed,Rabi       
Andhra Pradesh,VIZIANAGARAM,Linseed,Rabi       
Andhra Pradesh,ADILABAD,Maize,Kharif     
Andhra Pradesh,ANANTAPUR,Maize,Kharif     
Andhra Pradesh,CHITTOOR,Maize,Kharif     
Andhra Pradesh,EAST GODAVARI,Maize,Kharif     
Andhra Pradesh,GUNTUR,Maize,Kharif     
Andhra Pradesh,KADAPA,Maize,Kharif     
Andhra Pradesh,KARIMNAGAR,Maize,Kharif     
Andhra Pradesh,KHAMMAM,Maize,Kharif     
Andhra Pradesh,KRISHNA,Maize,Kharif     
Andhra Pradesh,KURNOOL,Maize,Kharif     
Andhra Pradesh,MAHBUBNAGAR,Maize,Kharif     
Andhra Pradesh,MEDAK,Maize,Kharif     
Andhra Pradesh,NALGONDA,Maize,Kharif     
Andhra Pradesh,NIZAMABAD,Maize,Kharif     
Andhra Pradesh,PRAKASAM,Maize,Kharif     
Andhra Pradesh,RANGAREDDI,Maize,Kharif     
Andhra Pradesh,SPSR NELLORE,Maize,Kharif     
Andhra Pradesh,SRIKAKULAM,Maize,Kharif     
Andhra Pradesh,VISAKHAPATANAM,Maize,Kharif     
Andhra Pradesh,VIZIANAGARAM,Maize,Kharif     
Andhra Pradesh,WARANGAL,Maize,Kharif     
Andhra Pradesh,WEST GODAVARI,Maize,Kharif     
Andhra Pradesh,ADILABAD,Masoor,Kharif     
Andhra Pradesh,ANANTAPUR,Masoor,Kharif     
Andhra Pradesh,CHITTOOR,Masoor,Kharif     
Andhra Pradesh,EAST GODAVARI,Masoor,Kharif     
Andhra Pradesh,GUNTUR,Masoor,Kharif     
Andhra Pradesh,KADAPA,Masoor,Kharif     
Andhra Pradesh,KARIMNAGAR,Masoor,Kharif     
Andhra Pradesh,KHAMMAM,Masoor,Kharif     
Andhra Pradesh,KRISHNA,Masoor,Kharif     
Andhra Pradesh,KURNOOL,Masoor,Kharif     
Andhra Pradesh,MAHBUBNAGAR,Masoor,Kharif     
Andhra Pradesh,MEDAK,Masoor,Kharif     
Andhra Pradesh,NALGONDA,Masoor,Kharif     
Andhra Pradesh,NIZAMABAD,Masoor,Kharif     
Andhra Pradesh,PRAKASAM,Masoor,Kharif     
Andhra Pradesh,RANGAREDDI,Masoor,Kharif     
Andhra Pradesh,SPSR NELLORE,Masoor,Kharif     
Andhra Pradesh,SRIKAKULAM,Masoor,Kharif     
Andhra Pradesh,VISAKHAPATANAM,Masoor,Kharif     
Andhra Pradesh,VIZIANAGARAM,Masoor,Kharif     
Andhra Pradesh,WARANGAL,Masoor,Kharif     
Andhra Pradesh,WEST GODAVARI,Masoor,Kharif     
Andhra Pradesh,ADILABAD,Mesta,Kharif     
Andhra Pradesh,ANANTAPUR,Mesta,Kharif     
Andhra Pradesh,CHITTOOR,Mesta,Kharif     
Andhra Pradesh,EAST GODAVARI,Mesta,Kharif     
Andhra Pradesh,GUNTUR,Mesta,Kharif     
Andhra Pradesh,KADAPA,Mesta,Kharif     
Andhra Pradesh,KHAMMAM,Mesta,Kharif     
Andhra Pradesh,KRISHNA,Mesta,Kharif     
Andhra Pradesh,KURNOOL,Mesta,Kharif     
Andhra Pradesh,MAHBUBNAGAR,Mesta,Kharif     
Andhra Pradesh,MEDAK,Mesta,Kharif     
Andhra Pradesh,NALGONDA,Mesta,Kharif     
Andhra Pradesh,NIZAMABAD,Mesta,Kharif     
Andhra Pradesh,PRAKASAM,Mesta,Kharif     
Andhra Pradesh,RANGAREDDI,Mesta,Kharif     
Andhra Pradesh,SPSR NELLORE,Mesta,Kharif     
Andhra Pradesh,SRIKAKULAM,Mesta,Kharif     
Andhra Pradesh,VISAKHAPATANAM,Mesta,Kharif     
Andhra Pradesh,VIZIANAGARAM,Mesta,Kharif     
Andhra Pradesh,WARANGAL,Mesta,Kharif     
Andhra Pradesh,ADILABAD,Moong(Green Gram),Kharif     
Andhra Pradesh,ANANTAPUR,Moong(Green Gram),Kharif     
Andhra Pradesh,CHITTOOR,Moong(Green Gram),Kharif     
Andhra Pradesh,EAST GODAVARI,Moong(Green Gram),Rabi       
Andhra Pradesh,GUNTUR,Moong(Green Gram),Kharif     
Andhra Pradesh,KADAPA,Moong(Green Gram),Kharif     
Andhra Pradesh,KARIMNAGAR,Moong(Green Gram),Kharif     
Andhra Pradesh,KHAMMAM,Moong(Green Gram),Kharif     
Andhra Pradesh,KRISHNA,Moong(Green Gram),Kharif     
Andhra Pradesh,KURNOOL,Moong(Green Gram),Kharif     
Andhra Pradesh,MAHBUBNAGAR,Moong(Green Gram),Kharif     
Andhra Pradesh,MEDAK,Moong(Green Gram),Kharif     
Andhra Pradesh,NALGONDA,Moong(Green Gram),Kharif     
Andhra Pradesh,NIZAMABAD,Moong(Green Gram),Kharif     
Andhra Pradesh,PRAKASAM,Moong(Green Gram),Kharif     
Andhra Pradesh,RANGAREDDI,Moong(Green Gram),Kharif     
Andhra Pradesh,SPSR NELLORE,Moong(Green Gram),Kharif     
Andhra Pradesh,SRIKAKULAM,Moong(Green Gram),Kharif     
Andhra Pradesh,VISAKHAPATANAM,Moong(Green Gram),Kharif     
Andhra Pradesh,VIZIANAGARAM,Moong(Green Gram),Kharif     
Andhra Pradesh,WARANGAL,Moong(Green Gram),Kharif     
Andhra Pradesh,WEST GODAVARI,Moong(Green Gram),Rabi       
Andhra Pradesh,EAST GODAVARI,Niger seed,Kharif     
Andhra Pradesh,KURNOOL,Niger seed,Kharif     
Andhra Pradesh,MEDAK,Niger seed,Kharif     
Andhra Pradesh,PRAKASAM,Niger seed,Kharif     
Andhra Pradesh,RANGAREDDI,Niger seed,Kharif     
Andhra Pradesh,VISAKHAPATANAM,Niger seed,Kharif     
Andhra Pradesh,VIZIANAGARAM,Niger seed,Kharif     
Andhra Pradesh,ANANTAPUR,Oilseeds total,Kharif     
Andhra Pradesh,CHITTOOR,Oilseeds total,Kharif     
Andhra Pradesh,EAST GODAVARI,Oilseeds total,Kharif     
Andhra Pradesh,GUNTUR,Oilseeds total,Kharif     
Andhra Pradesh,KADAPA,Oilseeds total,Kharif     
Andhra Pradesh,KRISHNA,Oilseeds total,Kharif     
Andhra Pradesh,KURNOOL,Oilseeds total,Kharif     
Andhra Pradesh,PRAKASAM,Oilseeds total,Kharif     
Andhra Pradesh,SPSR NELLORE,Oilseeds total,Kharif     
Andhra Pradesh,SRIKAKULAM,Oilseeds total,Kharif     
Andhra Pradesh,VISAKHAPATANAM,Oilseeds total,Kharif     
Andhra Pradesh,VIZIANAGARAM,Oilseeds total,Kharif     
Andhra Pradesh,WEST GODAVARI,Oilseeds total,Kharif     
Andhra Pradesh,ADILABAD,Onion,Whole Year 
Andhra Pradesh,ANANTAPUR,Onion,Whole Year 
Andhra Pradesh,CHITTOOR,Onion,Whole Year 
Andhra Pradesh,EAST GODAVARI,Onion,Whole Year 
Andhra Pradesh,GUNTUR,Onion,Whole Year 
Andhra Pradesh,KADAPA,Onion,Whole Year 
Andhra Pradesh,KARIMNAGAR,Onion,Whole Year 
Andhra Pradesh,KHAMMAM,Onion,Rabi       
Andhra Pradesh,KRISHNA,Onion,Whole Year 
Andhra Pradesh,KURNOOL,Onion,Whole Year 
Andhra Pradesh,MAHBUBNAGAR,Onion,Whole Year 
Andhra Pradesh,MEDAK,Onion,Whole Year 
Andhra Pradesh,NALGONDA,Onion,Rabi       
Andhra Pradesh,NIZAMABAD,Onion,Whole Year 
Andhra Pradesh,PRAKASAM,Onion,Whole Year 
Andhra Pradesh,RANGAREDDI,Onion,Whole Year 
Andhra Pradesh,SPSR NELLORE,Onion,Whole Year 
Andhra Pradesh,SRIKAKULAM,Onion,Whole Year 
Andhra Pradesh,VISAKHAPATANAM,Onion,Whole Year 
Andhra Pradesh,VIZIANAGARAM,Onion,Whole Year 
Andhra Pradesh,WARANGAL,Onion,Whole Year 
Andhra Pradesh,WEST GODAVARI,Onion,Rabi       
Andhra Pradesh,ADILABAD,Other  Rabi pulses,Rabi       
Andhra Pradesh,ANANTAPUR,Other  Rabi pulses,Rabi       
Andhra Pradesh,CHITTOOR,Other  Rabi pulses,Rabi       
Andhra Pradesh,EAST GODAVARI,Other  Rabi pulses,Rabi       
Andhra Pradesh,KADAPA,Other  Rabi pulses,Rabi       
Andhra Pradesh,KARIMNAGAR,Other  Rabi pulses,Rabi       
Andhra Pradesh,KHAMMAM,Other  Rabi pulses,Rabi       
Andhra Pradesh,KRISHNA,Other  Rabi pulses,Rabi       
Andhra Pradesh,KURNOOL,Other  Rabi pulses,Rabi       
Andhra Pradesh,MAHBUBNAGAR,Other  Rabi pulses,Rabi       
Andhra Pradesh,MEDAK,Other  Rabi pulses,Rabi       
Andhra Pradesh,NALGONDA,Other  Rabi pulses,Rabi       
Andhra Pradesh,NIZAMABAD,Other  Rabi pulses,Rabi       
Andhra Pradesh,PRAKASAM,Other  Rabi pulses,Rabi       
Andhra Pradesh,SPSR NELLORE,Other  Rabi pulses,Rabi       
Andhra Pradesh,SRIKAKULAM,Other  Rabi pulses,Rabi       
Andhra Pradesh,VISAKHAPATANAM,Other  Rabi pulses,Rabi       
Andhra Pradesh,VIZIANAGARAM,Other  Rabi pulses,Rabi       
Andhra Pradesh,WARANGAL,Other  Rabi pulses,Rabi       
Andhra Pradesh,WEST GODAVARI,Other  Rabi pulses,Rabi       
Andhra Pradesh,ADILABAD,Other Kharif pulses,Kharif     
Andhra Pradesh,ANANTAPUR,Other Kharif pulses,Kharif     
Andhra Pradesh,CHITTOOR,Other Kharif pulses,Kharif     
Andhra Pradesh,EAST GODAVARI,Other Kharif pulses,Kharif     
Andhra Pradesh,KADAPA,Other Kharif pulses,Kharif     
Andhra Pradesh,KARIMNAGAR,Other Kharif pulses,Kharif     
Andhra Pradesh,KHAMMAM,Other Kharif pulses,Kharif     
Andhra Pradesh,KRISHNA,Other Kharif pulses,Kharif     
Andhra Pradesh,KURNOOL,Other Kharif pulses,Kharif     
Andhra Pradesh,MAHBUBNAGAR,Other Kharif pulses,Kharif     
Andhra Pradesh,MEDAK,Other Kharif pulses,Kharif     
Andhra Pradesh,NALGONDA,Other Kharif pulses,Kharif     
Andhra Pradesh,NIZAMABAD,Other Kharif pulses,Kharif     
Andhra Pradesh,PRAKASAM,Other Kharif pulses,Kharif     
Andhra Pradesh,RANGAREDDI,Other Kharif pulses,Kharif     
Andhra Pradesh,SPSR NELLORE,Other Kharif pulses,Kharif     
Andhra Pradesh,SRIKAKULAM,Other Kharif pulses,Kharif     
Andhra Pradesh,VISAKHAPATANAM,Other Kharif pulses,Kharif     
Andhra Pradesh,VIZIANAGARAM,Other Kharif pulses,Kharif     
Andhra Pradesh,WARANGAL,Other Kharif pulses,Kharif     
Andhra Pradesh,WEST GODAVARI,Other Kharif pulses,Kharif     
Andhra Pradesh,ADILABAD,other oilseeds,Rabi       
Andhra Pradesh,ANANTAPUR,other oilseeds,Kharif     
Andhra Pradesh,CHITTOOR,other oilseeds,Rabi       
Andhra Pradesh,EAST GODAVARI,other oilseeds,Rabi       
Andhra Pradesh,GUNTUR,other oilseeds,Rabi       
Andhra Pradesh,KADAPA,other oilseeds,Rabi       
Andhra Pradesh,KARIMNAGAR,other oilseeds,Rabi       
Andhra Pradesh,KHAMMAM,other oilseeds,Rabi       
Andhra Pradesh,KRISHNA,other oilseeds,Rabi       
Andhra Pradesh,KURNOOL,other oilseeds,Rabi       
Andhra Pradesh,MAHBUBNAGAR,other oilseeds,Rabi       
Andhra Pradesh,MEDAK,other oilseeds,Rabi       
Andhra Pradesh,NIZAMABAD,other oilseeds,Rabi       
Andhra Pradesh,PRAKASAM,other oilseeds,Rabi       
Andhra Pradesh,RANGAREDDI,other oilseeds,Rabi       
Andhra Pradesh,SPSR NELLORE,other oilseeds,Rabi       
Andhra Pradesh,SRIKAKULAM,other oilseeds,Rabi       
Andhra Pradesh,VISAKHAPATANAM,other oilseeds,Rabi       
Andhra Pradesh,VIZIANAGARAM,other oilseeds,Rabi       
Andhra Pradesh,WARANGAL,other oilseeds,Rabi       
Andhra Pradesh,WEST GODAVARI,other oilseeds,Rabi       
Andhra Pradesh,ADILABAD,Potato,Whole Year 
Andhra Pradesh,ANANTAPUR,Potato,Whole Year 
Andhra Pradesh,CHITTOOR,Potato,Whole Year 
Andhra Pradesh,GUNTUR,Potato,Rabi       
Andhra Pradesh,KADAPA,Potato,Whole Year 
Andhra Pradesh,KURNOOL,Potato,Whole Year 
Andhra Pradesh,MAHBUBNAGAR,Potato,Whole Year 
Andhra Pradesh,MEDAK,Potato,Whole Year 
Andhra Pradesh,NIZAMABAD,Potato,Whole Year 
Andhra Pradesh,RANGAREDDI,Potato,Whole Year 
Andhra Pradesh,SPSR NELLORE,Potato,Rabi       
Andhra Pradesh,SRIKAKULAM,Potato,Whole Year 
Andhra Pradesh,VISAKHAPATANAM,Potato,Whole Year 
Andhra Pradesh,VIZIANAGARAM,Potato,Whole Year 
Andhra Pradesh,ADILABAD,Ragi,Kharif     
Andhra Pradesh,ANANTAPUR,Ragi,Kharif     
Andhra Pradesh,CHITTOOR,Ragi,Kharif     
Andhra Pradesh,EAST GODAVARI,Ragi,Kharif     
Andhra Pradesh,GUNTUR,Ragi,Rabi       
Andhra Pradesh,KADAPA,Ragi,Kharif     
Andhra Pradesh,KHAMMAM,Ragi,Kharif     
Andhra Pradesh,KRISHNA,Ragi,Rabi       
Andhra Pradesh,KURNOOL,Ragi,Kharif     
Andhra Pradesh,MAHBUBNAGAR,Ragi,Kharif     
Andhra Pradesh,MEDAK,Ragi,Kharif     
Andhra Pradesh,NALGONDA,Ragi,Rabi       
Andhra Pradesh,NIZAMABAD,Ragi,Kharif     
Andhra Pradesh,PRAKASAM,Ragi,Rabi       
Andhra Pradesh,RANGAREDDI,Ragi,Kharif     
Andhra Pradesh,SPSR NELLORE,Ragi,Kharif     
Andhra Pradesh,SRIKAKULAM,Ragi,Kharif     
Andhra Pradesh,VISAKHAPATANAM,Ragi,Kharif     
Andhra Pradesh,VIZIANAGARAM,Ragi,Kharif     
Andhra Pradesh,WEST GODAVARI,Ragi,Rabi       
Andhra Pradesh,ADILABAD,Rapeseed &Mustard,Rabi       
Andhra Pradesh,ANANTAPUR,Rapeseed &Mustard,Rabi       
Andhra Pradesh,CHITTOOR,Rapeseed &Mustard,Rabi       
Andhra Pradesh,EAST GODAVARI,Rapeseed &Mustard,Rabi       
Andhra Pradesh,GUNTUR,Rapeseed &Mustard,Rabi       
Andhra Pradesh,KADAPA,Rapeseed &Mustard,Rabi       
Andhra Pradesh,KARIMNAGAR,Rapeseed &Mustard,Rabi       
Andhra Pradesh,KHAMMAM,Rapeseed &Mustard,Rabi       
Andhra Pradesh,KRISHNA,Rapeseed &Mustard,Rabi       
Andhra Pradesh,KURNOOL,Rapeseed &Mustard,Rabi       
Andhra Pradesh,MAHBUBNAGAR,Rapeseed &Mustard,Rabi       
Andhra Pradesh,MEDAK,Rapeseed &Mustard,Rabi       
Andhra Pradesh,NIZAMABAD,Rapeseed &Mustard,Rabi       
Andhra Pradesh,PRAKASAM,Rapeseed &Mustard,Rabi       
Andhra Pradesh,RANGAREDDI,Rapeseed &Mustard,Rabi       
Andhra Pradesh,SPSR NELLORE,Rapeseed &Mustard,Rabi       
Andhra Pradesh,VISAKHAPATANAM,Rapeseed &Mustard,Rabi       
Andhra Pradesh,VIZIANAGARAM,Rapeseed &Mustard,Rabi       
Andhra Pradesh,WEST GODAVARI,Rapeseed &Mustard,Rabi       
Andhra Pradesh,ADILABAD,Rice,Kharif     
Andhra Pradesh,ANANTAPUR,Rice,Kharif     
Andhra Pradesh,CHITTOOR,Rice,Kharif     
Andhra Pradesh,EAST GODAVARI,Rice,Kharif     
Andhra Pradesh,GUNTUR,Rice,Kharif     
Andhra Pradesh,HYDERABAD,Rice,Kharif     
Andhra Pradesh,KADAPA,Rice,Kharif     
Andhra Pradesh,KARIMNAGAR,Rice,Kharif     
Andhra Pradesh,KHAMMAM,Rice,Kharif     
Andhra Pradesh,KRISHNA,Rice,Kharif     
Andhra Pradesh,KURNOOL,Rice,Kharif     
Andhra Pradesh,MAHBUBNAGAR,Rice,Kharif     
Andhra Pradesh,MEDAK,Rice,Kharif     
Andhra Pradesh,NALGONDA,Rice,Kharif     
Andhra Pradesh,NIZAMABAD,Rice,Kharif     
Andhra Pradesh,PRAKASAM,Rice,Kharif     
Andhra Pradesh,RANGAREDDI,Rice,Kharif     
Andhra Pradesh,SPSR NELLORE,Rice,Kharif     
Andhra Pradesh,SRIKAKULAM,Rice,Kharif     
Andhra Pradesh,VISAKHAPATANAM,Rice,Kharif     
Andhra Pradesh,VIZIANAGARAM,Rice,Kharif     
Andhra Pradesh,WARANGAL,Rice,Kharif     
Andhra Pradesh,WEST GODAVARI,Rice,Kharif     
Andhra Pradesh,ADILABAD,Safflower,Rabi       
Andhra Pradesh,ANANTAPUR,Safflower,Rabi       
Andhra Pradesh,EAST GODAVARI,Safflower,Rabi       
Andhra Pradesh,GUNTUR,Safflower,Rabi       
Andhra Pradesh,KADAPA,Safflower,Rabi       
Andhra Pradesh,KARIMNAGAR,Safflower,Rabi       
Andhra Pradesh,KHAMMAM,Safflower,Rabi       
Andhra Pradesh,KRISHNA,Safflower,Rabi       
Andhra Pradesh,KURNOOL,Safflower,Rabi       
Andhra Pradesh,MAHBUBNAGAR,Safflower,Rabi       
Andhra Pradesh,MEDAK,Safflower,Rabi       
Andhra Pradesh,NALGONDA,Safflower,Rabi       
Andhra Pradesh,NIZAMABAD,Safflower,Rabi       
Andhra Pradesh,PRAKASAM,Safflower,Rabi       
Andhra Pradesh,RANGAREDDI,Safflower,Rabi       
Andhra Pradesh,SPSR NELLORE,Safflower,Rabi       
Andhra Pradesh,SRIKAKULAM,Safflower,Rabi       
Andhra Pradesh,VISAKHAPATANAM,Safflower,Rabi       
Andhra Pradesh,WARANGAL,Safflower,Rabi       
Andhra Pradesh,WEST GODAVARI,Safflower,Rabi       
Andhra Pradesh,EAST GODAVARI,Sannhamp,Whole Year 
Andhra Pradesh,GUNTUR,Sannhamp,Whole Year 
Andhra Pradesh,KURNOOL,Sannhamp,Whole Year 
Andhra Pradesh,PRAKASAM,Sannhamp,Whole Year 
Andhra Pradesh,SPSR NELLORE,Sannhamp,Rabi       
Andhra Pradesh,SRIKAKULAM,Sannhamp,Rabi       
Andhra Pradesh,VISAKHAPATANAM,Sannhamp,Kharif     
Andhra Pradesh,VIZIANAGARAM,Sannhamp,Whole Year 
Andhra Pradesh,ADILABAD,Sesamum,Kharif     
Andhra Pradesh,ANANTAPUR,Sesamum,Kharif     
Andhra Pradesh,CHITTOOR,Sesamum,Kharif     
Andhra Pradesh,EAST GODAVARI,Sesamum,Kharif     
Andhra Pradesh,GUNTUR,Sesamum,Kharif     
Andhra Pradesh,KADAPA,Sesamum,Kharif     
Andhra Pradesh,KARIMNAGAR,Sesamum,Kharif     
Andhra Pradesh,KHAMMAM,Sesamum,Kharif     
Andhra Pradesh,KRISHNA,Sesamum,Kharif     
Andhra Pradesh,KURNOOL,Sesamum,Kharif     
Andhra Pradesh,MAHBUBNAGAR,Sesamum,Rabi       
Andhra Pradesh,MEDAK,Sesamum,Rabi       
Andhra Pradesh,NALGONDA,Sesamum,Rabi       
Andhra Pradesh,NIZAMABAD,Sesamum,Kharif     
Andhra Pradesh,PRAKASAM,Sesamum,Kharif     
Andhra Pradesh,RANGAREDDI,Sesamum,Rabi       
Andhra Pradesh,SPSR NELLORE,Sesamum,Kharif     
Andhra Pradesh,SRIKAKULAM,Sesamum,Kharif     
Andhra Pradesh,VISAKHAPATANAM,Sesamum,Kharif     
Andhra Pradesh,VIZIANAGARAM,Sesamum,Kharif     
Andhra Pradesh,WARANGAL,Sesamum,Rabi       
Andhra Pradesh,WEST GODAVARI,Sesamum,Kharif     
Andhra Pradesh,ADILABAD,Small millets,Kharif     
Andhra Pradesh,ANANTAPUR,Small millets,Kharif     
Andhra Pradesh,CHITTOOR,Small millets,Kharif     
Andhra Pradesh,EAST GODAVARI,Small millets,Kharif     
Andhra Pradesh,GUNTUR,Small millets,Kharif     
Andhra Pradesh,KADAPA,Small millets,Kharif     
Andhra Pradesh,KHAMMAM,Small millets,Kharif     
Andhra Pradesh,KURNOOL,Small millets,Kharif     
Andhra Pradesh,MAHBUBNAGAR,Small millets,Kharif     
Andhra Pradesh,MEDAK,Small millets,Kharif     
Andhra Pradesh,NALGONDA,Small millets,Kharif     
Andhra Pradesh,NIZAMABAD,Small millets,Kharif     
Andhra Pradesh,PRAKASAM,Small millets,Kharif     
Andhra Pradesh,RANGAREDDI,Small millets,Rabi       
Andhra Pradesh,SPSR NELLORE,Small millets,Kharif     
Andhra Pradesh,SRIKAKULAM,Small millets,Kharif     
Andhra Pradesh,VISAKHAPATANAM,Small millets,Kharif     
Andhra Pradesh,VIZIANAGARAM,Small millets,Kharif     
Andhra Pradesh,WEST GODAVARI,Small millets,Kharif     
Andhra Pradesh,ADILABAD,Soyabean,Kharif     
Andhra Pradesh,ANANTAPUR,Soyabean,Kharif     
Andhra Pradesh,CHITTOOR,Soyabean,Kharif     
Andhra Pradesh,EAST GODAVARI,Soyabean,Kharif     
Andhra Pradesh,GUNTUR,Soyabean,Kharif     
Andhra Pradesh,KADAPA,Soyabean,Kharif     
Andhra Pradesh,KARIMNAGAR,Soyabean,Kharif     
Andhra Pradesh,KHAMMAM,Soyabean,Kharif     
Andhra Pradesh,KRISHNA,Soyabean,Kharif     
Andhra Pradesh,KURNOOL,Soyabean,Kharif     
Andhra Pradesh,MAHBUBNAGAR,Soyabean,Kharif     
Andhra Pradesh,MEDAK,Soyabean,Kharif     
Andhra Pradesh,NALGONDA,Soyabean,Kharif     
Andhra Pradesh,NIZAMABAD,Soyabean,Kharif     
Andhra Pradesh,PRAKASAM,Soyabean,Kharif     
Andhra Pradesh,RANGAREDDI,Soyabean,Kharif     
Andhra Pradesh,SPSR NELLORE,Soyabean,Rabi       
Andhra Pradesh,WARANGAL,Soyabean,Kharif     
Andhra Pradesh,WEST GODAVARI,Soyabean,Kharif     
Andhra Pradesh,ADILABAD,Sugarcane,Kharif     
Andhra Pradesh,ANANTAPUR,Sugarcane,Kharif     
Andhra Pradesh,CHITTOOR,Sugarcane,Kharif     
Andhra Pradesh,EAST GODAVARI,Sugarcane,Kharif     
Andhra Pradesh,GUNTUR,Sugarcane,Kharif     
Andhra Pradesh,KADAPA,Sugarcane,Kharif     
Andhra Pradesh,KARIMNAGAR,Sugarcane,Kharif     
Andhra Pradesh,KHAMMAM,Sugarcane,Kharif     
Andhra Pradesh,KRISHNA,Sugarcane,Kharif     
Andhra Pradesh,KURNOOL,Sugarcane,Kharif     
Andhra Pradesh,MAHBUBNAGAR,Sugarcane,Whole Year 
Andhra Pradesh,MEDAK,Sugarcane,Kharif     
Andhra Pradesh,NALGONDA,Sugarcane,Kharif     
Andhra Pradesh,NIZAMABAD,Sugarcane,Kharif     
Andhra Pradesh,PRAKASAM,Sugarcane,Kharif     
Andhra Pradesh,RANGAREDDI,Sugarcane,Kharif     
Andhra Pradesh,SPSR NELLORE,Sugarcane,Kharif     
Andhra Pradesh,SRIKAKULAM,Sugarcane,Kharif     
Andhra Pradesh,VISAKHAPATANAM,Sugarcane,Kharif     
Andhra Pradesh,VIZIANAGARAM,Sugarcane,Kharif     
Andhra Pradesh,WEST GODAVARI,Sugarcane,Kharif     
Andhra Pradesh,ADILABAD,Sunflower,Kharif     
Andhra Pradesh,ANANTAPUR,Sunflower,Kharif     
Andhra Pradesh,CHITTOOR,Sunflower,Kharif     
Andhra Pradesh,EAST GODAVARI,Sunflower,Kharif     
Andhra Pradesh,GUNTUR,Sunflower,Kharif     
Andhra Pradesh,KADAPA,Sunflower,Kharif     
Andhra Pradesh,KARIMNAGAR,Sunflower,Kharif     
Andhra Pradesh,KHAMMAM,Sunflower,Kharif     
Andhra Pradesh,KRISHNA,Sunflower,Kharif     
Andhra Pradesh,KURNOOL,Sunflower,Kharif     
Andhra Pradesh,MAHBUBNAGAR,Sunflower,Kharif     
Andhra Pradesh,MEDAK,Sunflower,Kharif     
Andhra Pradesh,NALGONDA,Sunflower,Kharif     
Andhra Pradesh,NIZAMABAD,Sunflower,Kharif     
Andhra Pradesh,PRAKASAM,Sunflower,Kharif     
Andhra Pradesh,RANGAREDDI,Sunflower,Kharif     
Andhra Pradesh,SPSR NELLORE,Sunflower,Kharif     
Andhra Pradesh,SRIKAKULAM,Sunflower,Kharif     
Andhra Pradesh,VISAKHAPATANAM,Sunflower,Kharif     
Andhra Pradesh,VIZIANAGARAM,Sunflower,Kharif     
Andhra Pradesh,WARANGAL,Sunflower,Kharif     
Andhra Pradesh,WEST GODAVARI,Sunflower,Kharif     
Andhra Pradesh,ADILABAD,Sweet potato,Whole Year 
Andhra Pradesh,ANANTAPUR,Sweet potato,Whole Year 
Andhra Pradesh,CHITTOOR,Sweet potato,Whole Year 
Andhra Pradesh,EAST GODAVARI,Sweet potato,Whole Year 
Andhra Pradesh,GUNTUR,Sweet potato,Whole Year 
Andhra Pradesh,KADAPA,Sweet potato,Whole Year 
Andhra Pradesh,KARIMNAGAR,Sweet potato,Whole Year 
Andhra Pradesh,KHAMMAM,Sweet potato,Whole Year 
Andhra Pradesh,KRISHNA,Sweet potato,Whole Year 
Andhra Pradesh,KURNOOL,Sweet potato,Whole Year 
Andhra Pradesh,MAHBUBNAGAR,Sweet potato,Whole Year 
Andhra Pradesh,PRAKASAM,Sweet potato,Whole Year 
Andhra Pradesh,RANGAREDDI,Sweet potato,Whole Year 
Andhra Pradesh,SPSR NELLORE,Sweet potato,Whole Year 
Andhra Pradesh,SRIKAKULAM,Sweet potato,Whole Year 
Andhra Pradesh,VISAKHAPATANAM,Sweet potato,Whole Year 
Andhra Pradesh,VIZIANAGARAM,Sweet potato,Whole Year 
Andhra Pradesh,WARANGAL,Sweet potato,Whole Year 
Andhra Pradesh,WEST GODAVARI,Sweet potato,Whole Year 
Andhra Pradesh,CHITTOOR,Tapioca,Whole Year 
Andhra Pradesh,EAST GODAVARI,Tapioca,Whole Year 
Andhra Pradesh,GUNTUR,Tapioca,Whole Year 
Andhra Pradesh,KHAMMAM,Tapioca,Whole Year 
Andhra Pradesh,KRISHNA,Tapioca,Whole Year 
Andhra Pradesh,MAHBUBNAGAR,Tapioca,Whole Year 
Andhra Pradesh,RANGAREDDI,Tapioca,Whole Year 
Andhra Pradesh,SPSR NELLORE,Tapioca,Whole Year 
Andhra Pradesh,SRIKAKULAM,Tapioca,Whole Year 
Andhra Pradesh,VISAKHAPATANAM,Tapioca,Whole Year 
Andhra Pradesh,VIZIANAGARAM,Tapioca,Whole Year 
Andhra Pradesh,WEST GODAVARI,Tapioca,Whole Year 
Andhra Pradesh,ADILABAD,Tobacco,Whole Year 
Andhra Pradesh,ANANTAPUR,Tobacco,Kharif     
Andhra Pradesh,CHITTOOR,Tobacco,Whole Year 
Andhra Pradesh,EAST GODAVARI,Tobacco,Kharif     
Andhra Pradesh,GUNTUR,Tobacco,Kharif     
Andhra Pradesh,KADAPA,Tobacco,Kharif     
Andhra Pradesh,KARIMNAGAR,Tobacco,Kharif     
Andhra Pradesh,KHAMMAM,Tobacco,Kharif     
Andhra Pradesh,KRISHNA,Tobacco,Kharif     
Andhra Pradesh,KURNOOL,Tobacco,Kharif     
Andhra Pradesh,MAHBUBNAGAR,Tobacco,Kharif     
Andhra Pradesh,MEDAK,Tobacco,Kharif     
Andhra Pradesh,NALGONDA,Tobacco,Kharif     
Andhra Pradesh,NIZAMABAD,Tobacco,Kharif     
Andhra Pradesh,PRAKASAM,Tobacco,Kharif     
Andhra Pradesh,SPSR NELLORE,Tobacco,Kharif     
Andhra Pradesh,SRIKAKULAM,Tobacco,Whole Year 
Andhra Pradesh,VISAKHAPATANAM,Tobacco,Kharif     
Andhra Pradesh,VIZIANAGARAM,Tobacco,Kharif     
Andhra Pradesh,WARANGAL,Tobacco,Kharif     
Andhra Pradesh,WEST GODAVARI,Tobacco,Kharif     
Andhra Pradesh,RANGAREDDI,Tobacco,Whole Year 
Andhra Pradesh,ADILABAD,Urad,Kharif     
Andhra Pradesh,ANANTAPUR,Urad,Kharif     
Andhra Pradesh,CHITTOOR,Urad,Kharif     
Andhra Pradesh,EAST GODAVARI,Urad,Rabi       
Andhra Pradesh,GUNTUR,Urad,Kharif     
Andhra Pradesh,KADAPA,Urad,Rabi       
Andhra Pradesh,KARIMNAGAR,Urad,Rabi       
Andhra Pradesh,KHAMMAM,Urad,Kharif     
Andhra Pradesh,KRISHNA,Urad,Kharif     
Andhra Pradesh,KURNOOL,Urad,Kharif     
Andhra Pradesh,MAHBUBNAGAR,Urad,Kharif     
Andhra Pradesh,MEDAK,Urad,Kharif     
Andhra Pradesh,NALGONDA,Urad,Rabi       
Andhra Pradesh,NIZAMABAD,Urad,Kharif     
Andhra Pradesh,PRAKASAM,Urad,Kharif     
Andhra Pradesh,RANGAREDDI,Urad,Kharif     
Andhra Pradesh,SPSR NELLORE,Urad,Rabi       
Andhra Pradesh,SRIKAKULAM,Urad,Rabi       
Andhra Pradesh,VISAKHAPATANAM,Urad,Kharif     
Andhra Pradesh,VIZIANAGARAM,Urad,Kharif     
Andhra Pradesh,WARANGAL,Urad,Rabi       
Andhra Pradesh,WEST GODAVARI,Urad,Rabi       
Andhra Pradesh,ADILABAD,Wheat,Rabi       
Andhra Pradesh,ANANTAPUR,Wheat,Rabi       
Andhra Pradesh,CHITTOOR,Wheat,Rabi       
Andhra Pradesh,GUNTUR,Wheat,Rabi       
Andhra Pradesh,KADAPA,Wheat,Rabi       
Andhra Pradesh,KARIMNAGAR,Wheat,Rabi       
Andhra Pradesh,KURNOOL,Wheat,Rabi       
Andhra Pradesh,MAHBUBNAGAR,Wheat,Rabi       
Andhra Pradesh,MEDAK,Wheat,Rabi       
Andhra Pradesh,NIZAMABAD,Wheat,Rabi       
Andhra Pradesh,PRAKASAM,Wheat,Rabi       
Andhra Pradesh,RANGAREDDI,Wheat,Rabi       
Andhra Pradesh,SRIKAKULAM,Wheat,Rabi       
Andhra Pradesh,VIZIANAGARAM,Wheat,Kharif     
Andhra Pradesh,WARANGAL,Wheat,Rabi       
Andhra Pradesh,WEST GODAVARI,Wheat,Kharif     
Arunachal Pradesh,DIBANG VALLEY,Arhar/Tur,Kharif     
Arunachal Pradesh,EAST KAMENG,Arhar/Tur,Kharif     
Arunachal Pradesh,EAST SIANG,Arhar/Tur,Kharif     
Arunachal Pradesh,KAMLE,Arhar/Tur,Kharif     
Arunachal Pradesh,LEPARADA,Arhar/Tur,Kharif     
Arunachal Pradesh,LOHIT,Arhar/Tur,Kharif     
Arunachal Pradesh,LONGDING,Arhar/Tur,Kharif     
Arunachal Pradesh,LOWER DIBANG VALLEY,Arhar/Tur,Kharif     
Arunachal Pradesh,LOWER SIANG,Arhar/Tur,Kharif     
Arunachal Pradesh,LOWER SUBANSIRI,Arhar/Tur,Kharif     
Arunachal Pradesh,NAMSAI,Arhar/Tur,Kharif     
Arunachal Pradesh,PAKKE KESSANG,Arhar/Tur,Kharif     
Arunachal Pradesh,PAPUM PARE,Arhar/Tur,Kharif     
Arunachal Pradesh,SIANG,Arhar/Tur,Kharif     
Arunachal Pradesh,TIRAP,Arhar/Tur,Kharif     
Arunachal Pradesh,UPPER SIANG,Arhar/Tur,Kharif     
Arunachal Pradesh,UPPER SUBANSIRI,Arhar/Tur,Kharif     
Arunachal Pradesh,WEST SIANG,Arhar/Tur,Kharif     
Arunachal Pradesh,ANJAW,Dry chillies,Whole Year 
Arunachal Pradesh,CHANGLANG,Dry chillies,Whole Year 
Arunachal Pradesh,DIBANG VALLEY,Dry chillies,Whole Year 
Arunachal Pradesh,EAST KAMENG,Dry chillies,Whole Year 
Arunachal Pradesh,EAST SIANG,Dry chillies,Whole Year 
Arunachal Pradesh,KAMLE,Dry chillies,Whole Year 
Arunachal Pradesh,KRA DAADI,Dry chillies,Whole Year 
Arunachal Pradesh,KURUNG KUMEY,Dry chillies,Whole Year 
Arunachal Pradesh,LEPARADA,Dry chillies,Whole Year 
Arunachal Pradesh,LOHIT,Dry chillies,Whole Year 
Arunachal Pradesh,LONGDING,Dry chillies,Whole Year 
Arunachal Pradesh,LOWER DIBANG VALLEY,Dry chillies,Whole Year 
Arunachal Pradesh,LOWER SIANG,Dry chillies,Whole Year 
Arunachal Pradesh,LOWER SUBANSIRI,Dry chillies,Whole Year 
Arunachal Pradesh,NAMSAI,Dry chillies,Whole Year 
Arunachal Pradesh,PAKKE KESSANG,Dry chillies,Whole Year 
Arunachal Pradesh,PAPUM PARE,Dry chillies,Whole Year 
Arunachal Pradesh,SHI YOMI,Dry chillies,Whole Year 
Arunachal Pradesh,SIANG,Dry chillies,Whole Year 
Arunachal Pradesh,TAWANG,Dry chillies,Whole Year 
Arunachal Pradesh,TIRAP,Dry chillies,Whole Year 
Arunachal Pradesh,UPPER SIANG,Dry chillies,Whole Year 
Arunachal Pradesh,UPPER SUBANSIRI,Dry chillies,Whole Year 
Arunachal Pradesh,WEST KAMENG,Dry chillies,Whole Year 
Arunachal Pradesh,WEST SIANG,Dry chillies,Whole Year 
Arunachal Pradesh,ANJAW,Ginger,Whole Year 
Arunachal Pradesh,CHANGLANG,Ginger,Whole Year 
Arunachal Pradesh,DIBANG VALLEY,Ginger,Whole Year 
Arunachal Pradesh,EAST KAMENG,Ginger,Whole Year 
Arunachal Pradesh,EAST SIANG,Ginger,Whole Year 
Arunachal Pradesh,KAMLE,Ginger,Whole Year 
Arunachal Pradesh,KRA DAADI,Ginger,Whole Year 
Arunachal Pradesh,KURUNG KUMEY,Ginger,Whole Year 
Arunachal Pradesh,LEPARADA,Ginger,Whole Year 
Arunachal Pradesh,LOHIT,Ginger,Whole Year 
Arunachal Pradesh,LONGDING,Ginger,Whole Year 
Arunachal Pradesh,LOWER DIBANG VALLEY,Ginger,Whole Year 
Arunachal Pradesh,LOWER SIANG,Ginger,Whole Year 
Arunachal Pradesh,LOWER SUBANSIRI,Ginger,Whole Year 
Arunachal Pradesh,NAMSAI,Ginger,Whole Year 
Arunachal Pradesh,PAKKE KESSANG,Ginger,Whole Year 
Arunachal Pradesh,PAPUM PARE,Ginger,Whole Year 
Arunachal Pradesh,SHI YOMI,Ginger,Whole Year 
Arunachal Pradesh,SIANG,Ginger,Whole Year 
Arunachal Pradesh,TAWANG,Ginger,Whole Year 
Arunachal Pradesh,TIRAP,Ginger,Whole Year 
Arunachal Pradesh,UPPER SIANG,Ginger,Whole Year 
Arunachal Pradesh,UPPER SUBANSIRI,Ginger,Whole Year 
Arunachal Pradesh,WEST KAMENG,Ginger,Whole Year 
Arunachal Pradesh,WEST SIANG,Ginger,Whole Year 
Arunachal Pradesh,ANJAW,Groundnut,Kharif     
Arunachal Pradesh,CHANGLANG,Groundnut,Rabi       
Arunachal Pradesh,DIBANG VALLEY,Groundnut,Rabi       
Arunachal Pradesh,EAST KAMENG,Groundnut,Rabi       
Arunachal Pradesh,EAST SIANG,Groundnut,Rabi       
Arunachal Pradesh,KRA DAADI,Groundnut,Kharif     
Arunachal Pradesh,KURUNG KUMEY,Groundnut,Kharif     
Arunachal Pradesh,LOHIT,Groundnut,Rabi       
Arunachal Pradesh,LOWER DIBANG VALLEY,Groundnut,Kharif     
Arunachal Pradesh,LOWER SUBANSIRI,Groundnut,Rabi       
Arunachal Pradesh,NAMSAI,Groundnut,Kharif     
Arunachal Pradesh,PAPUM PARE,Groundnut,Rabi       
Arunachal Pradesh,SIANG,Groundnut,Kharif     
Arunachal Pradesh,TAWANG,Groundnut,Rabi       
Arunachal Pradesh,TIRAP,Groundnut,Rabi       
Arunachal Pradesh,UPPER SIANG,Groundnut,Rabi       
Arunachal Pradesh,UPPER SUBANSIRI,Groundnut,Rabi       
Arunachal Pradesh,WEST KAMENG,Groundnut,Rabi       
Arunachal Pradesh,WEST SIANG,Groundnut,Rabi       
Arunachal Pradesh,ANJAW,Maize,Kharif     
Arunachal Pradesh,CHANGLANG,Maize,Kharif     
Arunachal Pradesh,DIBANG VALLEY,Maize,Kharif     
Arunachal Pradesh,EAST KAMENG,Maize,Kharif     
Arunachal Pradesh,EAST SIANG,Maize,Kharif     
Arunachal Pradesh,KAMLE,Maize,Kharif     
Arunachal Pradesh,KRA DAADI,Maize,Kharif     
Arunachal Pradesh,KURUNG KUMEY,Maize,Kharif     
Arunachal Pradesh,LEPARADA,Maize,Kharif     
Arunachal Pradesh,LOHIT,Maize,Kharif     
Arunachal Pradesh,LONGDING,Maize,Kharif     
Arunachal Pradesh,LOWER DIBANG VALLEY,Maize,Kharif     
Arunachal Pradesh,LOWER SIANG,Maize,Kharif     
Arunachal Pradesh,LOWER SUBANSIRI,Maize,Kharif     
Arunachal Pradesh,NAMSAI,Maize,Kharif     
Arunachal Pradesh,PAKKE KESSANG,Maize,Kharif     
Arunachal Pradesh,PAPUM PARE,Maize,Kharif     
Arunachal Pradesh,SHI YOMI,Maize,Kharif     
Arunachal Pradesh,SIANG,Maize,Kharif     
Arunachal Pradesh,TAWANG,Maize,Kharif     
Arunachal Pradesh,TIRAP,Maize,Kharif     
Arunachal Pradesh,UPPER SIANG,Maize,Kharif     
Arunachal Pradesh,UPPER SUBANSIRI,Maize,Kharif     
Arunachal Pradesh,WEST KAMENG,Maize,Kharif     
Arunachal Pradesh,WEST SIANG,Maize,Kharif     
Arunachal Pradesh,ANJAW,Masoor,Rabi       
Arunachal Pradesh,DIBANG VALLEY,Masoor,Rabi       
Arunachal Pradesh,EAST SIANG,Masoor,Rabi       
Arunachal Pradesh,KAMLE,Masoor,Rabi       
Arunachal Pradesh,LEPARADA,Masoor,Rabi       
Arunachal Pradesh,LOWER DIBANG VALLEY,Masoor,Rabi       
Arunachal Pradesh,LOWER SIANG,Masoor,Rabi       
Arunachal Pradesh,LOWER SUBANSIRI,Masoor,Rabi       
Arunachal Pradesh,PAPUM PARE,Masoor,Rabi       
Arunachal Pradesh,SIANG,Masoor,Rabi       
Arunachal Pradesh,TIRAP,Masoor,Rabi       
Arunachal Pradesh,UPPER SUBANSIRI,Masoor,Rabi       
Arunachal Pradesh,WEST SIANG,Masoor,Rabi       
Arunachal Pradesh,ANJAW,Moong(Green Gram),Kharif     
Arunachal Pradesh,CHANGLANG,Moong(Green Gram),Kharif     
Arunachal Pradesh,DIBANG VALLEY,Moong(Green Gram),Kharif     
Arunachal Pradesh,EAST KAMENG,Moong(Green Gram),Kharif     
Arunachal Pradesh,EAST SIANG,Moong(Green Gram),Kharif     
Arunachal Pradesh,KAMLE,Moong(Green Gram),Kharif     
Arunachal Pradesh,LEPARADA,Moong(Green Gram),Kharif     
Arunachal Pradesh,LOHIT,Moong(Green Gram),Kharif     
Arunachal Pradesh,LONGDING,Moong(Green Gram),Kharif     
Arunachal Pradesh,LOWER DIBANG VALLEY,Moong(Green Gram),Kharif     
Arunachal Pradesh,LOWER SIANG,Moong(Green Gram),Kharif     
Arunachal Pradesh,LOWER SUBANSIRI,Moong(Green Gram),Kharif     
Arunachal Pradesh,NAMSAI,Moong(Green Gram),Kharif     
Arunachal Pradesh,PAKKE KESSANG,Moong(Green Gram),Kharif     
Arunachal Pradesh,PAPUM PARE,Moong(Green Gram),Kharif     
Arunachal Pradesh,SIANG,Moong(Green Gram),Kharif     
Arunachal Pradesh,TAWANG,Moong(Green Gram),Kharif     
Arunachal Pradesh,TIRAP,Moong(Green Gram),Kharif     
Arunachal Pradesh,UPPER SIANG,Moong(Green Gram),Kharif     
Arunachal Pradesh,UPPER SUBANSIRI,Moong(Green Gram),Kharif     
Arunachal Pradesh,WEST KAMENG,Moong(Green Gram),Kharif     
Arunachal Pradesh,WEST SIANG,Moong(Green Gram),Kharif     
Arunachal Pradesh,ANJAW,Oilseeds total,Whole Year 
Arunachal Pradesh,CHANGLANG,Oilseeds total,Whole Year 
Arunachal Pradesh,DIBANG VALLEY,Oilseeds total,Whole Year 
Arunachal Pradesh,EAST KAMENG,Oilseeds total,Whole Year 
Arunachal Pradesh,EAST SIANG,Oilseeds total,Whole Year 
Arunachal Pradesh,KRA DAADI,Oilseeds total,Whole Year 
Arunachal Pradesh,KURUNG KUMEY,Oilseeds total,Whole Year 
Arunachal Pradesh,LOHIT,Oilseeds total,Whole Year 
Arunachal Pradesh,LONGDING,Oilseeds total,Whole Year 
Arunachal Pradesh,LOWER DIBANG VALLEY,Oilseeds total,Whole Year 
Arunachal Pradesh,LOWER SUBANSIRI,Oilseeds total,Whole Year 
Arunachal Pradesh,NAMSAI,Oilseeds total,Whole Year 
Arunachal Pradesh,PAPUM PARE,Oilseeds total,Whole Year 
Arunachal Pradesh,SIANG,Oilseeds total,Whole Year 
Arunachal Pradesh,TAWANG,Oilseeds total,Whole Year 
Arunachal Pradesh,TIRAP,Oilseeds total,Whole Year 
Arunachal Pradesh,UPPER SIANG,Oilseeds total,Whole Year 
Arunachal Pradesh,UPPER SUBANSIRI,Oilseeds total,Whole Year 
Arunachal Pradesh,WEST KAMENG,Oilseeds total,Whole Year 
Arunachal Pradesh,WEST SIANG,Oilseeds total,Whole Year 
Arunachal Pradesh,CHANGLANG,Other  Rabi pulses,Rabi       
Arunachal Pradesh,DIBANG VALLEY,Other  Rabi pulses,Rabi       
Arunachal Pradesh,EAST KAMENG,Other  Rabi pulses,Rabi       
Arunachal Pradesh,EAST SIANG,Other  Rabi pulses,Rabi       
Arunachal Pradesh,KRA DAADI,Other  Rabi pulses,Rabi       
Arunachal Pradesh,KURUNG KUMEY,Other  Rabi pulses,Rabi       
Arunachal Pradesh,LEPARADA,Other  Rabi pulses,Rabi       
Arunachal Pradesh,LOHIT,Other  Rabi pulses,Rabi       
Arunachal Pradesh,LONGDING,Other  Rabi pulses,Rabi       
Arunachal Pradesh,LOWER DIBANG VALLEY,Other  Rabi pulses,Rabi       
Arunachal Pradesh,LOWER SIANG,Other  Rabi pulses,Rabi       
Arunachal Pradesh,NAMSAI,Other  Rabi pulses,Rabi       
Arunachal Pradesh,PAKKE KESSANG,Other  Rabi pulses,Rabi       
Arunachal Pradesh,SHI YOMI,Other  Rabi pulses,Rabi       
Arunachal Pradesh,SIANG,Other  Rabi pulses,Rabi       
Arunachal Pradesh,TAWANG,Other  Rabi pulses,Rabi       
Arunachal Pradesh,UPPER SIANG,Other  Rabi pulses,Rabi       
Arunachal Pradesh,WEST KAMENG,Other  Rabi pulses,Rabi       
Arunachal Pradesh,WEST SIANG,Other  Rabi pulses,Rabi       
Arunachal Pradesh,ANJAW,Other Kharif pulses,Kharif     
Arunachal Pradesh,CHANGLANG,Other Kharif pulses,Kharif     
Arunachal Pradesh,DIBANG VALLEY,Other Kharif pulses,Kharif     
Arunachal Pradesh,EAST KAMENG,Other Kharif pulses,Kharif     
Arunachal Pradesh,EAST SIANG,Other Kharif pulses,Kharif     
Arunachal Pradesh,KAMLE,Other Kharif pulses,Kharif     
Arunachal Pradesh,KRA DAADI,Other Kharif pulses,Kharif     
Arunachal Pradesh,KURUNG KUMEY,Other Kharif pulses,Kharif     
Arunachal Pradesh,LEPARADA,Other Kharif pulses,Kharif     
Arunachal Pradesh,LOHIT,Other Kharif pulses,Kharif     
Arunachal Pradesh,LONGDING,Other Kharif pulses,Kharif     
Arunachal Pradesh,LOWER DIBANG VALLEY,Other Kharif pulses,Kharif     
Arunachal Pradesh,LOWER SIANG,Other Kharif pulses,Kharif     
Arunachal Pradesh,LOWER SUBANSIRI,Other Kharif pulses,Kharif     
Arunachal Pradesh,NAMSAI,Other Kharif pulses,Kharif     
Arunachal Pradesh,PAKKE KESSANG,Other Kharif pulses,Kharif     
Arunachal Pradesh,PAPUM PARE,Other Kharif pulses,Kharif     
Arunachal Pradesh,SHI YOMI,Other Kharif pulses,Kharif     
Arunachal Pradesh,SIANG,Other Kharif pulses,Kharif     
Arunachal Pradesh,TAWANG,Other Kharif pulses,Kharif     
Arunachal Pradesh,TIRAP,Other Kharif pulses,Kharif     
Arunachal Pradesh,UPPER SIANG,Other Kharif pulses,Kharif     
Arunachal Pradesh,UPPER SUBANSIRI,Other Kharif pulses,Kharif     
Arunachal Pradesh,WEST KAMENG,Other Kharif pulses,Kharif     
Arunachal Pradesh,WEST SIANG,Other Kharif pulses,Kharif     
Arunachal Pradesh,CHANGLANG,other oilseeds,Kharif     
Arunachal Pradesh,LEPARADA,other oilseeds,Kharif     
Arunachal Pradesh,LOHIT,other oilseeds,Kharif     
Arunachal Pradesh,LOWER DIBANG VALLEY,other oilseeds,Kharif     
Arunachal Pradesh,NAMSAI,other oilseeds,Kharif     
Arunachal Pradesh,PAPUM PARE,other oilseeds,Kharif     
Arunachal Pradesh,SIANG,other oilseeds,Kharif     
Arunachal Pradesh,UPPER SIANG,other oilseeds,Kharif     
Arunachal Pradesh,WEST SIANG,other oilseeds,Kharif     
Arunachal Pradesh,ANJAW,Peas & beans (Pulses),Kharif     
Arunachal Pradesh,CHANGLANG,Peas & beans (Pulses),Kharif     
Arunachal Pradesh,DIBANG VALLEY,Peas & beans (Pulses),Kharif     
Arunachal Pradesh,EAST KAMENG,Peas & beans (Pulses),Kharif     
Arunachal Pradesh,EAST SIANG,Peas & beans (Pulses),Kharif     
Arunachal Pradesh,KAMLE,Peas & beans (Pulses),Kharif     
Arunachal Pradesh,KRA DAADI,Peas & beans (Pulses),Kharif     
Arunachal Pradesh,KURUNG KUMEY,Peas & beans (Pulses),Kharif     
Arunachal Pradesh,LEPARADA,Peas & beans (Pulses),Kharif     
Arunachal Pradesh,LOHIT,Peas & beans (Pulses),Kharif     
Arunachal Pradesh,LONGDING,Peas & beans (Pulses),Kharif     
Arunachal Pradesh,LOWER DIBANG VALLEY,Peas & beans (Pulses),Kharif     
Arunachal Pradesh,LOWER SIANG,Peas & beans (Pulses),Kharif     
Arunachal Pradesh,LOWER SUBANSIRI,Peas & beans (Pulses),Kharif     
Arunachal Pradesh,NAMSAI,Peas & beans (Pulses),Kharif     
Arunachal Pradesh,PAKKE KESSANG,Peas & beans (Pulses),Kharif     
Arunachal Pradesh,PAPUM PARE,Peas & beans (Pulses),Kharif     
Arunachal Pradesh,SHI YOMI,Peas & beans (Pulses),Rabi       
Arunachal Pradesh,SIANG,Peas & beans (Pulses),Kharif     
Arunachal Pradesh,TIRAP,Peas & beans (Pulses),Kharif     
Arunachal Pradesh,UPPER SIANG,Peas & beans (Pulses),Kharif     
Arunachal Pradesh,UPPER SUBANSIRI,Peas & beans (Pulses),Kharif     
Arunachal Pradesh,WEST KAMENG,Peas & beans (Pulses),Kharif     
Arunachal Pradesh,WEST SIANG,Peas & beans (Pulses),Kharif     
Arunachal Pradesh,ANJAW,Potato,Whole Year 
Arunachal Pradesh,CHANGLANG,Potato,Whole Year 
Arunachal Pradesh,DIBANG VALLEY,Potato,Whole Year 
Arunachal Pradesh,EAST KAMENG,Potato,Whole Year 
Arunachal Pradesh,EAST SIANG,Potato,Whole Year 
Arunachal Pradesh,KAMLE,Potato,Whole Year 
Arunachal Pradesh,KRA DAADI,Potato,Whole Year 
Arunachal Pradesh,KURUNG KUMEY,Potato,Whole Year 
Arunachal Pradesh,LEPARADA,Potato,Whole Year 
Arunachal Pradesh,LOHIT,Potato,Whole Year 
Arunachal Pradesh,LONGDING,Potato,Whole Year 
Arunachal Pradesh,LOWER DIBANG VALLEY,Potato,Whole Year 
Arunachal Pradesh,LOWER SIANG,Potato,Whole Year 
Arunachal Pradesh,LOWER SUBANSIRI,Potato,Whole Year 
Arunachal Pradesh,NAMSAI,Potato,Whole Year 
Arunachal Pradesh,PAKKE KESSANG,Potato,Whole Year 
Arunachal Pradesh,PAPUM PARE,Potato,Whole Year 
Arunachal Pradesh,SHI YOMI,Potato,Whole Year 
Arunachal Pradesh,SIANG,Potato,Whole Year 
Arunachal Pradesh,TAWANG,Potato,Whole Year 
Arunachal Pradesh,TIRAP,Potato,Whole Year 
Arunachal Pradesh,UPPER SIANG,Potato,Whole Year 
Arunachal Pradesh,UPPER SUBANSIRI,Potato,Whole Year 
Arunachal Pradesh,WEST KAMENG,Potato,Whole Year 
Arunachal Pradesh,WEST SIANG,Potato,Whole Year 
Arunachal Pradesh,ANJAW,Rapeseed &Mustard,Rabi       
Arunachal Pradesh,CHANGLANG,Rapeseed &Mustard,Rabi       
Arunachal Pradesh,DIBANG VALLEY,Rapeseed &Mustard,Rabi       
Arunachal Pradesh,EAST KAMENG,Rapeseed &Mustard,Rabi       
Arunachal Pradesh,EAST SIANG,Rapeseed &Mustard,Rabi       
Arunachal Pradesh,KAMLE,Rapeseed &Mustard,Rabi       
Arunachal Pradesh,KRA DAADI,Rapeseed &Mustard,Rabi       
Arunachal Pradesh,KURUNG KUMEY,Rapeseed &Mustard,Rabi       
Arunachal Pradesh,LEPARADA,Rapeseed &Mustard,Rabi       
Arunachal Pradesh,LOHIT,Rapeseed &Mustard,Rabi       
Arunachal Pradesh,LONGDING,Rapeseed &Mustard,Rabi       
Arunachal Pradesh,LOWER DIBANG VALLEY,Rapeseed &Mustard,Rabi       
Arunachal Pradesh,LOWER SIANG,Rapeseed &Mustard,Rabi       
Arunachal Pradesh,LOWER SUBANSIRI,Rapeseed &Mustard,Rabi       
Arunachal Pradesh,NAMSAI,Rapeseed &Mustard,Rabi       
Arunachal Pradesh,PAKKE KESSANG,Rapeseed &Mustard,Rabi       
Arunachal Pradesh,PAPUM PARE,Rapeseed &Mustard,Rabi       
Arunachal Pradesh,SHI YOMI,Rapeseed &Mustard,Rabi       
Arunachal Pradesh,SIANG,Rapeseed &Mustard,Rabi       
Arunachal Pradesh,TAWANG,Rapeseed &Mustard,Rabi       
Arunachal Pradesh,TIRAP,Rapeseed &Mustard,Rabi       
Arunachal Pradesh,UPPER SIANG,Rapeseed &Mustard,Rabi       
Arunachal Pradesh,UPPER SUBANSIRI,Rapeseed &Mustard,Rabi       
Arunachal Pradesh,WEST KAMENG,Rapeseed &Mustard,Rabi       
Arunachal Pradesh,WEST SIANG,Rapeseed &Mustard,Rabi       
Arunachal Pradesh,ANJAW,Rice,Kharif     
Arunachal Pradesh,CHANGLANG,Rice,Kharif     
Arunachal Pradesh,DIBANG VALLEY,Rice,Kharif     
Arunachal Pradesh,EAST KAMENG,Rice,Kharif     
Arunachal Pradesh,EAST SIANG,Rice,Kharif     
Arunachal Pradesh,KAMLE,Rice,Kharif     
Arunachal Pradesh,KRA DAADI,Rice,Kharif     
Arunachal Pradesh,KURUNG KUMEY,Rice,Kharif     
Arunachal Pradesh,LEPARADA,Rice,Kharif     
Arunachal Pradesh,LOHIT,Rice,Kharif     
Arunachal Pradesh,LONGDING,Rice,Kharif     
Arunachal Pradesh,LOWER DIBANG VALLEY,Rice,Kharif     
Arunachal Pradesh,LOWER SIANG,Rice,Kharif     
Arunachal Pradesh,LOWER SUBANSIRI,Rice,Kharif     
Arunachal Pradesh,NAMSAI,Rice,Kharif     
Arunachal Pradesh,PAKKE KESSANG,Rice,Kharif     
Arunachal Pradesh,PAPUM PARE,Rice,Kharif     
Arunachal Pradesh,SHI YOMI,Rice,Kharif     
Arunachal Pradesh,SIANG,Rice,Kharif     
Arunachal Pradesh,TAWANG,Rice,Kharif     
Arunachal Pradesh,TIRAP,Rice,Kharif     
Arunachal Pradesh,UPPER SIANG,Rice,Kharif     
Arunachal Pradesh,UPPER SUBANSIRI,Rice,Kharif     
Arunachal Pradesh,WEST KAMENG,Rice,Kharif     
Arunachal Pradesh,WEST SIANG,Rice,Kharif     
Arunachal Pradesh,ANJAW,Sesamum,Kharif     
Arunachal Pradesh,CHANGLANG,Sesamum,Kharif     
Arunachal Pradesh,DIBANG VALLEY,Sesamum,Kharif     
Arunachal Pradesh,EAST KAMENG,Sesamum,Kharif     
Arunachal Pradesh,EAST SIANG,Sesamum,Kharif     
Arunachal Pradesh,KAMLE,Sesamum,Kharif     
Arunachal Pradesh,KRA DAADI,Sesamum,Kharif     
Arunachal Pradesh,KURUNG KUMEY,Sesamum,Kharif     
Arunachal Pradesh,LEPARADA,Sesamum,Kharif     
Arunachal Pradesh,LOHIT,Sesamum,Kharif     
Arunachal Pradesh,LOWER DIBANG VALLEY,Sesamum,Kharif     
Arunachal Pradesh,LOWER SIANG,Sesamum,Kharif     
Arunachal Pradesh,LOWER SUBANSIRI,Sesamum,Kharif     
Arunachal Pradesh,NAMSAI,Sesamum,Kharif     
Arunachal Pradesh,PAKKE KESSANG,Sesamum,Kharif     
Arunachal Pradesh,PAPUM PARE,Sesamum,Kharif     
Arunachal Pradesh,SHI YOMI,Sesamum,Kharif     
Arunachal Pradesh,SIANG,Sesamum,Kharif     
Arunachal Pradesh,UPPER SIANG,Sesamum,Kharif     
Arunachal Pradesh,UPPER SUBANSIRI,Sesamum,Kharif     
Arunachal Pradesh,WEST SIANG,Sesamum,Kharif     
Arunachal Pradesh,ANJAW,Small millets,Kharif     
Arunachal Pradesh,CHANGLANG,Small millets,Kharif     
Arunachal Pradesh,DIBANG VALLEY,Small millets,Kharif     
Arunachal Pradesh,EAST KAMENG,Small millets,Kharif     
Arunachal Pradesh,EAST SIANG,Small millets,Kharif     
Arunachal Pradesh,KAMLE,Small millets,Kharif     
Arunachal Pradesh,KRA DAADI,Small millets,Kharif     
Arunachal Pradesh,KURUNG KUMEY,Small millets,Kharif     
Arunachal Pradesh,LEPARADA,Small millets,Kharif     
Arunachal Pradesh,LOHIT,Small millets,Kharif     
Arunachal Pradesh,LONGDING,Small millets,Kharif     
Arunachal Pradesh,LOWER DIBANG VALLEY,Small millets,Kharif     
Arunachal Pradesh,LOWER SIANG,Small millets,Kharif     
Arunachal Pradesh,LOWER SUBANSIRI,Small millets,Kharif     
Arunachal Pradesh,NAMSAI,Small millets,Kharif     
Arunachal Pradesh,PAKKE KESSANG,Small millets,Kharif     
Arunachal Pradesh,PAPUM PARE,Small millets,Kharif     
Arunachal Pradesh,SHI YOMI,Small millets,Kharif     
Arunachal Pradesh,SIANG,Small millets,Kharif     
Arunachal Pradesh,TAWANG,Small millets,Kharif     
Arunachal Pradesh,TIRAP,Small millets,Kharif     
Arunachal Pradesh,UPPER SIANG,Small millets,Kharif     
Arunachal Pradesh,UPPER SUBANSIRI,Small millets,Kharif     
Arunachal Pradesh,WEST KAMENG,Small millets,Kharif     
Arunachal Pradesh,WEST SIANG,Small millets,Kharif     
Arunachal Pradesh,ANJAW,Soyabean,Kharif     
Arunachal Pradesh,CHANGLANG,Soyabean,Kharif     
Arunachal Pradesh,DIBANG VALLEY,Soyabean,Kharif     
Arunachal Pradesh,EAST KAMENG,Soyabean,Kharif     
Arunachal Pradesh,EAST SIANG,Soyabean,Kharif     
Arunachal Pradesh,KAMLE,Soyabean,Kharif     
Arunachal Pradesh,KRA DAADI,Soyabean,Kharif     
Arunachal Pradesh,KURUNG KUMEY,Soyabean,Kharif     
Arunachal Pradesh,LEPARADA,Soyabean,Kharif     
Arunachal Pradesh,LOHIT,Soyabean,Kharif     
Arunachal Pradesh,LONGDING,Soyabean,Kharif     
Arunachal Pradesh,LOWER DIBANG VALLEY,Soyabean,Kharif     
Arunachal Pradesh,LOWER SIANG,Soyabean,Kharif     
Arunachal Pradesh,LOWER SUBANSIRI,Soyabean,Kharif     
Arunachal Pradesh,NAMSAI,Soyabean,Kharif     
Arunachal Pradesh,PAKKE KESSANG,Soyabean,Kharif     
Arunachal Pradesh,PAPUM PARE,Soyabean,Kharif     
Arunachal Pradesh,SHI YOMI,Soyabean,Kharif     
Arunachal Pradesh,SIANG,Soyabean,Kharif     
Arunachal Pradesh,TAWANG,Soyabean,Kharif     
Arunachal Pradesh,TIRAP,Soyabean,Kharif     
Arunachal Pradesh,UPPER SIANG,Soyabean,Kharif     
Arunachal Pradesh,UPPER SUBANSIRI,Soyabean,Kharif     
Arunachal Pradesh,WEST KAMENG,Soyabean,Kharif     
Arunachal Pradesh,WEST SIANG,Soyabean,Kharif     
Arunachal Pradesh,ANJAW,Sugarcane,Whole Year 
Arunachal Pradesh,CHANGLANG,Sugarcane,Rabi       
Arunachal Pradesh,DIBANG VALLEY,Sugarcane,Whole Year 
Arunachal Pradesh,EAST KAMENG,Sugarcane,Whole Year 
Arunachal Pradesh,EAST SIANG,Sugarcane,Rabi       
Arunachal Pradesh,KAMLE,Sugarcane,Whole Year 
Arunachal Pradesh,KRA DAADI,Sugarcane,Whole Year 
Arunachal Pradesh,KURUNG KUMEY,Sugarcane,Whole Year 
Arunachal Pradesh,LEPARADA,Sugarcane,Whole Year 
Arunachal Pradesh,LOHIT,Sugarcane,Rabi       
Arunachal Pradesh,LOWER DIBANG VALLEY,Sugarcane,Whole Year 
Arunachal Pradesh,LOWER SIANG,Sugarcane,Whole Year 
Arunachal Pradesh,LOWER SUBANSIRI,Sugarcane,Rabi       
Arunachal Pradesh,NAMSAI,Sugarcane,Whole Year 
Arunachal Pradesh,PAPUM PARE,Sugarcane,Rabi       
Arunachal Pradesh,SHI YOMI,Sugarcane,Whole Year 
Arunachal Pradesh,SIANG,Sugarcane,Whole Year 
Arunachal Pradesh,TIRAP,Sugarcane,Rabi       
Arunachal Pradesh,UPPER SIANG,Sugarcane,Rabi       
Arunachal Pradesh,UPPER SUBANSIRI,Sugarcane,Rabi       
Arunachal Pradesh,WEST SIANG,Sugarcane,Rabi       
Arunachal Pradesh,CHANGLANG,Sunflower,Kharif     
Arunachal Pradesh,DIBANG VALLEY,Sunflower,Kharif     
Arunachal Pradesh,EAST KAMENG,Sunflower,Kharif     
Arunachal Pradesh,EAST SIANG,Sunflower,Kharif     
Arunachal Pradesh,LEPARADA,Sunflower,Kharif     
Arunachal Pradesh,LOHIT,Sunflower,Kharif     
Arunachal Pradesh,LOWER DIBANG VALLEY,Sunflower,Kharif     
Arunachal Pradesh,LOWER SIANG,Sunflower,Kharif     
Arunachal Pradesh,LOWER SUBANSIRI,Sunflower,Kharif     
Arunachal Pradesh,NAMSAI,Sunflower,Kharif     
Arunachal Pradesh,PAPUM PARE,Sunflower,Kharif     
Arunachal Pradesh,SHI YOMI,Sunflower,Kharif     
Arunachal Pradesh,SIANG,Sunflower,Kharif     
Arunachal Pradesh,TAWANG,Sunflower,Kharif     
Arunachal Pradesh,TIRAP,Sunflower,Kharif     
Arunachal Pradesh,UPPER SIANG,Sunflower,Kharif     
Arunachal Pradesh,UPPER SUBANSIRI,Sunflower,Kharif     
Arunachal Pradesh,WEST KAMENG,Sunflower,Kharif     
Arunachal Pradesh,WEST SIANG,Sunflower,Kharif     
Arunachal Pradesh,ANJAW,Turmeric,Whole Year 
Arunachal Pradesh,CHANGLANG,Turmeric,Whole Year 
Arunachal Pradesh,DIBANG VALLEY,Turmeric,Whole Year 
Arunachal Pradesh,EAST KAMENG,Turmeric,Whole Year 
Arunachal Pradesh,EAST SIANG,Turmeric,Whole Year 
Arunachal Pradesh,KURUNG KUMEY,Turmeric,Whole Year 
Arunachal Pradesh,LEPARADA,Turmeric,Whole Year 
Arunachal Pradesh,LOHIT,Turmeric,Whole Year 
Arunachal Pradesh,LOWER DIBANG VALLEY,Turmeric,Whole Year 
Arunachal Pradesh,LOWER SIANG,Turmeric,Whole Year 
Arunachal Pradesh,LOWER SUBANSIRI,Turmeric,Whole Year 
Arunachal Pradesh,NAMSAI,Turmeric,Whole Year 
Arunachal Pradesh,PAPUM PARE,Turmeric,Whole Year 
Arunachal Pradesh,SHI YOMI,Turmeric,Whole Year 
Arunachal Pradesh,SIANG,Turmeric,Whole Year 
Arunachal Pradesh,TAWANG,Turmeric,Whole Year 
Arunachal Pradesh,TIRAP,Turmeric,Whole Year 
Arunachal Pradesh,UPPER SUBANSIRI,Turmeric,Whole Year 
Arunachal Pradesh,WEST SIANG,Turmeric,Whole Year 
Arunachal Pradesh,ANJAW,Urad,Kharif     
Arunachal Pradesh,CHANGLANG,Urad,Kharif     
Arunachal Pradesh,DIBANG VALLEY,Urad,Kharif     
Arunachal Pradesh,EAST KAMENG,Urad,Kharif     
Arunachal Pradesh,EAST SIANG,Urad,Kharif     
Arunachal Pradesh,KAMLE,Urad,Kharif     
Arunachal Pradesh,KRA DAADI,Urad,Kharif     
Arunachal Pradesh,KURUNG KUMEY,Urad,Kharif     
Arunachal Pradesh,LEPARADA,Urad,Kharif     
Arunachal Pradesh,LOHIT,Urad,Kharif     
Arunachal Pradesh,LONGDING,Urad,Kharif     
Arunachal Pradesh,LOWER DIBANG VALLEY,Urad,Kharif     
Arunachal Pradesh,LOWER SIANG,Urad,Kharif     
Arunachal Pradesh,LOWER SUBANSIRI,Urad,Kharif     
Arunachal Pradesh,NAMSAI,Urad,Kharif     
Arunachal Pradesh,PAKKE KESSANG,Urad,Kharif     
Arunachal Pradesh,PAPUM PARE,Urad,Kharif     
Arunachal Pradesh,SHI YOMI,Urad,Kharif     
Arunachal Pradesh,SIANG,Urad,Kharif     
Arunachal Pradesh,TIRAP,Urad,Kharif     
Arunachal Pradesh,UPPER SIANG,Urad,Kharif     
Arunachal Pradesh,UPPER SUBANSIRI,Urad,Kharif     
Arunachal Pradesh,WEST SIANG,Urad,Kharif     
Arunachal Pradesh,ANJAW,Wheat,Rabi       
Arunachal Pradesh,CHANGLANG,Wheat,Rabi       
Arunachal Pradesh,DIBANG VALLEY,Wheat,Rabi       
Arunachal Pradesh,EAST KAMENG,Wheat,Rabi       
Arunachal Pradesh,EAST SIANG,Wheat,Rabi       
Arunachal Pradesh,KURUNG KUMEY,Wheat,Rabi       
Arunachal Pradesh,LOHIT,Wheat,Rabi       
Arunachal Pradesh,LOWER DIBANG VALLEY,Wheat,Rabi       
Arunachal Pradesh,LOWER SIANG,Wheat,Rabi       
Arunachal Pradesh,LOWER SUBANSIRI,Wheat,Rabi       
Arunachal Pradesh,NAMSAI,Wheat,Rabi       
Arunachal Pradesh,PAKKE KESSANG,Wheat,Rabi       
Arunachal Pradesh,PAPUM PARE,Wheat,Rabi       
Arunachal Pradesh,TAWANG,Wheat,Rabi       
Arunachal Pradesh,TIRAP,Wheat,Rabi       
Arunachal Pradesh,UPPER SIANG,Wheat,Rabi       
Arunachal Pradesh,UPPER SUBANSIRI,Wheat,Rabi       
Arunachal Pradesh,WEST KAMENG,Wheat,Rabi       
Arunachal Pradesh,WEST SIANG,Wheat,Rabi       
Assam,BAKSA,Arecanut,Whole Year 
Assam,BARPETA,Arecanut,Whole Year 
Assam,"BISWANATH
",Arecanut,Rabi       
Assam,BONGAIGAON,Arecanut,Whole Year 
Assam,CACHAR,Arecanut,Whole Year 
Assam,"CHARAIDEO
",Arecanut,Rabi       
Assam,CHIRANG,Arecanut,Whole Year 
Assam,DARRANG,Arecanut,Whole Year 
Assam,DHEMAJI,Arecanut,Whole Year 
Assam,DHUBRI,Arecanut,Whole Year 
Assam,DIBRUGARH,Arecanut,Whole Year 
Assam,DIMA HASAO,Arecanut,Whole Year 
Assam,GOALPARA,Arecanut,Whole Year 
Assam,GOLAGHAT,Arecanut,Whole Year 
Assam,HAILAKANDI,Arecanut,Whole Year 
Assam,"HOJAI
",Arecanut,Rabi       
Assam,JORHAT,Arecanut,Whole Year 
Assam,KAMRUP,Arecanut,Whole Year 
Assam,KAMRUP METRO,Arecanut,Whole Year 
Assam,KARBI ANGLONG,Arecanut,Whole Year 
Assam,KARIMGANJ,Arecanut,Whole Year 
Assam,KOKRAJHAR,Arecanut,Whole Year 
Assam,LAKHIMPUR,Arecanut,Whole Year 
Assam,"MAJULI
",Arecanut,Rabi       
Assam,MARIGAON,Arecanut,Whole Year 
Assam,NAGAON,Arecanut,Whole Year 
Assam,NALBARI,Arecanut,Whole Year 
Assam,SIVASAGAR,Arecanut,Whole Year 
Assam,SONITPUR,Arecanut,Whole Year 
Assam,"SOUTH SALMARA MANCACHAR
",Arecanut,Rabi       
Assam,TINSUKIA,Arecanut,Whole Year 
Assam,UDALGURI,Arecanut,Whole Year 
Assam,"WEST KARBI ANGLONG
",Arecanut,Rabi       
Assam,BAKSA,Arhar/Tur,Kharif     
Assam,BARPETA,Arhar/Tur,Kharif     
Assam,BONGAIGAON,Arhar/Tur,Kharif     
Assam,CACHAR,Arhar/Tur,Kharif     
Assam,CHIRANG,Arhar/Tur,Kharif     
Assam,DARRANG,Arhar/Tur,Kharif     
Assam,DHEMAJI,Arhar/Tur,Kharif     
Assam,DHUBRI,Arhar/Tur,Kharif     
Assam,DIBRUGARH,Arhar/Tur,Kharif     
Assam,DIMA HASAO,Arhar/Tur,Kharif     
Assam,GOALPARA,Arhar/Tur,Kharif     
Assam,GOLAGHAT,Arhar/Tur,Kharif     
Assam,HAILAKANDI,Arhar/Tur,Kharif     
Assam,JORHAT,Arhar/Tur,Kharif     
Assam,KAMRUP,Arhar/Tur,Kharif     
Assam,KAMRUP METRO,Arhar/Tur,Kharif     
Assam,KARBI ANGLONG,Arhar/Tur,Kharif     
Assam,KARIMGANJ,Arhar/Tur,Kharif     
Assam,KOKRAJHAR,Arhar/Tur,Kharif     
Assam,LAKHIMPUR,Arhar/Tur,Kharif     
Assam,MARIGAON,Arhar/Tur,Kharif     
Assam,NAGAON,Arhar/Tur,Kharif     
Assam,NALBARI,Arhar/Tur,Kharif     
Assam,SIVASAGAR,Arhar/Tur,Kharif     
Assam,SONITPUR,Arhar/Tur,Kharif     
Assam,TINSUKIA,Arhar/Tur,Kharif     
Assam,UDALGURI,Arhar/Tur,Kharif     
Assam,BAKSA,Banana,Whole Year 
Assam,BARPETA,Banana,Whole Year 
Assam,BONGAIGAON,Banana,Whole Year 
Assam,CACHAR,Banana,Whole Year 
Assam,CHIRANG,Banana,Whole Year 
Assam,DARRANG,Banana,Whole Year 
Assam,DHEMAJI,Banana,Whole Year 
Assam,DHUBRI,Banana,Whole Year 
Assam,DIBRUGARH,Banana,Whole Year 
Assam,DIMA HASAO,Banana,Whole Year 
Assam,GOALPARA,Banana,Whole Year 
Assam,GOLAGHAT,Banana,Whole Year 
Assam,HAILAKANDI,Banana,Whole Year 
Assam,JORHAT,Banana,Whole Year 
Assam,KAMRUP,Banana,Whole Year 
Assam,KAMRUP METRO,Banana,Whole Year 
Assam,KARBI ANGLONG,Banana,Whole Year 
Assam,KARIMGANJ,Banana,Whole Year 
Assam,KOKRAJHAR,Banana,Whole Year 
Assam,LAKHIMPUR,Banana,Whole Year 
Assam,MARIGAON,Banana,Whole Year 
Assam,NAGAON,Banana,Whole Year 
Assam,NALBARI,Banana,Whole Year 
Assam,SIVASAGAR,Banana,Whole Year 
Assam,SONITPUR,Banana,Whole Year 
Assam,TINSUKIA,Banana,Whole Year 
Assam,UDALGURI,Banana,Whole Year 
Assam,BAKSA,Black pepper,Whole Year 
Assam,BARPETA,Black pepper,Whole Year 
Assam,BONGAIGAON,Black pepper,Whole Year 
Assam,CACHAR,Black pepper,Whole Year 
Assam,CHIRANG,Black pepper,Whole Year 
Assam,DARRANG,Black pepper,Whole Year 
Assam,DHEMAJI,Black pepper,Whole Year 
Assam,DHUBRI,Black pepper,Whole Year 
Assam,DIBRUGARH,Black pepper,Whole Year 
Assam,DIMA HASAO,Black pepper,Whole Year 
Assam,GOALPARA,Black pepper,Whole Year 
Assam,GOLAGHAT,Black pepper,Whole Year 
Assam,HAILAKANDI,Black pepper,Whole Year 
Assam,JORHAT,Black pepper,Whole Year 
Assam,KAMRUP,Black pepper,Whole Year 
Assam,KAMRUP METRO,Black pepper,Whole Year 
Assam,KARBI ANGLONG,Black pepper,Whole Year 
Assam,KARIMGANJ,Black pepper,Whole Year 
Assam,KOKRAJHAR,Black pepper,Whole Year 
Assam,LAKHIMPUR,Black pepper,Whole Year 
Assam,MARIGAON,Black pepper,Whole Year 
Assam,NAGAON,Black pepper,Whole Year 
Assam,NALBARI,Black pepper,Whole Year 
Assam,SIVASAGAR,Black pepper,Whole Year 
Assam,SONITPUR,Black pepper,Whole Year 
Assam,TINSUKIA,Black pepper,Whole Year 
Assam,UDALGURI,Black pepper,Whole Year 
Assam,BAKSA,Castor seed,Kharif     
Assam,BARPETA,Castor seed,Kharif     
Assam,BONGAIGAON,Castor seed,Kharif     
Assam,CACHAR,Castor seed,Kharif     
Assam,CHIRANG,Castor seed,Kharif     
Assam,DARRANG,Castor seed,Kharif     
Assam,DHEMAJI,Castor seed,Kharif     
Assam,DHUBRI,Castor seed,Kharif     
Assam,DIBRUGARH,Castor seed,Kharif     
Assam,DIMA HASAO,Castor seed,Kharif     
Assam,GOALPARA,Castor seed,Kharif     
Assam,GOLAGHAT,Castor seed,Kharif     
Assam,HAILAKANDI,Castor seed,Kharif     
Assam,JORHAT,Castor seed,Kharif     
Assam,KAMRUP,Castor seed,Kharif     
Assam,KAMRUP METRO,Castor seed,Kharif     
Assam,KARBI ANGLONG,Castor seed,Kharif     
Assam,KARIMGANJ,Castor seed,Kharif     
Assam,KOKRAJHAR,Castor seed,Kharif     
Assam,LAKHIMPUR,Castor seed,Kharif     
Assam,MARIGAON,Castor seed,Kharif     
Assam,NAGAON,Castor seed,Kharif     
Assam,NALBARI,Castor seed,Kharif     
Assam,SIVASAGAR,Castor seed,Kharif     
Assam,SONITPUR,Castor seed,Kharif     
Assam,TINSUKIA,Castor seed,Kharif     
Assam,UDALGURI,Castor seed,Kharif     
Assam,BAKSA,Coconut ,Whole Year 
Assam,BARPETA,Coconut ,Whole Year 
Assam,"BISWANATH
",Coconut ,Whole Year 
Assam,BONGAIGAON,Coconut ,Whole Year 
Assam,CACHAR,Coconut ,Whole Year 
Assam,"CHARAIDEO
",Coconut ,Whole Year 
Assam,CHIRANG,Coconut ,Whole Year 
Assam,DARRANG,Coconut ,Whole Year 
Assam,DHEMAJI,Coconut ,Whole Year 
Assam,DHUBRI,Coconut ,Whole Year 
Assam,DIBRUGARH,Coconut ,Whole Year 
Assam,DIMA HASAO,Coconut ,Whole Year 
Assam,GOALPARA,Coconut ,Whole Year 
Assam,GOLAGHAT,Coconut ,Whole Year 
Assam,HAILAKANDI,Coconut ,Whole Year 
Assam,"HOJAI
",Coconut ,Whole Year 
Assam,JORHAT,Coconut ,Whole Year 
Assam,KAMRUP,Coconut ,Whole Year 
Assam,KAMRUP METRO,Coconut ,Whole Year 
Assam,KARBI ANGLONG,Coconut ,Whole Year 
Assam,KARIMGANJ,Coconut ,Whole Year 
Assam,KOKRAJHAR,Coconut ,Whole Year 
Assam,LAKHIMPUR,Coconut ,Whole Year 
Assam,"MAJULI
",Coconut ,Whole Year 
Assam,MARIGAON,Coconut ,Whole Year 
Assam,NAGAON,Coconut ,Whole Year 
Assam,NALBARI,Coconut ,Whole Year 
Assam,SIVASAGAR,Coconut ,Whole Year 
Assam,SONITPUR,Coconut ,Whole Year 
Assam,TINSUKIA,Coconut ,Whole Year 
Assam,UDALGURI,Coconut ,Whole Year 
Assam,"WEST KARBI ANGLONG
",Coconut ,Whole Year 
Assam,BAKSA,Cotton(lint),Kharif     
Assam,BARPETA,Cotton(lint),Kharif     
Assam,BONGAIGAON,Cotton(lint),Kharif     
Assam,CACHAR,Cotton(lint),Kharif     
Assam,CHIRANG,Cotton(lint),Kharif     
Assam,DARRANG,Cotton(lint),Kharif     
Assam,DHEMAJI,Cotton(lint),Kharif     
Assam,DHUBRI,Cotton(lint),Kharif     
Assam,DIBRUGARH,Cotton(lint),Kharif     
Assam,DIMA HASAO,Cotton(lint),Kharif     
Assam,GOALPARA,Cotton(lint),Kharif     
Assam,GOLAGHAT,Cotton(lint),Kharif     
Assam,HAILAKANDI,Cotton(lint),Kharif     
Assam,JORHAT,Cotton(lint),Kharif     
Assam,KAMRUP,Cotton(lint),Kharif     
Assam,KAMRUP METRO,Cotton(lint),Kharif     
Assam,KARBI ANGLONG,Cotton(lint),Kharif     
Assam,KARIMGANJ,Cotton(lint),Kharif     
Assam,KOKRAJHAR,Cotton(lint),Kharif     
Assam,LAKHIMPUR,Cotton(lint),Kharif     
Assam,MARIGAON,Cotton(lint),Kharif     
Assam,NAGAON,Cotton(lint),Kharif     
Assam,NALBARI,Cotton(lint),Kharif     
Assam,SIVASAGAR,Cotton(lint),Kharif     
Assam,SONITPUR,Cotton(lint),Kharif     
Assam,TINSUKIA,Cotton(lint),Kharif     
Assam,UDALGURI,Cotton(lint),Kharif     
Assam,BAKSA,Dry chillies,Whole Year 
Assam,BARPETA,Dry chillies,Whole Year 
Assam,BONGAIGAON,Dry chillies,Whole Year 
Assam,CACHAR,Dry chillies,Whole Year 
Assam,CHIRANG,Dry chillies,Whole Year 
Assam,DARRANG,Dry chillies,Whole Year 
Assam,DHEMAJI,Dry chillies,Whole Year 
Assam,DHUBRI,Dry chillies,Whole Year 
Assam,DIBRUGARH,Dry chillies,Whole Year 
Assam,DIMA HASAO,Dry chillies,Whole Year 
Assam,GOALPARA,Dry chillies,Whole Year 
Assam,GOLAGHAT,Dry chillies,Whole Year 
Assam,HAILAKANDI,Dry chillies,Whole Year 
Assam,JORHAT,Dry chillies,Whole Year 
Assam,KAMRUP,Dry chillies,Whole Year 
Assam,KAMRUP METRO,Dry chillies,Whole Year 
Assam,KARBI ANGLONG,Dry chillies,Whole Year 
Assam,KARIMGANJ,Dry chillies,Whole Year 
Assam,KOKRAJHAR,Dry chillies,Whole Year 
Assam,LAKHIMPUR,Dry chillies,Whole Year 
Assam,MARIGAON,Dry chillies,Whole Year 
Assam,NAGAON,Dry chillies,Whole Year 
Assam,NALBARI,Dry chillies,Whole Year 
Assam,SIVASAGAR,Dry chillies,Whole Year 
Assam,SONITPUR,Dry chillies,Whole Year 
Assam,TINSUKIA,Dry chillies,Whole Year 
Assam,UDALGURI,Dry chillies,Whole Year 
Assam,BAKSA,Ginger,Whole Year 
Assam,BARPETA,Ginger,Whole Year 
Assam,BONGAIGAON,Ginger,Whole Year 
Assam,CACHAR,Ginger,Whole Year 
Assam,CHIRANG,Ginger,Whole Year 
Assam,DARRANG,Ginger,Whole Year 
Assam,DHEMAJI,Ginger,Whole Year 
Assam,DHUBRI,Ginger,Whole Year 
Assam,DIBRUGARH,Ginger,Whole Year 
Assam,DIMA HASAO,Ginger,Whole Year 
Assam,GOALPARA,Ginger,Whole Year 
Assam,GOLAGHAT,Ginger,Whole Year 
Assam,HAILAKANDI,Ginger,Whole Year 
Assam,JORHAT,Ginger,Whole Year 
Assam,KAMRUP,Ginger,Whole Year 
Assam,KAMRUP METRO,Ginger,Whole Year 
Assam,KARBI ANGLONG,Ginger,Whole Year 
Assam,KARIMGANJ,Ginger,Whole Year 
Assam,KOKRAJHAR,Ginger,Whole Year 
Assam,LAKHIMPUR,Ginger,Whole Year 
Assam,MARIGAON,Ginger,Whole Year 
Assam,NAGAON,Ginger,Whole Year 
Assam,NALBARI,Ginger,Whole Year 
Assam,SIVASAGAR,Ginger,Whole Year 
Assam,SONITPUR,Ginger,Whole Year 
Assam,TINSUKIA,Ginger,Whole Year 
Assam,UDALGURI,Ginger,Whole Year 
Assam,BAKSA,Gram,Rabi       
Assam,BARPETA,Gram,Rabi       
Assam,BONGAIGAON,Gram,Rabi       
Assam,CACHAR,Gram,Rabi       
Assam,CHIRANG,Gram,Rabi       
Assam,DARRANG,Gram,Rabi       
Assam,DHEMAJI,Gram,Rabi       
Assam,DHUBRI,Gram,Rabi       
Assam,DIBRUGARH,Gram,Rabi       
Assam,DIMA HASAO,Gram,Rabi       
Assam,GOALPARA,Gram,Rabi       
Assam,GOLAGHAT,Gram,Rabi       
Assam,HAILAKANDI,Gram,Rabi       
Assam,JORHAT,Gram,Rabi       
Assam,KAMRUP,Gram,Rabi       
Assam,KAMRUP METRO,Gram,Rabi       
Assam,KARBI ANGLONG,Gram,Rabi       
Assam,KARIMGANJ,Gram,Rabi       
Assam,KOKRAJHAR,Gram,Rabi       
Assam,LAKHIMPUR,Gram,Rabi       
Assam,MARIGAON,Gram,Rabi       
Assam,NAGAON,Gram,Rabi       
Assam,NALBARI,Gram,Rabi       
Assam,SIVASAGAR,Gram,Rabi       
Assam,SONITPUR,Gram,Rabi       
Assam,TINSUKIA,Gram,Rabi       
Assam,UDALGURI,Gram,Rabi       
Assam,BAKSA,Jute,Kharif     
Assam,BARPETA,Jute,Kharif     
Assam,BONGAIGAON,Jute,Kharif     
Assam,CACHAR,Jute,Kharif     
Assam,CHIRANG,Jute,Kharif     
Assam,DARRANG,Jute,Kharif     
Assam,DHEMAJI,Jute,Kharif     
Assam,DHUBRI,Jute,Kharif     
Assam,DIBRUGARH,Jute,Kharif     
Assam,DIMA HASAO,Jute,Kharif     
Assam,GOALPARA,Jute,Kharif     
Assam,GOLAGHAT,Jute,Kharif     
Assam,HAILAKANDI,Jute,Kharif     
Assam,JORHAT,Jute,Kharif     
Assam,KAMRUP,Jute,Kharif     
Assam,KAMRUP METRO,Jute,Kharif     
Assam,KARBI ANGLONG,Jute,Kharif     
Assam,KARIMGANJ,Jute,Kharif     
Assam,KOKRAJHAR,Jute,Kharif     
Assam,LAKHIMPUR,Jute,Kharif     
Assam,MARIGAON,Jute,Kharif     
Assam,NAGAON,Jute,Kharif     
Assam,NALBARI,Jute,Kharif     
Assam,SIVASAGAR,Jute,Kharif     
Assam,SONITPUR,Jute,Kharif     
Assam,TINSUKIA,Jute,Kharif     
Assam,UDALGURI,Jute,Kharif     
Assam,BAKSA,Linseed,Rabi       
Assam,BARPETA,Linseed,Rabi       
Assam,BONGAIGAON,Linseed,Rabi       
Assam,CACHAR,Linseed,Rabi       
Assam,CHIRANG,Linseed,Rabi       
Assam,DARRANG,Linseed,Rabi       
Assam,DHEMAJI,Linseed,Rabi       
Assam,DHUBRI,Linseed,Rabi       
Assam,DIBRUGARH,Linseed,Rabi       
Assam,DIMA HASAO,Linseed,Rabi       
Assam,GOALPARA,Linseed,Rabi       
Assam,GOLAGHAT,Linseed,Rabi       
Assam,HAILAKANDI,Linseed,Rabi       
Assam,JORHAT,Linseed,Rabi       
Assam,KAMRUP,Linseed,Rabi       
Assam,KAMRUP METRO,Linseed,Rabi       
Assam,KARBI ANGLONG,Linseed,Rabi       
Assam,KARIMGANJ,Linseed,Rabi       
Assam,KOKRAJHAR,Linseed,Rabi       
Assam,LAKHIMPUR,Linseed,Rabi       
Assam,MARIGAON,Linseed,Rabi       
Assam,NAGAON,Linseed,Rabi       
Assam,NALBARI,Linseed,Rabi       
Assam,SIVASAGAR,Linseed,Rabi       
Assam,SONITPUR,Linseed,Rabi       
Assam,TINSUKIA,Linseed,Rabi       
Assam,UDALGURI,Linseed,Rabi       
Assam,BAKSA,Maize,Kharif     
Assam,BARPETA,Maize,Kharif     
Assam,BONGAIGAON,Maize,Kharif     
Assam,CACHAR,Maize,Kharif     
Assam,CHIRANG,Maize,Kharif     
Assam,DARRANG,Maize,Kharif     
Assam,DHEMAJI,Maize,Kharif     
Assam,DHUBRI,Maize,Kharif     
Assam,DIBRUGARH,Maize,Kharif     
Assam,DIMA HASAO,Maize,Kharif     
Assam,GOALPARA,Maize,Kharif     
Assam,GOLAGHAT,Maize,Kharif     
Assam,HAILAKANDI,Maize,Kharif     
Assam,JORHAT,Maize,Kharif     
Assam,KAMRUP,Maize,Kharif     
Assam,KAMRUP METRO,Maize,Kharif     
Assam,KARBI ANGLONG,Maize,Kharif     
Assam,KARIMGANJ,Maize,Kharif     
Assam,KOKRAJHAR,Maize,Kharif     
Assam,LAKHIMPUR,Maize,Kharif     
Assam,MARIGAON,Maize,Kharif     
Assam,NAGAON,Maize,Kharif     
Assam,NALBARI,Maize,Kharif     
Assam,SIVASAGAR,Maize,Kharif     
Assam,SONITPUR,Maize,Kharif     
Assam,TINSUKIA,Maize,Kharif     
Assam,UDALGURI,Maize,Kharif     
Assam,BAKSA,Masoor,Rabi       
Assam,BARPETA,Masoor,Rabi       
Assam,BONGAIGAON,Masoor,Rabi       
Assam,CACHAR,Masoor,Rabi       
Assam,CHIRANG,Masoor,Rabi       
Assam,DARRANG,Masoor,Rabi       
Assam,DHEMAJI,Masoor,Rabi       
Assam,DHUBRI,Masoor,Rabi       
Assam,DIBRUGARH,Masoor,Rabi       
Assam,DIMA HASAO,Masoor,Rabi       
Assam,GOALPARA,Masoor,Rabi       
Assam,GOLAGHAT,Masoor,Rabi       
Assam,HAILAKANDI,Masoor,Rabi       
Assam,JORHAT,Masoor,Rabi       
Assam,KAMRUP,Masoor,Rabi       
Assam,KAMRUP METRO,Masoor,Rabi       
Assam,KARBI ANGLONG,Masoor,Rabi       
Assam,KARIMGANJ,Masoor,Rabi       
Assam,KOKRAJHAR,Masoor,Rabi       
Assam,LAKHIMPUR,Masoor,Rabi       
Assam,MARIGAON,Masoor,Rabi       
Assam,NAGAON,Masoor,Rabi       
Assam,NALBARI,Masoor,Rabi       
Assam,SIVASAGAR,Masoor,Rabi       
Assam,SONITPUR,Masoor,Rabi       
Assam,TINSUKIA,Masoor,Rabi       
Assam,UDALGURI,Masoor,Rabi       
Assam,BAKSA,Mesta,Kharif     
Assam,BARPETA,Mesta,Kharif     
Assam,BONGAIGAON,Mesta,Kharif     
Assam,CACHAR,Mesta,Kharif     
Assam,CHIRANG,Mesta,Kharif     
Assam,DARRANG,Mesta,Kharif     
Assam,DHEMAJI,Mesta,Kharif     
Assam,DHUBRI,Mesta,Kharif     
Assam,DIBRUGARH,Mesta,Kharif     
Assam,DIMA HASAO,Mesta,Kharif     
Assam,GOALPARA,Mesta,Kharif     
Assam,GOLAGHAT,Mesta,Kharif     
Assam,HAILAKANDI,Mesta,Kharif     
Assam,JORHAT,Mesta,Kharif     
Assam,KAMRUP,Mesta,Kharif     
Assam,KAMRUP METRO,Mesta,Kharif     
Assam,KARBI ANGLONG,Mesta,Kharif     
Assam,KARIMGANJ,Mesta,Kharif     
Assam,KOKRAJHAR,Mesta,Kharif     
Assam,LAKHIMPUR,Mesta,Kharif     
Assam,MARIGAON,Mesta,Kharif     
Assam,NAGAON,Mesta,Kharif     
Assam,NALBARI,Mesta,Kharif     
Assam,SIVASAGAR,Mesta,Kharif     
Assam,SONITPUR,Mesta,Kharif     
Assam,TINSUKIA,Mesta,Kharif     
Assam,UDALGURI,Mesta,Kharif     
Assam,BAKSA,Moong(Green Gram),Rabi       
Assam,BARPETA,Moong(Green Gram),Rabi       
Assam,BONGAIGAON,Moong(Green Gram),Rabi       
Assam,CACHAR,Moong(Green Gram),Rabi       
Assam,CHIRANG,Moong(Green Gram),Rabi       
Assam,DARRANG,Moong(Green Gram),Rabi       
Assam,DHEMAJI,Moong(Green Gram),Rabi       
Assam,DHUBRI,Moong(Green Gram),Rabi       
Assam,DIBRUGARH,Moong(Green Gram),Rabi       
Assam,DIMA HASAO,Moong(Green Gram),Rabi       
Assam,GOALPARA,Moong(Green Gram),Rabi       
Assam,GOLAGHAT,Moong(Green Gram),Rabi       
Assam,HAILAKANDI,Moong(Green Gram),Rabi       
Assam,JORHAT,Moong(Green Gram),Rabi       
Assam,KAMRUP,Moong(Green Gram),Rabi       
Assam,KAMRUP METRO,Moong(Green Gram),Rabi       
Assam,KARBI ANGLONG,Moong(Green Gram),Rabi       
Assam,KARIMGANJ,Moong(Green Gram),Rabi       
Assam,KOKRAJHAR,Moong(Green Gram),Rabi       
Assam,LAKHIMPUR,Moong(Green Gram),Rabi       
Assam,MARIGAON,Moong(Green Gram),Rabi       
Assam,NAGAON,Moong(Green Gram),Rabi       
Assam,NALBARI,Moong(Green Gram),Rabi       
Assam,SIVASAGAR,Moong(Green Gram),Rabi       
Assam,SONITPUR,Moong(Green Gram),Rabi       
Assam,TINSUKIA,Moong(Green Gram),Rabi       
Assam,UDALGURI,Moong(Green Gram),Rabi       
Assam,BAKSA,Niger seed,Kharif     
Assam,BARPETA,Niger seed,Whole Year 
Assam,BONGAIGAON,Niger seed,Whole Year 
Assam,CACHAR,Niger seed,Whole Year 
Assam,CHIRANG,Niger seed,Kharif     
Assam,DARRANG,Niger seed,Whole Year 
Assam,DHEMAJI,Niger seed,Whole Year 
Assam,DHUBRI,Niger seed,Whole Year 
Assam,DIBRUGARH,Niger seed,Whole Year 
Assam,DIMA HASAO,Niger seed,Kharif     
Assam,GOALPARA,Niger seed,Whole Year 
Assam,GOLAGHAT,Niger seed,Whole Year 
Assam,HAILAKANDI,Niger seed,Kharif     
Assam,JORHAT,Niger seed,Kharif     
Assam,KAMRUP,Niger seed,Whole Year 
Assam,KAMRUP METRO,Niger seed,Kharif     
Assam,KARBI ANGLONG,Niger seed,Whole Year 
Assam,KARIMGANJ,Niger seed,Kharif     
Assam,KOKRAJHAR,Niger seed,Whole Year 
Assam,LAKHIMPUR,Niger seed,Kharif     
Assam,MARIGAON,Niger seed,Whole Year 
Assam,NAGAON,Niger seed,Whole Year 
Assam,NALBARI,Niger seed,Whole Year 
Assam,SIVASAGAR,Niger seed,Kharif     
Assam,SONITPUR,Niger seed,Whole Year 
Assam,TINSUKIA,Niger seed,Whole Year 
Assam,UDALGURI,Niger seed,Kharif     
Assam,BAKSA,Onion,Whole Year 
Assam,BARPETA,Onion,Whole Year 
Assam,BONGAIGAON,Onion,Whole Year 
Assam,CACHAR,Onion,Whole Year 
Assam,CHIRANG,Onion,Whole Year 
Assam,DARRANG,Onion,Whole Year 
Assam,DHEMAJI,Onion,Whole Year 
Assam,DHUBRI,Onion,Whole Year 
Assam,DIBRUGARH,Onion,Whole Year 
Assam,DIMA HASAO,Onion,Whole Year 
Assam,GOALPARA,Onion,Whole Year 
Assam,GOLAGHAT,Onion,Whole Year 
Assam,HAILAKANDI,Onion,Whole Year 
Assam,JORHAT,Onion,Whole Year 
Assam,KAMRUP,Onion,Whole Year 
Assam,KAMRUP METRO,Onion,Whole Year 
Assam,KARBI ANGLONG,Onion,Whole Year 
Assam,KARIMGANJ,Onion,Whole Year 
Assam,KOKRAJHAR,Onion,Whole Year 
Assam,LAKHIMPUR,Onion,Whole Year 
Assam,MARIGAON,Onion,Whole Year 
Assam,NAGAON,Onion,Whole Year 
Assam,NALBARI,Onion,Whole Year 
Assam,SIVASAGAR,Onion,Whole Year 
Assam,SONITPUR,Onion,Whole Year 
Assam,TINSUKIA,Onion,Whole Year 
Assam,UDALGURI,Onion,Whole Year 
Assam,BAKSA,Other  Rabi pulses,Rabi       
Assam,BARPETA,Other  Rabi pulses,Rabi       
Assam,BONGAIGAON,Other  Rabi pulses,Rabi       
Assam,CACHAR,Other  Rabi pulses,Rabi       
Assam,CHIRANG,Other  Rabi pulses,Rabi       
Assam,DARRANG,Other  Rabi pulses,Rabi       
Assam,DHEMAJI,Other  Rabi pulses,Rabi       
Assam,DHUBRI,Other  Rabi pulses,Rabi       
Assam,DIBRUGARH,Other  Rabi pulses,Rabi       
Assam,DIMA HASAO,Other  Rabi pulses,Rabi       
Assam,GOALPARA,Other  Rabi pulses,Rabi       
Assam,GOLAGHAT,Other  Rabi pulses,Rabi       
Assam,HAILAKANDI,Other  Rabi pulses,Rabi       
Assam,JORHAT,Other  Rabi pulses,Rabi       
Assam,KAMRUP,Other  Rabi pulses,Rabi       
Assam,KAMRUP METRO,Other  Rabi pulses,Rabi       
Assam,KARBI ANGLONG,Other  Rabi pulses,Rabi       
Assam,KARIMGANJ,Other  Rabi pulses,Rabi       
Assam,KOKRAJHAR,Other  Rabi pulses,Rabi       
Assam,LAKHIMPUR,Other  Rabi pulses,Rabi       
Assam,MARIGAON,Other  Rabi pulses,Rabi       
Assam,NAGAON,Other  Rabi pulses,Rabi       
Assam,NALBARI,Other  Rabi pulses,Rabi       
Assam,SIVASAGAR,Other  Rabi pulses,Rabi       
Assam,SONITPUR,Other  Rabi pulses,Rabi       
Assam,TINSUKIA,Other  Rabi pulses,Rabi       
Assam,UDALGURI,Other  Rabi pulses,Rabi       
Assam,BAKSA,Peas & beans (Pulses),Rabi       
Assam,BARPETA,Peas & beans (Pulses),Rabi       
Assam,BONGAIGAON,Peas & beans (Pulses),Rabi       
Assam,CACHAR,Peas & beans (Pulses),Rabi       
Assam,CHIRANG,Peas & beans (Pulses),Rabi       
Assam,DARRANG,Peas & beans (Pulses),Rabi       
Assam,DHEMAJI,Peas & beans (Pulses),Rabi       
Assam,DHUBRI,Peas & beans (Pulses),Rabi       
Assam,DIBRUGARH,Peas & beans (Pulses),Rabi       
Assam,DIMA HASAO,Peas & beans (Pulses),Rabi       
Assam,GOALPARA,Peas & beans (Pulses),Rabi       
Assam,GOLAGHAT,Peas & beans (Pulses),Rabi       
Assam,HAILAKANDI,Peas & beans (Pulses),Rabi       
Assam,JORHAT,Peas & beans (Pulses),Rabi       
Assam,KAMRUP,Peas & beans (Pulses),Rabi       
Assam,KAMRUP METRO,Peas & beans (Pulses),Rabi       
Assam,KARBI ANGLONG,Peas & beans (Pulses),Rabi       
Assam,KARIMGANJ,Peas & beans (Pulses),Rabi       
Assam,KOKRAJHAR,Peas & beans (Pulses),Rabi       
Assam,LAKHIMPUR,Peas & beans (Pulses),Rabi       
Assam,MARIGAON,Peas & beans (Pulses),Rabi       
Assam,NAGAON,Peas & beans (Pulses),Rabi       
Assam,NALBARI,Peas & beans (Pulses),Rabi       
Assam,SIVASAGAR,Peas & beans (Pulses),Rabi       
Assam,SONITPUR,Peas & beans (Pulses),Rabi       
Assam,TINSUKIA,Peas & beans (Pulses),Rabi       
Assam,UDALGURI,Peas & beans (Pulses),Rabi       
Assam,BAKSA,Potato,Whole Year 
Assam,BARPETA,Potato,Whole Year 
Assam,BONGAIGAON,Potato,Whole Year 
Assam,CACHAR,Potato,Whole Year 
Assam,CHIRANG,Potato,Whole Year 
Assam,DARRANG,Potato,Whole Year 
Assam,DHEMAJI,Potato,Whole Year 
Assam,DHUBRI,Potato,Whole Year 
Assam,DIBRUGARH,Potato,Whole Year 
Assam,DIMA HASAO,Potato,Whole Year 
Assam,GOALPARA,Potato,Whole Year 
Assam,GOLAGHAT,Potato,Whole Year 
Assam,HAILAKANDI,Potato,Whole Year 
Assam,JORHAT,Potato,Whole Year 
Assam,KAMRUP,Potato,Whole Year 
Assam,KAMRUP METRO,Potato,Whole Year 
Assam,KARBI ANGLONG,Potato,Whole Year 
Assam,KARIMGANJ,Potato,Whole Year 
Assam,KOKRAJHAR,Potato,Whole Year 
Assam,LAKHIMPUR,Potato,Whole Year 
Assam,MARIGAON,Potato,Whole Year 
Assam,NAGAON,Potato,Whole Year 
Assam,NALBARI,Potato,Whole Year 
Assam,SIVASAGAR,Potato,Whole Year 
Assam,SONITPUR,Potato,Whole Year 
Assam,TINSUKIA,Potato,Whole Year 
Assam,UDALGURI,Potato,Whole Year 
Assam,BAKSA,Rapeseed &Mustard,Rabi       
Assam,BARPETA,Rapeseed &Mustard,Rabi       
Assam,BONGAIGAON,Rapeseed &Mustard,Rabi       
Assam,CACHAR,Rapeseed &Mustard,Rabi       
Assam,CHIRANG,Rapeseed &Mustard,Rabi       
Assam,DARRANG,Rapeseed &Mustard,Rabi       
Assam,DHEMAJI,Rapeseed &Mustard,Rabi       
Assam,DHUBRI,Rapeseed &Mustard,Rabi       
Assam,DIBRUGARH,Rapeseed &Mustard,Rabi       
Assam,DIMA HASAO,Rapeseed &Mustard,Rabi       
Assam,GOALPARA,Rapeseed &Mustard,Rabi       
Assam,GOLAGHAT,Rapeseed &Mustard,Rabi       
Assam,HAILAKANDI,Rapeseed &Mustard,Rabi       
Assam,JORHAT,Rapeseed &Mustard,Rabi       
Assam,KAMRUP,Rapeseed &Mustard,Rabi       
Assam,KAMRUP METRO,Rapeseed &Mustard,Rabi       
Assam,KARBI ANGLONG,Rapeseed &Mustard,Rabi       
Assam,KARIMGANJ,Rapeseed &Mustard,Rabi       
Assam,KOKRAJHAR,Rapeseed &Mustard,Rabi       
Assam,LAKHIMPUR,Rapeseed &Mustard,Rabi       
Assam,MARIGAON,Rapeseed &Mustard,Rabi       
Assam,NAGAON,Rapeseed &Mustard,Rabi       
Assam,NALBARI,Rapeseed &Mustard,Rabi       
Assam,SIVASAGAR,Rapeseed &Mustard,Rabi       
Assam,SONITPUR,Rapeseed &Mustard,Rabi       
Assam,TINSUKIA,Rapeseed &Mustard,Rabi       
Assam,UDALGURI,Rapeseed &Mustard,Rabi       
Assam,BAKSA,Rice,Autumn     
Assam,BARPETA,Rice,Autumn     
Assam,BONGAIGAON,Rice,Autumn     
Assam,CACHAR,Rice,Autumn     
Assam,CHIRANG,Rice,Autumn     
Assam,DARRANG,Rice,Autumn     
Assam,DHEMAJI,Rice,Autumn     
Assam,DHUBRI,Rice,Autumn     
Assam,DIBRUGARH,Rice,Autumn     
Assam,DIMA HASAO,Rice,Autumn     
Assam,GOALPARA,Rice,Autumn     
Assam,GOLAGHAT,Rice,Autumn     
Assam,HAILAKANDI,Rice,Autumn     
Assam,JORHAT,Rice,Autumn     
Assam,KAMRUP,Rice,Autumn     
Assam,KAMRUP METRO,Rice,Autumn     
Assam,KARBI ANGLONG,Rice,Autumn     
Assam,KARIMGANJ,Rice,Autumn     
Assam,KOKRAJHAR,Rice,Autumn     
Assam,LAKHIMPUR,Rice,Autumn     
Assam,MARIGAON,Rice,Autumn     
Assam,NAGAON,Rice,Autumn     
Assam,NALBARI,Rice,Autumn     
Assam,SIVASAGAR,Rice,Autumn     
Assam,SONITPUR,Rice,Autumn     
Assam,TINSUKIA,Rice,Autumn     
Assam,UDALGURI,Rice,Autumn     
Assam,BAKSA,Sesamum,Kharif     
Assam,BARPETA,Sesamum,Whole Year 
Assam,BONGAIGAON,Sesamum,Whole Year 
Assam,CACHAR,Sesamum,Whole Year 
Assam,CHIRANG,Sesamum,Kharif     
Assam,DARRANG,Sesamum,Whole Year 
Assam,DHEMAJI,Sesamum,Whole Year 
Assam,DHUBRI,Sesamum,Whole Year 
Assam,DIBRUGARH,Sesamum,Whole Year 
Assam,DIMA HASAO,Sesamum,Whole Year 
Assam,GOALPARA,Sesamum,Whole Year 
Assam,GOLAGHAT,Sesamum,Whole Year 
Assam,HAILAKANDI,Sesamum,Whole Year 
Assam,JORHAT,Sesamum,Whole Year 
Assam,KAMRUP,Sesamum,Whole Year 
Assam,KAMRUP METRO,Sesamum,Kharif     
Assam,KARBI ANGLONG,Sesamum,Whole Year 
Assam,KARIMGANJ,Sesamum,Whole Year 
Assam,KOKRAJHAR,Sesamum,Whole Year 
Assam,LAKHIMPUR,Sesamum,Whole Year 
Assam,MARIGAON,Sesamum,Whole Year 
Assam,NAGAON,Sesamum,Whole Year 
Assam,NALBARI,Sesamum,Whole Year 
Assam,SIVASAGAR,Sesamum,Whole Year 
Assam,SONITPUR,Sesamum,Whole Year 
Assam,TINSUKIA,Sesamum,Whole Year 
Assam,UDALGURI,Sesamum,Kharif     
Assam,BAKSA,Small millets,Kharif     
Assam,BARPETA,Small millets,Kharif     
Assam,BONGAIGAON,Small millets,Kharif     
Assam,CACHAR,Small millets,Kharif     
Assam,CHIRANG,Small millets,Kharif     
Assam,DARRANG,Small millets,Kharif     
Assam,DHEMAJI,Small millets,Kharif     
Assam,DHUBRI,Small millets,Kharif     
Assam,DIBRUGARH,Small millets,Kharif     
Assam,DIMA HASAO,Small millets,Kharif     
Assam,GOALPARA,Small millets,Kharif     
Assam,GOLAGHAT,Small millets,Kharif     
Assam,HAILAKANDI,Small millets,Kharif     
Assam,JORHAT,Small millets,Kharif     
Assam,KAMRUP,Small millets,Kharif     
Assam,KAMRUP METRO,Small millets,Kharif     
Assam,KARBI ANGLONG,Small millets,Kharif     
Assam,KARIMGANJ,Small millets,Kharif     
Assam,KOKRAJHAR,Small millets,Kharif     
Assam,LAKHIMPUR,Small millets,Kharif     
Assam,MARIGAON,Small millets,Kharif     
Assam,NAGAON,Small millets,Kharif     
Assam,NALBARI,Small millets,Kharif     
Assam,SIVASAGAR,Small millets,Kharif     
Assam,SONITPUR,Small millets,Kharif     
Assam,TINSUKIA,Small millets,Kharif     
Assam,UDALGURI,Small millets,Kharif     
Assam,BAKSA,Sugarcane,Whole Year 
Assam,BARPETA,Sugarcane,Kharif     
Assam,BONGAIGAON,Sugarcane,Kharif     
Assam,CACHAR,Sugarcane,Kharif     
Assam,CHIRANG,Sugarcane,Whole Year 
Assam,DARRANG,Sugarcane,Kharif     
Assam,DHEMAJI,Sugarcane,Kharif     
Assam,DHUBRI,Sugarcane,Kharif     
Assam,DIBRUGARH,Sugarcane,Kharif     
Assam,DIMA HASAO,Sugarcane,Kharif     
Assam,GOALPARA,Sugarcane,Kharif     
Assam,GOLAGHAT,Sugarcane,Kharif     
Assam,HAILAKANDI,Sugarcane,Kharif     
Assam,JORHAT,Sugarcane,Kharif     
Assam,KAMRUP,Sugarcane,Kharif     
Assam,KAMRUP METRO,Sugarcane,Whole Year 
Assam,KARBI ANGLONG,Sugarcane,Kharif     
Assam,KARIMGANJ,Sugarcane,Kharif     
Assam,KOKRAJHAR,Sugarcane,Kharif     
Assam,LAKHIMPUR,Sugarcane,Kharif     
Assam,MARIGAON,Sugarcane,Kharif     
Assam,NAGAON,Sugarcane,Kharif     
Assam,NALBARI,Sugarcane,Kharif     
Assam,SIVASAGAR,Sugarcane,Kharif     
Assam,SONITPUR,Sugarcane,Kharif     
Assam,TINSUKIA,Sugarcane,Kharif     
Assam,UDALGURI,Sugarcane,Whole Year 
Assam,BAKSA,Sweet potato,Whole Year 
Assam,BARPETA,Sweet potato,Whole Year 
Assam,BONGAIGAON,Sweet potato,Whole Year 
Assam,CACHAR,Sweet potato,Whole Year 
Assam,CHIRANG,Sweet potato,Whole Year 
Assam,DARRANG,Sweet potato,Whole Year 
Assam,DHEMAJI,Sweet potato,Whole Year 
Assam,DHUBRI,Sweet potato,Whole Year 
Assam,DIBRUGARH,Sweet potato,Whole Year 
Assam,DIMA HASAO,Sweet potato,Whole Year 
Assam,GOALPARA,Sweet potato,Whole Year 
Assam,GOLAGHAT,Sweet potato,Whole Year 
Assam,HAILAKANDI,Sweet potato,Whole Year 
Assam,JORHAT,Sweet potato,Whole Year 
Assam,KAMRUP,Sweet potato,Whole Year 
Assam,KAMRUP METRO,Sweet potato,Whole Year 
Assam,KARBI ANGLONG,Sweet potato,Whole Year 
Assam,KARIMGANJ,Sweet potato,Whole Year 
Assam,KOKRAJHAR,Sweet potato,Whole Year 
Assam,LAKHIMPUR,Sweet potato,Whole Year 
Assam,MARIGAON,Sweet potato,Whole Year 
Assam,NAGAON,Sweet potato,Whole Year 
Assam,NALBARI,Sweet potato,Whole Year 
Assam,SIVASAGAR,Sweet potato,Whole Year 
Assam,SONITPUR,Sweet potato,Whole Year 
Assam,TINSUKIA,Sweet potato,Whole Year 
Assam,UDALGURI,Sweet potato,Whole Year 
Assam,BAKSA,Tapioca,Whole Year 
Assam,BARPETA,Tapioca,Whole Year 
Assam,BONGAIGAON,Tapioca,Whole Year 
Assam,CACHAR,Tapioca,Whole Year 
Assam,CHIRANG,Tapioca,Whole Year 
Assam,DARRANG,Tapioca,Whole Year 
Assam,DHEMAJI,Tapioca,Whole Year 
Assam,DHUBRI,Tapioca,Whole Year 
Assam,DIBRUGARH,Tapioca,Whole Year 
Assam,DIMA HASAO,Tapioca,Whole Year 
Assam,GOALPARA,Tapioca,Whole Year 
Assam,GOLAGHAT,Tapioca,Whole Year 
Assam,HAILAKANDI,Tapioca,Whole Year 
Assam,JORHAT,Tapioca,Whole Year 
Assam,KAMRUP,Tapioca,Whole Year 
Assam,KAMRUP METRO,Tapioca,Whole Year 
Assam,KARBI ANGLONG,Tapioca,Whole Year 
Assam,KARIMGANJ,Tapioca,Whole Year 
Assam,KOKRAJHAR,Tapioca,Whole Year 
Assam,LAKHIMPUR,Tapioca,Whole Year 
Assam,MARIGAON,Tapioca,Whole Year 
Assam,NAGAON,Tapioca,Whole Year 
Assam,NALBARI,Tapioca,Whole Year 
Assam,SIVASAGAR,Tapioca,Whole Year 
Assam,SONITPUR,Tapioca,Whole Year 
Assam,TINSUKIA,Tapioca,Whole Year 
Assam,UDALGURI,Tapioca,Whole Year 
Assam,BAKSA,Tobacco,Whole Year 
Assam,BARPETA,Tobacco,Whole Year 
Assam,BONGAIGAON,Tobacco,Whole Year 
Assam,CACHAR,Tobacco,Whole Year 
Assam,CHIRANG,Tobacco,Whole Year 
Assam,DARRANG,Tobacco,Whole Year 
Assam,DHEMAJI,Tobacco,Whole Year 
Assam,DHUBRI,Tobacco,Whole Year 
Assam,DIBRUGARH,Tobacco,Whole Year 
Assam,DIMA HASAO,Tobacco,Whole Year 
Assam,GOALPARA,Tobacco,Whole Year 
Assam,GOLAGHAT,Tobacco,Whole Year 
Assam,HAILAKANDI,Tobacco,Whole Year 
Assam,JORHAT,Tobacco,Whole Year 
Assam,KAMRUP,Tobacco,Whole Year 
Assam,KAMRUP METRO,Tobacco,Whole Year 
Assam,KARBI ANGLONG,Tobacco,Whole Year 
Assam,KARIMGANJ,Tobacco,Whole Year 
Assam,KOKRAJHAR,Tobacco,Whole Year 
Assam,LAKHIMPUR,Tobacco,Whole Year 
Assam,MARIGAON,Tobacco,Whole Year 
Assam,NAGAON,Tobacco,Whole Year 
Assam,NALBARI,Tobacco,Whole Year 
Assam,SIVASAGAR,Tobacco,Whole Year 
Assam,SONITPUR,Tobacco,Whole Year 
Assam,TINSUKIA,Tobacco,Whole Year 
Assam,UDALGURI,Tobacco,Whole Year 
Assam,BAKSA,Turmeric,Whole Year 
Assam,BARPETA,Turmeric,Whole Year 
Assam,BONGAIGAON,Turmeric,Whole Year 
Assam,CACHAR,Turmeric,Whole Year 
Assam,CHIRANG,Turmeric,Whole Year 
Assam,DARRANG,Turmeric,Whole Year 
Assam,DHEMAJI,Turmeric,Whole Year 
Assam,DHUBRI,Turmeric,Whole Year 
Assam,DIBRUGARH,Turmeric,Whole Year 
Assam,DIMA HASAO,Turmeric,Whole Year 
Assam,GOALPARA,Turmeric,Whole Year 
Assam,GOLAGHAT,Turmeric,Whole Year 
Assam,HAILAKANDI,Turmeric,Whole Year 
Assam,JORHAT,Turmeric,Whole Year 
Assam,KAMRUP,Turmeric,Whole Year 
Assam,KAMRUP METRO,Turmeric,Whole Year 
Assam,KARBI ANGLONG,Turmeric,Whole Year 
Assam,KARIMGANJ,Turmeric,Whole Year 
Assam,KOKRAJHAR,Turmeric,Whole Year 
Assam,LAKHIMPUR,Turmeric,Whole Year 
Assam,MARIGAON,Turmeric,Whole Year 
Assam,NAGAON,Turmeric,Whole Year 
Assam,NALBARI,Turmeric,Whole Year 
Assam,SIVASAGAR,Turmeric,Whole Year 
Assam,SONITPUR,Turmeric,Whole Year 
Assam,TINSUKIA,Turmeric,Whole Year 
Assam,UDALGURI,Turmeric,Whole Year 
Assam,BAKSA,Urad,Rabi       
Assam,BARPETA,Urad,Rabi       
Assam,BONGAIGAON,Urad,Rabi       
Assam,CACHAR,Urad,Rabi       
Assam,CHIRANG,Urad,Rabi       
Assam,DARRANG,Urad,Rabi       
Assam,DHEMAJI,Urad,Rabi       
Assam,DHUBRI,Urad,Rabi       
Assam,DIBRUGARH,Urad,Rabi       
Assam,DIMA HASAO,Urad,Rabi       
Assam,GOALPARA,Urad,Rabi       
Assam,GOLAGHAT,Urad,Rabi       
Assam,HAILAKANDI,Urad,Rabi       
Assam,JORHAT,Urad,Rabi       
Assam,KAMRUP,Urad,Rabi       
Assam,KAMRUP METRO,Urad,Rabi       
Assam,KARBI ANGLONG,Urad,Rabi       
Assam,KARIMGANJ,Urad,Rabi       
Assam,KOKRAJHAR,Urad,Rabi       
Assam,LAKHIMPUR,Urad,Rabi       
Assam,MARIGAON,Urad,Rabi       
Assam,NAGAON,Urad,Rabi       
Assam,NALBARI,Urad,Rabi       
Assam,SIVASAGAR,Urad,Rabi       
Assam,SONITPUR,Urad,Rabi       
Assam,TINSUKIA,Urad,Rabi       
Assam,UDALGURI,Urad,Rabi       
Assam,BAKSA,Wheat,Rabi       
Assam,BARPETA,Wheat,Rabi       
Assam,BONGAIGAON,Wheat,Rabi       
Assam,CACHAR,Wheat,Rabi       
Assam,CHIRANG,Wheat,Rabi       
Assam,DARRANG,Wheat,Rabi       
Assam,DHEMAJI,Wheat,Rabi       
Assam,DHUBRI,Wheat,Rabi       
Assam,DIBRUGARH,Wheat,Rabi       
Assam,DIMA HASAO,Wheat,Rabi       
Assam,GOALPARA,Wheat,Rabi       
Assam,GOLAGHAT,Wheat,Rabi       
Assam,HAILAKANDI,Wheat,Rabi       
Assam,JORHAT,Wheat,Rabi       
Assam,KAMRUP,Wheat,Rabi       
Assam,KAMRUP METRO,Wheat,Rabi       
Assam,KARBI ANGLONG,Wheat,Rabi       
Assam,KARIMGANJ,Wheat,Rabi       
Assam,KOKRAJHAR,Wheat,Rabi       
Assam,LAKHIMPUR,Wheat,Rabi       
Assam,MARIGAON,Wheat,Rabi       
Assam,NAGAON,Wheat,Rabi       
Assam,NALBARI,Wheat,Rabi       
Assam,SIVASAGAR,Wheat,Rabi       
Assam,SONITPUR,Wheat,Rabi       
Assam,TINSUKIA,Wheat,Rabi       
Assam,UDALGURI,Wheat,Rabi       
Bihar,ARARIA,Arhar/Tur,Kharif     
Bihar,ARWAL,Arhar/Tur,Kharif     
Bihar,AURANGABAD,Arhar/Tur,Kharif     
Bihar,BANKA,Arhar/Tur,Kharif     
Bihar,BEGUSARAI,Arhar/Tur,Kharif     
Bihar,BHAGALPUR,Arhar/Tur,Kharif     
Bihar,BHOJPUR,Arhar/Tur,Kharif     
Bihar,BOKARO,Arhar/Tur,Kharif     
Bihar,BUXAR,Arhar/Tur,Kharif     
Bihar,CHATRA,Arhar/Tur,Kharif     
Bihar,DARBHANGA,Arhar/Tur,Kharif     
Bihar,DEOGHAR,Arhar/Tur,Kharif     
Bihar,DHANBAD,Arhar/Tur,Kharif     
Bihar,DUMKA,Arhar/Tur,Kharif     
Bihar,EAST SINGHBUM,Arhar/Tur,Kharif     
Bihar,GARHWA,Arhar/Tur,Kharif     
Bihar,GAYA,Arhar/Tur,Kharif     
Bihar,GIRIDIH,Arhar/Tur,Kharif     
Bihar,GODDA,Arhar/Tur,Kharif     
Bihar,GOPALGANJ,Arhar/Tur,Kharif     
Bihar,GUMLA,Arhar/Tur,Kharif     
Bihar,HAZARIBAGH,Arhar/Tur,Kharif     
Bihar,JAMUI,Arhar/Tur,Kharif     
Bihar,JEHANABAD,Arhar/Tur,Kharif     
Bihar,KAIMUR (BHABUA),Arhar/Tur,Kharif     
Bihar,KATIHAR,Arhar/Tur,Kharif     
Bihar,KHAGARIA,Arhar/Tur,Kharif     
Bihar,KISHANGANJ,Arhar/Tur,Kharif     
Bihar,KODERMA,Arhar/Tur,Kharif     
Bihar,LAKHISARAI,Arhar/Tur,Kharif     
Bihar,LOHARDAGA,Arhar/Tur,Kharif     
Bihar,MADHEPURA,Arhar/Tur,Kharif     
Bihar,MADHUBANI,Arhar/Tur,Kharif     
Bihar,MUNGER,Arhar/Tur,Kharif     
Bihar,MUZAFFARPUR,Arhar/Tur,Kharif     
Bihar,NALANDA,Arhar/Tur,Kharif     
Bihar,NAWADA,Arhar/Tur,Kharif     
Bihar,PAKUR,Arhar/Tur,Kharif     
Bihar,PALAMU,Arhar/Tur,Kharif     
Bihar,PASHCHIM CHAMPARAN,Arhar/Tur,Kharif     
Bihar,PATNA,Arhar/Tur,Kharif     
Bihar,PURBI CHAMPARAN,Arhar/Tur,Kharif     
Bihar,PURNIA,Arhar/Tur,Kharif     
Bihar,RANCHI,Arhar/Tur,Kharif     
Bihar,ROHTAS,Arhar/Tur,Kharif     
Bihar,SAHARSA,Arhar/Tur,Kharif     
Bihar,SAHEBGANJ,Arhar/Tur,Kharif     
Bihar,SAMASTIPUR,Arhar/Tur,Kharif     
Bihar,SARAN,Arhar/Tur,Kharif     
Bihar,SHEIKHPURA,Arhar/Tur,Kharif     
Bihar,SHEOHAR,Arhar/Tur,Kharif     
Bihar,SITAMARHI,Arhar/Tur,Kharif     
Bihar,SIWAN,Arhar/Tur,Kharif     
Bihar,SUPAUL,Arhar/Tur,Kharif     
Bihar,VAISHALI,Arhar/Tur,Kharif     
Bihar,WEST SINGHBHUM,Arhar/Tur,Kharif     
Bihar,ARARIA,Bajra,Kharif     
Bihar,AURANGABAD,Bajra,Kharif     
Bihar,BANKA,Bajra,Kharif     
Bihar,BEGUSARAI,Bajra,Kharif     
Bihar,BHAGALPUR,Bajra,Kharif     
Bihar,BHOJPUR,Bajra,Kharif     
Bihar,BOKARO,Bajra,Kharif     
Bihar,BUXAR,Bajra,Kharif     
Bihar,CHATRA,Bajra,Kharif     
Bihar,DARBHANGA,Bajra,Kharif     
Bihar,DEOGHAR,Bajra,Kharif     
Bihar,DHANBAD,Bajra,Kharif     
Bihar,DUMKA,Bajra,Kharif     
Bihar,EAST SINGHBUM,Bajra,Kharif     
Bihar,GARHWA,Bajra,Kharif     
Bihar,GAYA,Bajra,Kharif     
Bihar,GIRIDIH,Bajra,Kharif     
Bihar,GODDA,Bajra,Kharif     
Bihar,GOPALGANJ,Bajra,Kharif     
Bihar,GUMLA,Bajra,Kharif     
Bihar,HAZARIBAGH,Bajra,Kharif     
Bihar,JAMUI,Bajra,Kharif     
Bihar,JEHANABAD,Bajra,Kharif     
Bihar,KAIMUR (BHABUA),Bajra,Kharif     
Bihar,KATIHAR,Bajra,Kharif     
Bihar,KHAGARIA,Bajra,Kharif     
Bihar,KODERMA,Bajra,Kharif     
Bihar,MADHEPURA,Bajra,Kharif     
Bihar,MADHUBANI,Bajra,Kharif     
Bihar,MUZAFFARPUR,Bajra,Kharif     
Bihar,NAWADA,Bajra,Kharif     
Bihar,PAKUR,Bajra,Kharif     
Bihar,PALAMU,Bajra,Kharif     
Bihar,PASHCHIM CHAMPARAN,Bajra,Kharif     
Bihar,PATNA,Bajra,Kharif     
Bihar,PURBI CHAMPARAN,Bajra,Kharif     
Bihar,PURNIA,Bajra,Kharif     
Bihar,RANCHI,Bajra,Kharif     
Bihar,ROHTAS,Bajra,Kharif     
Bihar,SAHARSA,Bajra,Kharif     
Bihar,SAHEBGANJ,Bajra,Kharif     
Bihar,SAMASTIPUR,Bajra,Kharif     
Bihar,SARAN,Bajra,Kharif     
Bihar,SHEOHAR,Bajra,Kharif     
Bihar,SITAMARHI,Bajra,Kharif     
Bihar,SIWAN,Bajra,Kharif     
Bihar,VAISHALI,Bajra,Kharif     
Bihar,WEST SINGHBHUM,Bajra,Kharif     
Bihar,ARARIA,Banana,Whole Year 
Bihar,ARWAL,Banana,Whole Year 
Bihar,BEGUSARAI,Banana,Whole Year 
Bihar,BHAGALPUR,Banana,Whole Year 
Bihar,DARBHANGA,Banana,Whole Year 
Bihar,GAYA,Banana,Whole Year 
Bihar,GOPALGANJ,Banana,Whole Year 
Bihar,GUMLA,Banana,Whole Year 
Bihar,KAIMUR (BHABUA),Banana,Whole Year 
Bihar,KATIHAR,Banana,Whole Year 
Bihar,KHAGARIA,Banana,Whole Year 
Bihar,KISHANGANJ,Banana,Whole Year 
Bihar,LOHARDAGA,Banana,Whole Year 
Bihar,MADHEPURA,Banana,Whole Year 
Bihar,MADHUBANI,Banana,Whole Year 
Bihar,MUZAFFARPUR,Banana,Whole Year 
Bihar,NAWADA,Banana,Whole Year 
Bihar,PASHCHIM CHAMPARAN,Banana,Whole Year 
Bihar,PURBI CHAMPARAN,Banana,Whole Year 
Bihar,PURNIA,Banana,Whole Year 
Bihar,RANCHI,Banana,Whole Year 
Bihar,SAHARSA,Banana,Whole Year 
Bihar,SAMASTIPUR,Banana,Whole Year 
Bihar,SARAN,Banana,Whole Year 
Bihar,SHEOHAR,Banana,Whole Year 
Bihar,SITAMARHI,Banana,Whole Year 
Bihar,SIWAN,Banana,Whole Year 
Bihar,SUPAUL,Banana,Whole Year 
Bihar,VAISHALI,Banana,Whole Year 
Bihar,ARARIA,Barley,Rabi       
Bihar,ARWAL,Barley,Rabi       
Bihar,AURANGABAD,Barley,Rabi       
Bihar,BANKA,Barley,Rabi       
Bihar,BEGUSARAI,Barley,Rabi       
Bihar,BHAGALPUR,Barley,Rabi       
Bihar,BHOJPUR,Barley,Rabi       
Bihar,BOKARO,Barley,Rabi       
Bihar,BUXAR,Barley,Rabi       
Bihar,CHATRA,Barley,Rabi       
Bihar,DARBHANGA,Barley,Rabi       
Bihar,DEOGHAR,Barley,Rabi       
Bihar,GARHWA,Barley,Rabi       
Bihar,GAYA,Barley,Rabi       
Bihar,GIRIDIH,Barley,Rabi       
Bihar,GODDA,Barley,Rabi       
Bihar,GOPALGANJ,Barley,Rabi       
Bihar,GUMLA,Barley,Rabi       
Bihar,HAZARIBAGH,Barley,Rabi       
Bihar,JAMUI,Barley,Rabi       
Bihar,JEHANABAD,Barley,Rabi       
Bihar,KAIMUR (BHABUA),Barley,Rabi       
Bihar,KATIHAR,Barley,Rabi       
Bihar,KHAGARIA,Barley,Rabi       
Bihar,KISHANGANJ,Barley,Rabi       
Bihar,KODERMA,Barley,Rabi       
Bihar,LAKHISARAI,Barley,Rabi       
Bihar,LOHARDAGA,Barley,Rabi       
Bihar,MADHEPURA,Barley,Rabi       
Bihar,MADHUBANI,Barley,Rabi       
Bihar,MUNGER,Barley,Rabi       
Bihar,MUZAFFARPUR,Barley,Rabi       
Bihar,NALANDA,Barley,Rabi       
Bihar,NAWADA,Barley,Rabi       
Bihar,PAKUR,Barley,Rabi       
Bihar,PALAMU,Barley,Rabi       
Bihar,PASHCHIM CHAMPARAN,Barley,Rabi       
Bihar,PATNA,Barley,Rabi       
Bihar,PURBI CHAMPARAN,Barley,Rabi       
Bihar,PURNIA,Barley,Rabi       
Bihar,RANCHI,Barley,Rabi       
Bihar,ROHTAS,Barley,Rabi       
Bihar,SAHARSA,Barley,Rabi       
Bihar,SAHEBGANJ,Barley,Rabi       
Bihar,SAMASTIPUR,Barley,Rabi       
Bihar,SARAN,Barley,Rabi       
Bihar,SHEIKHPURA,Barley,Rabi       
Bihar,SHEOHAR,Barley,Rabi       
Bihar,SITAMARHI,Barley,Rabi       
Bihar,SIWAN,Barley,Rabi       
Bihar,SUPAUL,Barley,Rabi       
Bihar,VAISHALI,Barley,Rabi       
Bihar,WEST SINGHBHUM,Barley,Rabi       
Bihar,ARWAL,Castor seed,Kharif     
Bihar,AURANGABAD,Castor seed,Kharif     
Bihar,BANKA,Castor seed,Kharif     
Bihar,BEGUSARAI,Castor seed,Kharif     
Bihar,BHAGALPUR,Castor seed,Kharif     
Bihar,DUMKA,Castor seed,Kharif     
Bihar,GARHWA,Castor seed,Kharif     
Bihar,GAYA,Castor seed,Kharif     
Bihar,JAMUI,Castor seed,Kharif     
Bihar,JEHANABAD,Castor seed,Kharif     
Bihar,KATIHAR,Castor seed,Kharif     
Bihar,KHAGARIA,Castor seed,Kharif     
Bihar,KISHANGANJ,Castor seed,Kharif     
Bihar,MADHEPURA,Castor seed,Kharif     
Bihar,MADHUBANI,Castor seed,Kharif     
Bihar,MUZAFFARPUR,Castor seed,Kharif     
Bihar,NALANDA,Castor seed,Kharif     
Bihar,NAWADA,Castor seed,Kharif     
Bihar,PATNA,Castor seed,Kharif     
Bihar,PURBI CHAMPARAN,Castor seed,Kharif     
Bihar,RANCHI,Castor seed,Kharif     
Bihar,ROHTAS,Castor seed,Kharif     
Bihar,SAMASTIPUR,Castor seed,Kharif     
Bihar,SARAN,Castor seed,Kharif     
Bihar,SITAMARHI,Castor seed,Kharif     
Bihar,SIWAN,Castor seed,Kharif     
Bihar,VAISHALI,Castor seed,Kharif     
Bihar,ARARIA,Coriander,Whole Year 
Bihar,ARWAL,Coriander,Whole Year 
Bihar,AURANGABAD,Coriander,Whole Year 
Bihar,BANKA,Coriander,Whole Year 
Bihar,BEGUSARAI,Coriander,Whole Year 
Bihar,BHAGALPUR,Coriander,Whole Year 
Bihar,BHOJPUR,Coriander,Whole Year 
Bihar,BUXAR,Coriander,Whole Year 
Bihar,DARBHANGA,Coriander,Whole Year 
Bihar,GARHWA,Coriander,Whole Year 
Bihar,GAYA,Coriander,Whole Year 
Bihar,GOPALGANJ,Coriander,Whole Year 
Bihar,GUMLA,Coriander,Whole Year 
Bihar,HAZARIBAGH,Coriander,Whole Year 
Bihar,JEHANABAD,Coriander,Whole Year 
Bihar,KAIMUR (BHABUA),Coriander,Whole Year 
Bihar,KATIHAR,Coriander,Whole Year 
Bihar,KHAGARIA,Coriander,Whole Year 
Bihar,KISHANGANJ,Coriander,Whole Year 
Bihar,LAKHISARAI,Coriander,Whole Year 
Bihar,LOHARDAGA,Coriander,Whole Year 
Bihar,MADHEPURA,Coriander,Whole Year 
Bihar,MADHUBANI,Coriander,Whole Year 
Bihar,MUNGER,Coriander,Whole Year 
Bihar,MUZAFFARPUR,Coriander,Whole Year 
Bihar,NALANDA,Coriander,Whole Year 
Bihar,NAWADA,Coriander,Whole Year 
Bihar,PAKUR,Coriander,Whole Year 
Bihar,PALAMU,Coriander,Whole Year 
Bihar,PASHCHIM CHAMPARAN,Coriander,Whole Year 
Bihar,PATNA,Coriander,Whole Year 
Bihar,PURBI CHAMPARAN,Coriander,Whole Year 
Bihar,PURNIA,Coriander,Whole Year 
Bihar,RANCHI,Coriander,Whole Year 
Bihar,ROHTAS,Coriander,Whole Year 
Bihar,SAHARSA,Coriander,Whole Year 
Bihar,SAHEBGANJ,Coriander,Whole Year 
Bihar,SAMASTIPUR,Coriander,Whole Year 
Bihar,SARAN,Coriander,Whole Year 
Bihar,SHEIKHPURA,Coriander,Whole Year 
Bihar,SHEOHAR,Coriander,Whole Year 
Bihar,SITAMARHI,Coriander,Whole Year 
Bihar,SIWAN,Coriander,Whole Year 
Bihar,SUPAUL,Coriander,Whole Year 
Bihar,VAISHALI,Coriander,Whole Year 
Bihar,ROHTAS,Cotton(lint),Kharif     
Bihar,SIWAN,Cotton(lint),Kharif     
Bihar,ARARIA,Dry chillies,Whole Year 
Bihar,ARWAL,Dry chillies,Whole Year 
Bihar,AURANGABAD,Dry chillies,Whole Year 
Bihar,BANKA,Dry chillies,Whole Year 
Bihar,BEGUSARAI,Dry chillies,Whole Year 
Bihar,BHAGALPUR,Dry chillies,Whole Year 
Bihar,BHOJPUR,Dry chillies,Whole Year 
Bihar,BUXAR,Dry chillies,Whole Year 
Bihar,CHATRA,Dry chillies,Whole Year 
Bihar,DARBHANGA,Dry chillies,Whole Year 
Bihar,DEOGHAR,Dry chillies,Whole Year 
Bihar,DUMKA,Dry chillies,Whole Year 
Bihar,GARHWA,Dry chillies,Whole Year 
Bihar,GAYA,Dry chillies,Whole Year 
Bihar,GIRIDIH,Dry chillies,Whole Year 
Bihar,GODDA,Dry chillies,Whole Year 
Bihar,GOPALGANJ,Dry chillies,Whole Year 
Bihar,GUMLA,Dry chillies,Whole Year 
Bihar,HAZARIBAGH,Dry chillies,Whole Year 
Bihar,JEHANABAD,Dry chillies,Whole Year 
Bihar,KAIMUR (BHABUA),Dry chillies,Whole Year 
Bihar,KATIHAR,Dry chillies,Whole Year 
Bihar,KHAGARIA,Dry chillies,Whole Year 
Bihar,KISHANGANJ,Dry chillies,Whole Year 
Bihar,KODERMA,Dry chillies,Whole Year 
Bihar,LAKHISARAI,Dry chillies,Whole Year 
Bihar,LOHARDAGA,Dry chillies,Whole Year 
Bihar,MADHEPURA,Dry chillies,Whole Year 
Bihar,MADHUBANI,Dry chillies,Whole Year 
Bihar,MUNGER,Dry chillies,Whole Year 
Bihar,MUZAFFARPUR,Dry chillies,Whole Year 
Bihar,NALANDA,Dry chillies,Whole Year 
Bihar,NAWADA,Dry chillies,Whole Year 
Bihar,PALAMU,Dry chillies,Whole Year 
Bihar,PASHCHIM CHAMPARAN,Dry chillies,Whole Year 
Bihar,PATNA,Dry chillies,Whole Year 
Bihar,PURBI CHAMPARAN,Dry chillies,Whole Year 
Bihar,PURNIA,Dry chillies,Whole Year 
Bihar,RANCHI,Dry chillies,Whole Year 
Bihar,ROHTAS,Dry chillies,Whole Year 
Bihar,SAHARSA,Dry chillies,Whole Year 
Bihar,SAMASTIPUR,Dry chillies,Whole Year 
Bihar,SARAN,Dry chillies,Whole Year 
Bihar,SHEOHAR,Dry chillies,Whole Year 
Bihar,SITAMARHI,Dry chillies,Whole Year 
Bihar,SIWAN,Dry chillies,Whole Year 
Bihar,SUPAUL,Dry chillies,Whole Year 
Bihar,VAISHALI,Dry chillies,Whole Year 
Bihar,WEST SINGHBHUM,Dry chillies,Whole Year 
Bihar,ARARIA,Garlic,Whole Year 
Bihar,ARWAL,Garlic,Whole Year 
Bihar,AURANGABAD,Garlic,Whole Year 
Bihar,BANKA,Garlic,Whole Year 
Bihar,BEGUSARAI,Garlic,Whole Year 
Bihar,BHAGALPUR,Garlic,Whole Year 
Bihar,BHOJPUR,Garlic,Whole Year 
Bihar,BUXAR,Garlic,Whole Year 
Bihar,CHATRA,Garlic,Whole Year 
Bihar,DARBHANGA,Garlic,Whole Year 
Bihar,GARHWA,Garlic,Whole Year 
Bihar,GAYA,Garlic,Whole Year 
Bihar,GOPALGANJ,Garlic,Whole Year 
Bihar,GUMLA,Garlic,Whole Year 
Bihar,HAZARIBAGH,Garlic,Whole Year 
Bihar,JAMUI,Garlic,Whole Year 
Bihar,JEHANABAD,Garlic,Whole Year 
Bihar,KAIMUR (BHABUA),Garlic,Whole Year 
Bihar,KATIHAR,Garlic,Whole Year 
Bihar,KHAGARIA,Garlic,Whole Year 
Bihar,KISHANGANJ,Garlic,Whole Year 
Bihar,KODERMA,Garlic,Whole Year 
Bihar,LOHARDAGA,Garlic,Whole Year 
Bihar,MADHEPURA,Garlic,Whole Year 
Bihar,MADHUBANI,Garlic,Whole Year 
Bihar,MUNGER,Garlic,Whole Year 
Bihar,MUZAFFARPUR,Garlic,Whole Year 
Bihar,NALANDA,Garlic,Whole Year 
Bihar,NAWADA,Garlic,Whole Year 
Bihar,PAKUR,Garlic,Whole Year 
Bihar,PALAMU,Garlic,Whole Year 
Bihar,PASHCHIM CHAMPARAN,Garlic,Whole Year 
Bihar,PATNA,Garlic,Whole Year 
Bihar,PURBI CHAMPARAN,Garlic,Whole Year 
Bihar,PURNIA,Garlic,Whole Year 
Bihar,RANCHI,Garlic,Whole Year 
Bihar,ROHTAS,Garlic,Whole Year 
Bihar,SAHARSA,Garlic,Whole Year 
Bihar,SAHEBGANJ,Garlic,Whole Year 
Bihar,SAMASTIPUR,Garlic,Whole Year 
Bihar,SARAN,Garlic,Whole Year 
Bihar,SHEIKHPURA,Garlic,Whole Year 
Bihar,SHEOHAR,Garlic,Whole Year 
Bihar,SITAMARHI,Garlic,Whole Year 
Bihar,SIWAN,Garlic,Whole Year 
Bihar,SUPAUL,Garlic,Whole Year 
Bihar,VAISHALI,Garlic,Whole Year 
Bihar,ARARIA,Ginger,Kharif     
Bihar,ARWAL,Ginger,Whole Year 
Bihar,AURANGABAD,Ginger,Kharif     
Bihar,BEGUSARAI,Ginger,Kharif     
Bihar,BHAGALPUR,Ginger,Kharif     
Bihar,BHOJPUR,Ginger,Whole Year 
Bihar,GARHWA,Ginger,Kharif     
Bihar,GAYA,Ginger,Whole Year 
Bihar,GUMLA,Ginger,Kharif     
Bihar,JEHANABAD,Ginger,Kharif     
Bihar,KATIHAR,Ginger,Kharif     
Bihar,KHAGARIA,Ginger,Whole Year 
Bihar,KISHANGANJ,Ginger,Kharif     
Bihar,LOHARDAGA,Ginger,Kharif     
Bihar,MADHEPURA,Ginger,Kharif     
Bihar,MADHUBANI,Ginger,Kharif     
Bihar,MUZAFFARPUR,Ginger,Kharif     
Bihar,NALANDA,Ginger,Whole Year 
Bihar,NAWADA,Ginger,Kharif     
Bihar,PASHCHIM CHAMPARAN,Ginger,Kharif     
Bihar,PATNA,Ginger,Whole Year 
Bihar,PURBI CHAMPARAN,Ginger,Kharif     
Bihar,PURNIA,Ginger,Kharif     
Bihar,RANCHI,Ginger,Kharif     
Bihar,ROHTAS,Ginger,Whole Year 
Bihar,SAHARSA,Ginger,Kharif     
Bihar,SAMASTIPUR,Ginger,Kharif     
Bihar,SHEIKHPURA,Ginger,Whole Year 
Bihar,SHEOHAR,Ginger,Whole Year 
Bihar,SITAMARHI,Ginger,Kharif     
Bihar,SIWAN,Ginger,Kharif     
Bihar,SUPAUL,Ginger,Whole Year 
Bihar,VAISHALI,Ginger,Kharif     
Bihar,ARARIA,Gram,Rabi       
Bihar,ARWAL,Gram,Rabi       
Bihar,AURANGABAD,Gram,Rabi       
Bihar,BANKA,Gram,Rabi       
Bihar,BEGUSARAI,Gram,Rabi       
Bihar,BHAGALPUR,Gram,Rabi       
Bihar,BHOJPUR,Gram,Rabi       
Bihar,BOKARO,Gram,Rabi       
Bihar,BUXAR,Gram,Rabi       
Bihar,CHATRA,Gram,Rabi       
Bihar,DARBHANGA,Gram,Rabi       
Bihar,DEOGHAR,Gram,Rabi       
Bihar,DHANBAD,Gram,Rabi       
Bihar,DUMKA,Gram,Rabi       
Bihar,EAST SINGHBUM,Gram,Rabi       
Bihar,GARHWA,Gram,Rabi       
Bihar,GAYA,Gram,Rabi       
Bihar,GIRIDIH,Gram,Rabi       
Bihar,GODDA,Gram,Rabi       
Bihar,GOPALGANJ,Gram,Rabi       
Bihar,GUMLA,Gram,Rabi       
Bihar,HAZARIBAGH,Gram,Rabi       
Bihar,JAMUI,Gram,Rabi       
Bihar,JEHANABAD,Gram,Rabi       
Bihar,KAIMUR (BHABUA),Gram,Rabi       
Bihar,KATIHAR,Gram,Rabi       
Bihar,KHAGARIA,Gram,Rabi       
Bihar,KISHANGANJ,Gram,Rabi       
Bihar,KODERMA,Gram,Rabi       
Bihar,LAKHISARAI,Gram,Rabi       
Bihar,LOHARDAGA,Gram,Rabi       
Bihar,MADHEPURA,Gram,Rabi       
Bihar,MADHUBANI,Gram,Rabi       
Bihar,MUNGER,Gram,Rabi       
Bihar,MUZAFFARPUR,Gram,Rabi       
Bihar,NALANDA,Gram,Rabi       
Bihar,NAWADA,Gram,Rabi       
Bihar,PAKUR,Gram,Rabi       
Bihar,PALAMU,Gram,Rabi       
Bihar,PASHCHIM CHAMPARAN,Gram,Rabi       
Bihar,PATNA,Gram,Rabi       
Bihar,PURBI CHAMPARAN,Gram,Rabi       
Bihar,PURNIA,Gram,Rabi       
Bihar,RANCHI,Gram,Rabi       
Bihar,ROHTAS,Gram,Rabi       
Bihar,SAHARSA,Gram,Rabi       
Bihar,SAHEBGANJ,Gram,Rabi       
Bihar,SAMASTIPUR,Gram,Rabi       
Bihar,SARAN,Gram,Rabi       
Bihar,SHEIKHPURA,Gram,Rabi       
Bihar,SHEOHAR,Gram,Rabi       
Bihar,SITAMARHI,Gram,Rabi       
Bihar,SIWAN,Gram,Rabi       
Bihar,SUPAUL,Gram,Rabi       
Bihar,VAISHALI,Gram,Rabi       
Bihar,WEST SINGHBHUM,Gram,Rabi       
Bihar,ARARIA,Groundnut,Kharif     
Bihar,ARWAL,Groundnut,Kharif     
Bihar,AURANGABAD,Groundnut,Kharif     
Bihar,BANKA,Groundnut,Kharif     
Bihar,BEGUSARAI,Groundnut,Kharif     
Bihar,BHAGALPUR,Groundnut,Kharif     
Bihar,BOKARO,Groundnut,Kharif     
Bihar,CHATRA,Groundnut,Kharif     
Bihar,DARBHANGA,Groundnut,Kharif     
Bihar,GARHWA,Groundnut,Kharif     
Bihar,GAYA,Groundnut,Kharif     
Bihar,GIRIDIH,Groundnut,Kharif     
Bihar,GODDA,Groundnut,Kharif     
Bihar,GOPALGANJ,Groundnut,Kharif     
Bihar,GUMLA,Groundnut,Kharif     
Bihar,HAZARIBAGH,Groundnut,Kharif     
Bihar,JEHANABAD,Groundnut,Kharif     
Bihar,KATIHAR,Groundnut,Kharif     
Bihar,KHAGARIA,Groundnut,Kharif     
Bihar,KISHANGANJ,Groundnut,Kharif     
Bihar,KODERMA,Groundnut,Kharif     
Bihar,LOHARDAGA,Groundnut,Kharif     
Bihar,MADHEPURA,Groundnut,Kharif     
Bihar,MUNGER,Groundnut,Kharif     
Bihar,MUZAFFARPUR,Groundnut,Kharif     
Bihar,NALANDA,Groundnut,Kharif     
Bihar,NAWADA,Groundnut,Kharif     
Bihar,PALAMU,Groundnut,Kharif     
Bihar,PASHCHIM CHAMPARAN,Groundnut,Kharif     
Bihar,PURNIA,Groundnut,Kharif     
Bihar,RANCHI,Groundnut,Kharif     
Bihar,ROHTAS,Groundnut,Kharif     
Bihar,SHEIKHPURA,Groundnut,Kharif     
Bihar,SHEOHAR,Groundnut,Kharif     
Bihar,SITAMARHI,Groundnut,Kharif     
Bihar,SUPAUL,Groundnut,Kharif     
Bihar,WEST SINGHBHUM,Groundnut,Kharif     
Bihar,ARARIA,Horse-gram,Kharif     
Bihar,ARWAL,Horse-gram,Kharif     
Bihar,AURANGABAD,Horse-gram,Kharif     
Bihar,BANKA,Horse-gram,Kharif     
Bihar,BEGUSARAI,Horse-gram,Kharif     
Bihar,BHAGALPUR,Horse-gram,Kharif     
Bihar,BHOJPUR,Horse-gram,Kharif     
Bihar,BUXAR,Horse-gram,Kharif     
Bihar,DARBHANGA,Horse-gram,Kharif     
Bihar,GAYA,Horse-gram,Kharif     
Bihar,JAMUI,Horse-gram,Kharif     
Bihar,JEHANABAD,Horse-gram,Kharif     
Bihar,KAIMUR (BHABUA),Horse-gram,Kharif     
Bihar,KATIHAR,Horse-gram,Kharif     
Bihar,KHAGARIA,Horse-gram,Kharif     
Bihar,KISHANGANJ,Horse-gram,Kharif     
Bihar,LAKHISARAI,Horse-gram,Kharif     
Bihar,MADHEPURA,Horse-gram,Kharif     
Bihar,MADHUBANI,Horse-gram,Kharif     
Bihar,MUNGER,Horse-gram,Kharif     
Bihar,NALANDA,Horse-gram,Kharif     
Bihar,NAWADA,Horse-gram,Kharif     
Bihar,PASHCHIM CHAMPARAN,Horse-gram,Kharif     
Bihar,PURNIA,Horse-gram,Kharif     
Bihar,ROHTAS,Horse-gram,Kharif     
Bihar,SAHARSA,Horse-gram,Kharif     
Bihar,SAMASTIPUR,Horse-gram,Kharif     
Bihar,SHEIKHPURA,Horse-gram,Kharif     
Bihar,SITAMARHI,Horse-gram,Kharif     
Bihar,SIWAN,Horse-gram,Kharif     
Bihar,SUPAUL,Horse-gram,Kharif     
Bihar,VAISHALI,Horse-gram,Kharif     
Bihar,ARARIA,Jowar,Kharif     
Bihar,AURANGABAD,Jowar,Kharif     
Bihar,BANKA,Jowar,Kharif     
Bihar,BEGUSARAI,Jowar,Kharif     
Bihar,BHAGALPUR,Jowar,Kharif     
Bihar,BHOJPUR,Jowar,Kharif     
Bihar,BOKARO,Jowar,Kharif     
Bihar,BUXAR,Jowar,Kharif     
Bihar,DARBHANGA,Jowar,Kharif     
Bihar,EAST SINGHBUM,Jowar,Kharif     
Bihar,GARHWA,Jowar,Kharif     
Bihar,GAYA,Jowar,Kharif     
Bihar,GIRIDIH,Jowar,Kharif     
Bihar,GODDA,Jowar,Kharif     
Bihar,GOPALGANJ,Jowar,Kharif     
Bihar,HAZARIBAGH,Jowar,Kharif     
Bihar,JAMUI,Jowar,Kharif     
Bihar,JEHANABAD,Jowar,Kharif     
Bihar,KAIMUR (BHABUA),Jowar,Kharif     
Bihar,KATIHAR,Jowar,Kharif     
Bihar,KHAGARIA,Jowar,Kharif     
Bihar,KISHANGANJ,Jowar,Kharif     
Bihar,KODERMA,Jowar,Kharif     
Bihar,LAKHISARAI,Jowar,Kharif     
Bihar,MADHEPURA,Jowar,Kharif     
Bihar,MADHUBANI,Jowar,Kharif     
Bihar,MUNGER,Jowar,Kharif     
Bihar,MUZAFFARPUR,Jowar,Kharif     
Bihar,NALANDA,Jowar,Kharif     
Bihar,NAWADA,Jowar,Kharif     
Bihar,PALAMU,Jowar,Kharif     
Bihar,PASHCHIM CHAMPARAN,Jowar,Kharif     
Bihar,PATNA,Jowar,Kharif     
Bihar,PURBI CHAMPARAN,Jowar,Kharif     
Bihar,PURNIA,Jowar,Kharif     
Bihar,RANCHI,Jowar,Kharif     
Bihar,ROHTAS,Jowar,Kharif     
Bihar,SAHARSA,Jowar,Kharif     
Bihar,SAMASTIPUR,Jowar,Kharif     
Bihar,SARAN,Jowar,Kharif     
Bihar,SHEIKHPURA,Jowar,Kharif     
Bihar,SHEOHAR,Jowar,Kharif     
Bihar,SITAMARHI,Jowar,Kharif     
Bihar,SIWAN,Jowar,Kharif     
Bihar,SUPAUL,Jowar,Kharif     
Bihar,VAISHALI,Jowar,Kharif     
Bihar,WEST SINGHBHUM,Jowar,Kharif     
Bihar,ARARIA,Jute,Kharif     
Bihar,ARWAL,Jute,Kharif     
Bihar,BANKA,Jute,Kharif     
Bihar,BEGUSARAI,Jute,Kharif     
Bihar,BHAGALPUR,Jute,Kharif     
Bihar,BUXAR,Jute,Kharif     
Bihar,DARBHANGA,Jute,Kharif     
Bihar,DUMKA,Jute,Kharif     
Bihar,GAYA,Jute,Kharif     
Bihar,GOPALGANJ,Jute,Kharif     
Bihar,HAZARIBAGH,Jute,Kharif     
Bihar,JEHANABAD,Jute,Kharif     
Bihar,KATIHAR,Jute,Kharif     
Bihar,KHAGARIA,Jute,Kharif     
Bihar,KISHANGANJ,Jute,Kharif     
Bihar,MADHEPURA,Jute,Kharif     
Bihar,MADHUBANI,Jute,Kharif     
Bihar,MUNGER,Jute,Kharif     
Bihar,MUZAFFARPUR,Jute,Kharif     
Bihar,NAWADA,Jute,Kharif     
Bihar,PAKUR,Jute,Kharif     
Bihar,PASHCHIM CHAMPARAN,Jute,Kharif     
Bihar,PURBI CHAMPARAN,Jute,Kharif     
Bihar,PURNIA,Jute,Kharif     
Bihar,RANCHI,Jute,Kharif     
Bihar,ROHTAS,Jute,Kharif     
Bihar,SAHARSA,Jute,Kharif     
Bihar,SAHEBGANJ,Jute,Kharif     
Bihar,SAMASTIPUR,Jute,Kharif     
Bihar,SARAN,Jute,Kharif     
Bihar,SHEOHAR,Jute,Kharif     
Bihar,SIWAN,Jute,Kharif     
Bihar,SUPAUL,Jute,Kharif     
Bihar,VAISHALI,Jute,Kharif     
Bihar,WEST SINGHBHUM,Jute,Kharif     
Bihar,ARARIA,Khesari,Rabi       
Bihar,ARWAL,Khesari,Rabi       
Bihar,AURANGABAD,Khesari,Rabi       
Bihar,BANKA,Khesari,Rabi       
Bihar,BEGUSARAI,Khesari,Rabi       
Bihar,BHAGALPUR,Khesari,Rabi       
Bihar,BHOJPUR,Khesari,Rabi       
Bihar,BUXAR,Khesari,Rabi       
Bihar,DARBHANGA,Khesari,Rabi       
Bihar,GAYA,Khesari,Rabi       
Bihar,GOPALGANJ,Khesari,Rabi       
Bihar,JAMUI,Khesari,Rabi       
Bihar,JEHANABAD,Khesari,Rabi       
Bihar,KAIMUR (BHABUA),Khesari,Rabi       
Bihar,KATIHAR,Khesari,Rabi       
Bihar,KHAGARIA,Khesari,Rabi       
Bihar,KISHANGANJ,Khesari,Rabi       
Bihar,LAKHISARAI,Khesari,Rabi       
Bihar,MADHEPURA,Khesari,Rabi       
Bihar,MADHUBANI,Khesari,Rabi       
Bihar,MUNGER,Khesari,Rabi       
Bihar,MUZAFFARPUR,Khesari,Rabi       
Bihar,NALANDA,Khesari,Rabi       
Bihar,NAWADA,Khesari,Rabi       
Bihar,PASHCHIM CHAMPARAN,Khesari,Rabi       
Bihar,PATNA,Khesari,Rabi       
Bihar,PURBI CHAMPARAN,Khesari,Rabi       
Bihar,PURNIA,Khesari,Rabi       
Bihar,ROHTAS,Khesari,Rabi       
Bihar,SAHARSA,Khesari,Rabi       
Bihar,SAMASTIPUR,Khesari,Rabi       
Bihar,SARAN,Khesari,Rabi       
Bihar,SHEIKHPURA,Khesari,Rabi       
Bihar,SHEOHAR,Khesari,Rabi       
Bihar,SITAMARHI,Khesari,Rabi       
Bihar,SIWAN,Khesari,Rabi       
Bihar,SUPAUL,Khesari,Rabi       
Bihar,VAISHALI,Khesari,Rabi       
Bihar,ARARIA,Linseed,Rabi       
Bihar,ARWAL,Linseed,Rabi       
Bihar,AURANGABAD,Linseed,Rabi       
Bihar,BANKA,Linseed,Rabi       
Bihar,BEGUSARAI,Linseed,Rabi       
Bihar,BHAGALPUR,Linseed,Rabi       
Bihar,BHOJPUR,Linseed,Rabi       
Bihar,BUXAR,Linseed,Rabi       
Bihar,CHATRA,Linseed,Rabi       
Bihar,DARBHANGA,Linseed,Rabi       
Bihar,DEOGHAR,Linseed,Rabi       
Bihar,DUMKA,Linseed,Rabi       
Bihar,EAST SINGHBUM,Linseed,Rabi       
Bihar,GARHWA,Linseed,Rabi       
Bihar,GAYA,Linseed,Rabi       
Bihar,GIRIDIH,Linseed,Rabi       
Bihar,GODDA,Linseed,Rabi       
Bihar,GOPALGANJ,Linseed,Rabi       
Bihar,GUMLA,Linseed,Rabi       
Bihar,HAZARIBAGH,Linseed,Rabi       
Bihar,JAMUI,Linseed,Rabi       
Bihar,JEHANABAD,Linseed,Rabi       
Bihar,KAIMUR (BHABUA),Linseed,Rabi       
Bihar,KATIHAR,Linseed,Rabi       
Bihar,KHAGARIA,Linseed,Rabi       
Bihar,KISHANGANJ,Linseed,Rabi       
Bihar,KODERMA,Linseed,Rabi       
Bihar,LAKHISARAI,Linseed,Rabi       
Bihar,LOHARDAGA,Linseed,Rabi       
Bihar,MADHEPURA,Linseed,Rabi       
Bihar,MADHUBANI,Linseed,Rabi       
Bihar,MUNGER,Linseed,Rabi       
Bihar,MUZAFFARPUR,Linseed,Rabi       
Bihar,NALANDA,Linseed,Rabi       
Bihar,NAWADA,Linseed,Rabi       
Bihar,PAKUR,Linseed,Rabi       
Bihar,PALAMU,Linseed,Rabi       
Bihar,PASHCHIM CHAMPARAN,Linseed,Rabi       
Bihar,PATNA,Linseed,Rabi       
Bihar,PURBI CHAMPARAN,Linseed,Rabi       
Bihar,PURNIA,Linseed,Rabi       
Bihar,RANCHI,Linseed,Rabi       
Bihar,ROHTAS,Linseed,Rabi       
Bihar,SAHARSA,Linseed,Rabi       
Bihar,SAHEBGANJ,Linseed,Rabi       
Bihar,SAMASTIPUR,Linseed,Rabi       
Bihar,SARAN,Linseed,Rabi       
Bihar,SHEIKHPURA,Linseed,Rabi       
Bihar,SHEOHAR,Linseed,Rabi       
Bihar,SITAMARHI,Linseed,Rabi       
Bihar,SIWAN,Linseed,Rabi       
Bihar,SUPAUL,Linseed,Rabi       
Bihar,VAISHALI,Linseed,Rabi       
Bihar,WEST SINGHBHUM,Linseed,Rabi       
Bihar,ARARIA,Maize,Kharif     
Bihar,ARWAL,Maize,Kharif     
Bihar,AURANGABAD,Maize,Kharif     
Bihar,BANKA,Maize,Kharif     
Bihar,BEGUSARAI,Maize,Kharif     
Bihar,BHAGALPUR,Maize,Kharif     
Bihar,BHOJPUR,Maize,Kharif     
Bihar,BOKARO,Maize,Kharif     
Bihar,BUXAR,Maize,Kharif     
Bihar,CHATRA,Maize,Kharif     
Bihar,DARBHANGA,Maize,Kharif     
Bihar,DEOGHAR,Maize,Kharif     
Bihar,DHANBAD,Maize,Kharif     
Bihar,DUMKA,Maize,Kharif     
Bihar,EAST SINGHBUM,Maize,Kharif     
Bihar,GARHWA,Maize,Kharif     
Bihar,GAYA,Maize,Kharif     
Bihar,GIRIDIH,Maize,Kharif     
Bihar,GODDA,Maize,Kharif     
Bihar,GOPALGANJ,Maize,Kharif     
Bihar,GUMLA,Maize,Kharif     
Bihar,HAZARIBAGH,Maize,Kharif     
Bihar,JAMUI,Maize,Kharif     
Bihar,JEHANABAD,Maize,Kharif     
Bihar,KAIMUR (BHABUA),Maize,Kharif     
Bihar,KATIHAR,Maize,Kharif     
Bihar,KHAGARIA,Maize,Kharif     
Bihar,KISHANGANJ,Maize,Kharif     
Bihar,KODERMA,Maize,Kharif     
Bihar,LAKHISARAI,Maize,Rabi       
Bihar,LOHARDAGA,Maize,Kharif     
Bihar,MADHEPURA,Maize,Kharif     
Bihar,MADHUBANI,Maize,Kharif     
Bihar,MUNGER,Maize,Kharif     
Bihar,MUZAFFARPUR,Maize,Kharif     
Bihar,NALANDA,Maize,Kharif     
Bihar,NAWADA,Maize,Kharif     
Bihar,PAKUR,Maize,Kharif     
Bihar,PALAMU,Maize,Kharif     
Bihar,PASHCHIM CHAMPARAN,Maize,Kharif     
Bihar,PATNA,Maize,Kharif     
Bihar,PURBI CHAMPARAN,Maize,Kharif     
Bihar,PURNIA,Maize,Kharif     
Bihar,RANCHI,Maize,Kharif     
Bihar,ROHTAS,Maize,Kharif     
Bihar,SAHARSA,Maize,Kharif     
Bihar,SAHEBGANJ,Maize,Kharif     
Bihar,SAMASTIPUR,Maize,Kharif     
Bihar,SARAN,Maize,Kharif     
Bihar,SHEIKHPURA,Maize,Kharif     
Bihar,SHEOHAR,Maize,Kharif     
Bihar,SITAMARHI,Maize,Kharif     
Bihar,SIWAN,Maize,Kharif     
Bihar,SUPAUL,Maize,Kharif     
Bihar,VAISHALI,Maize,Kharif     
Bihar,WEST SINGHBHUM,Maize,Kharif     
Bihar,ARARIA,Masoor,Rabi       
Bihar,ARWAL,Masoor,Rabi       
Bihar,AURANGABAD,Masoor,Rabi       
Bihar,BANKA,Masoor,Rabi       
Bihar,BEGUSARAI,Masoor,Rabi       
Bihar,BHAGALPUR,Masoor,Rabi       
Bihar,BHOJPUR,Masoor,Rabi       
Bihar,BUXAR,Masoor,Rabi       
Bihar,DARBHANGA,Masoor,Rabi       
Bihar,GAYA,Masoor,Rabi       
Bihar,GOPALGANJ,Masoor,Rabi       
Bihar,JAMUI,Masoor,Rabi       
Bihar,JEHANABAD,Masoor,Rabi       
Bihar,KAIMUR (BHABUA),Masoor,Rabi       
Bihar,KATIHAR,Masoor,Rabi       
Bihar,KHAGARIA,Masoor,Rabi       
Bihar,KISHANGANJ,Masoor,Rabi       
Bihar,LAKHISARAI,Masoor,Rabi       
Bihar,MADHEPURA,Masoor,Rabi       
Bihar,MADHUBANI,Masoor,Rabi       
Bihar,MUNGER,Masoor,Rabi       
Bihar,MUZAFFARPUR,Masoor,Rabi       
Bihar,NALANDA,Masoor,Rabi       
Bihar,NAWADA,Masoor,Rabi       
Bihar,PASHCHIM CHAMPARAN,Masoor,Rabi       
Bihar,PATNA,Masoor,Rabi       
Bihar,PURBI CHAMPARAN,Masoor,Rabi       
Bihar,PURNIA,Masoor,Rabi       
Bihar,ROHTAS,Masoor,Rabi       
Bihar,SAHARSA,Masoor,Rabi       
Bihar,SAMASTIPUR,Masoor,Rabi       
Bihar,SARAN,Masoor,Rabi       
Bihar,SHEIKHPURA,Masoor,Rabi       
Bihar,SHEOHAR,Masoor,Rabi       
Bihar,SITAMARHI,Masoor,Rabi       
Bihar,SIWAN,Masoor,Rabi       
Bihar,SUPAUL,Masoor,Rabi       
Bihar,VAISHALI,Masoor,Rabi       
Bihar,ARARIA,Mesta,Kharif     
Bihar,ARWAL,Mesta,Kharif     
Bihar,AURANGABAD,Mesta,Kharif     
Bihar,BANKA,Mesta,Kharif     
Bihar,BEGUSARAI,Mesta,Kharif     
Bihar,BHAGALPUR,Mesta,Kharif     
Bihar,BHOJPUR,Mesta,Kharif     
Bihar,BOKARO,Mesta,Kharif     
Bihar,CHATRA,Mesta,Kharif     
Bihar,DARBHANGA,Mesta,Kharif     
Bihar,DEOGHAR,Mesta,Kharif     
Bihar,DUMKA,Mesta,Kharif     
Bihar,GAYA,Mesta,Kharif     
Bihar,GODDA,Mesta,Kharif     
Bihar,GOPALGANJ,Mesta,Kharif     
Bihar,JAMUI,Mesta,Kharif     
Bihar,JEHANABAD,Mesta,Kharif     
Bihar,KAIMUR (BHABUA),Mesta,Kharif     
Bihar,KATIHAR,Mesta,Kharif     
Bihar,KHAGARIA,Mesta,Kharif     
Bihar,KISHANGANJ,Mesta,Kharif     
Bihar,KODERMA,Mesta,Kharif     
Bihar,LAKHISARAI,Mesta,Kharif     
Bihar,MADHEPURA,Mesta,Kharif     
Bihar,MADHUBANI,Mesta,Kharif     
Bihar,MUZAFFARPUR,Mesta,Kharif     
Bihar,NALANDA,Mesta,Kharif     
Bihar,NAWADA,Mesta,Kharif     
Bihar,PAKUR,Mesta,Kharif     
Bihar,PASHCHIM CHAMPARAN,Mesta,Kharif     
Bihar,PATNA,Mesta,Kharif     
Bihar,PURBI CHAMPARAN,Mesta,Kharif     
Bihar,PURNIA,Mesta,Kharif     
Bihar,RANCHI,Mesta,Kharif     
Bihar,ROHTAS,Mesta,Kharif     
Bihar,SAHARSA,Mesta,Kharif     
Bihar,SAHEBGANJ,Mesta,Kharif     
Bihar,SAMASTIPUR,Mesta,Kharif     
Bihar,SARAN,Mesta,Kharif     
Bihar,SHEOHAR,Mesta,Kharif     
Bihar,SITAMARHI,Mesta,Kharif     
Bihar,SIWAN,Mesta,Kharif     
Bihar,SUPAUL,Mesta,Kharif     
Bihar,VAISHALI,Mesta,Kharif     
Bihar,WEST SINGHBHUM,Mesta,Kharif     
Bihar,ARARIA,Moong(Green Gram),Kharif     
Bihar,ARWAL,Moong(Green Gram),Kharif     
Bihar,AURANGABAD,Moong(Green Gram),Kharif     
Bihar,BANKA,Moong(Green Gram),Kharif     
Bihar,BEGUSARAI,Moong(Green Gram),Kharif     
Bihar,BHAGALPUR,Moong(Green Gram),Kharif     
Bihar,BHOJPUR,Moong(Green Gram),Kharif     
Bihar,BUXAR,Moong(Green Gram),Kharif     
Bihar,DARBHANGA,Moong(Green Gram),Rabi       
Bihar,GAYA,Moong(Green Gram),Kharif     
Bihar,GOPALGANJ,Moong(Green Gram),Rabi       
Bihar,JAMUI,Moong(Green Gram),Kharif     
Bihar,JEHANABAD,Moong(Green Gram),Kharif     
Bihar,KAIMUR (BHABUA),Moong(Green Gram),Kharif     
Bihar,KATIHAR,Moong(Green Gram),Rabi       
Bihar,KHAGARIA,Moong(Green Gram),Kharif     
Bihar,KISHANGANJ,Moong(Green Gram),Kharif     
Bihar,LAKHISARAI,Moong(Green Gram),Kharif     
Bihar,MADHEPURA,Moong(Green Gram),Rabi       
Bihar,MADHUBANI,Moong(Green Gram),Kharif     
Bihar,MUNGER,Moong(Green Gram),Kharif     
Bihar,MUZAFFARPUR,Moong(Green Gram),Kharif     
Bihar,NALANDA,Moong(Green Gram),Kharif     
Bihar,NAWADA,Moong(Green Gram),Kharif     
Bihar,PASHCHIM CHAMPARAN,Moong(Green Gram),Kharif     
Bihar,PATNA,Moong(Green Gram),Kharif     
Bihar,PURBI CHAMPARAN,Moong(Green Gram),Kharif     
Bihar,PURNIA,Moong(Green Gram),Kharif     
Bihar,ROHTAS,Moong(Green Gram),Kharif     
Bihar,SAHARSA,Moong(Green Gram),Rabi       
Bihar,SAMASTIPUR,Moong(Green Gram),Kharif     
Bihar,SARAN,Moong(Green Gram),Kharif     
Bihar,SHEIKHPURA,Moong(Green Gram),Kharif     
Bihar,SHEOHAR,Moong(Green Gram),Rabi       
Bihar,SITAMARHI,Moong(Green Gram),Kharif     
Bihar,SIWAN,Moong(Green Gram),Kharif     
Bihar,SUPAUL,Moong(Green Gram),Kharif     
Bihar,VAISHALI,Moong(Green Gram),Rabi       
Bihar,BOKARO,Niger seed,Kharif     
Bihar,CHATRA,Niger seed,Kharif     
Bihar,DHANBAD,Niger seed,Kharif     
Bihar,DUMKA,Niger seed,Kharif     
Bihar,EAST SINGHBUM,Niger seed,Kharif     
Bihar,GARHWA,Niger seed,Kharif     
Bihar,GIRIDIH,Niger seed,Kharif     
Bihar,GODDA,Niger seed,Kharif     
Bihar,GUMLA,Niger seed,Kharif     
Bihar,HAZARIBAGH,Niger seed,Kharif     
Bihar,KATIHAR,Niger seed,Kharif     
Bihar,KISHANGANJ,Niger seed,Kharif     
Bihar,KODERMA,Niger seed,Kharif     
Bihar,LOHARDAGA,Niger seed,Kharif     
Bihar,PAKUR,Niger seed,Kharif     
Bihar,PALAMU,Niger seed,Kharif     
Bihar,PURNIA,Niger seed,Kharif     
Bihar,RANCHI,Niger seed,Kharif     
Bihar,SAHEBGANJ,Niger seed,Kharif     
Bihar,SAMASTIPUR,Niger seed,Kharif     
Bihar,SUPAUL,Niger seed,Kharif     
Bihar,WEST SINGHBHUM,Niger seed,Kharif     
Bihar,ARARIA,Onion,Whole Year 
Bihar,ARWAL,Onion,Whole Year 
Bihar,AURANGABAD,Onion,Whole Year 
Bihar,BANKA,Onion,Whole Year 
Bihar,BEGUSARAI,Onion,Whole Year 
Bihar,BHAGALPUR,Onion,Whole Year 
Bihar,BHOJPUR,Onion,Whole Year 
Bihar,BOKARO,Onion,Whole Year 
Bihar,BUXAR,Onion,Whole Year 
Bihar,CHATRA,Onion,Whole Year 
Bihar,DARBHANGA,Onion,Whole Year 
Bihar,DEOGHAR,Onion,Whole Year 
Bihar,DHANBAD,Onion,Whole Year 
Bihar,DUMKA,Onion,Whole Year 
Bihar,EAST SINGHBUM,Onion,Whole Year 
Bihar,GARHWA,Onion,Whole Year 
Bihar,GAYA,Onion,Whole Year 
Bihar,GIRIDIH,Onion,Whole Year 
Bihar,GODDA,Onion,Whole Year 
Bihar,GOPALGANJ,Onion,Whole Year 
Bihar,GUMLA,Onion,Whole Year 
Bihar,HAZARIBAGH,Onion,Whole Year 
Bihar,JAMUI,Onion,Whole Year 
Bihar,JEHANABAD,Onion,Whole Year 
Bihar,KAIMUR (BHABUA),Onion,Whole Year 
Bihar,KATIHAR,Onion,Whole Year 
Bihar,KHAGARIA,Onion,Whole Year 
Bihar,KISHANGANJ,Onion,Whole Year 
Bihar,KODERMA,Onion,Whole Year 
Bihar,LAKHISARAI,Onion,Whole Year 
Bihar,LOHARDAGA,Onion,Whole Year 
Bihar,MADHEPURA,Onion,Whole Year 
Bihar,MADHUBANI,Onion,Whole Year 
Bihar,MUNGER,Onion,Whole Year 
Bihar,MUZAFFARPUR,Onion,Whole Year 
Bihar,NALANDA,Onion,Whole Year 
Bihar,NAWADA,Onion,Whole Year 
Bihar,PAKUR,Onion,Whole Year 
Bihar,PALAMU,Onion,Whole Year 
Bihar,PASHCHIM CHAMPARAN,Onion,Whole Year 
Bihar,PATNA,Onion,Whole Year 
Bihar,PURBI CHAMPARAN,Onion,Whole Year 
Bihar,PURNIA,Onion,Whole Year 
Bihar,RANCHI,Onion,Whole Year 
Bihar,ROHTAS,Onion,Whole Year 
Bihar,SAHARSA,Onion,Whole Year 
Bihar,SAHEBGANJ,Onion,Whole Year 
Bihar,SAMASTIPUR,Onion,Whole Year 
Bihar,SARAN,Onion,Whole Year 
Bihar,SHEIKHPURA,Onion,Whole Year 
Bihar,SHEOHAR,Onion,Whole Year 
Bihar,SITAMARHI,Onion,Whole Year 
Bihar,SIWAN,Onion,Whole Year 
Bihar,SUPAUL,Onion,Whole Year 
Bihar,VAISHALI,Onion,Whole Year 
Bihar,WEST SINGHBHUM,Onion,Whole Year 
Bihar,ARARIA,Other  Rabi pulses,Rabi       
Bihar,ARWAL,Other  Rabi pulses,Rabi       
Bihar,AURANGABAD,Other  Rabi pulses,Rabi       
Bihar,BANKA,Other  Rabi pulses,Rabi       
Bihar,BEGUSARAI,Other  Rabi pulses,Rabi       
Bihar,BHAGALPUR,Other  Rabi pulses,Rabi       
Bihar,BHOJPUR,Other  Rabi pulses,Rabi       
Bihar,BUXAR,Other  Rabi pulses,Rabi       
Bihar,CHATRA,Other  Rabi pulses,Rabi       
Bihar,DARBHANGA,Other  Rabi pulses,Rabi       
Bihar,DEOGHAR,Other  Rabi pulses,Rabi       
Bihar,DUMKA,Other  Rabi pulses,Rabi       
Bihar,EAST SINGHBUM,Other  Rabi pulses,Rabi       
Bihar,GARHWA,Other  Rabi pulses,Rabi       
Bihar,GAYA,Other  Rabi pulses,Rabi       
Bihar,GIRIDIH,Other  Rabi pulses,Rabi       
Bihar,GODDA,Other  Rabi pulses,Rabi       
Bihar,GOPALGANJ,Other  Rabi pulses,Rabi       
Bihar,GUMLA,Other  Rabi pulses,Rabi       
Bihar,HAZARIBAGH,Other  Rabi pulses,Rabi       
Bihar,JAMUI,Other  Rabi pulses,Rabi       
Bihar,JEHANABAD,Other  Rabi pulses,Rabi       
Bihar,KAIMUR (BHABUA),Other  Rabi pulses,Rabi       
Bihar,KATIHAR,Other  Rabi pulses,Rabi       
Bihar,KHAGARIA,Other  Rabi pulses,Rabi       
Bihar,KISHANGANJ,Other  Rabi pulses,Rabi       
Bihar,KODERMA,Other  Rabi pulses,Rabi       
Bihar,LAKHISARAI,Other  Rabi pulses,Rabi       
Bihar,LOHARDAGA,Other  Rabi pulses,Rabi       
Bihar,MADHEPURA,Other  Rabi pulses,Rabi       
Bihar,MADHUBANI,Other  Rabi pulses,Rabi       
Bihar,MUNGER,Other  Rabi pulses,Rabi       
Bihar,MUZAFFARPUR,Other  Rabi pulses,Rabi       
Bihar,NALANDA,Other  Rabi pulses,Rabi       
Bihar,NAWADA,Other  Rabi pulses,Rabi       
Bihar,PAKUR,Other  Rabi pulses,Rabi       
Bihar,PALAMU,Other  Rabi pulses,Rabi       
Bihar,PASHCHIM CHAMPARAN,Other  Rabi pulses,Rabi       
Bihar,PATNA,Other  Rabi pulses,Rabi       
Bihar,PURBI CHAMPARAN,Other  Rabi pulses,Rabi       
Bihar,PURNIA,Other  Rabi pulses,Rabi       
Bihar,RANCHI,Other  Rabi pulses,Rabi       
Bihar,ROHTAS,Other  Rabi pulses,Rabi       
Bihar,SAHARSA,Other  Rabi pulses,Rabi       
Bihar,SAHEBGANJ,Other  Rabi pulses,Rabi       
Bihar,SAMASTIPUR,Other  Rabi pulses,Rabi       
Bihar,SARAN,Other  Rabi pulses,Rabi       
Bihar,SHEIKHPURA,Other  Rabi pulses,Rabi       
Bihar,SHEOHAR,Other  Rabi pulses,Rabi       
Bihar,SITAMARHI,Other  Rabi pulses,Rabi       
Bihar,SIWAN,Other  Rabi pulses,Rabi       
Bihar,SUPAUL,Other  Rabi pulses,Rabi       
Bihar,VAISHALI,Other  Rabi pulses,Rabi       
Bihar,WEST SINGHBHUM,Other  Rabi pulses,Rabi       
Bihar,ARARIA,Other Kharif pulses,Kharif     
Bihar,ARWAL,Other Kharif pulses,Kharif     
Bihar,AURANGABAD,Other Kharif pulses,Kharif     
Bihar,BANKA,Other Kharif pulses,Kharif     
Bihar,BEGUSARAI,Other Kharif pulses,Kharif     
Bihar,BHAGALPUR,Other Kharif pulses,Kharif     
Bihar,BHOJPUR,Other Kharif pulses,Kharif     
Bihar,BOKARO,Other Kharif pulses,Kharif     
Bihar,BUXAR,Other Kharif pulses,Kharif     
Bihar,CHATRA,Other Kharif pulses,Kharif     
Bihar,DARBHANGA,Other Kharif pulses,Kharif     
Bihar,DEOGHAR,Other Kharif pulses,Kharif     
Bihar,DHANBAD,Other Kharif pulses,Kharif     
Bihar,DUMKA,Other Kharif pulses,Kharif     
Bihar,EAST SINGHBUM,Other Kharif pulses,Kharif     
Bihar,GARHWA,Other Kharif pulses,Kharif     
Bihar,GAYA,Other Kharif pulses,Kharif     
Bihar,GIRIDIH,Other Kharif pulses,Kharif     
Bihar,GODDA,Other Kharif pulses,Kharif     
Bihar,GOPALGANJ,Other Kharif pulses,Kharif     
Bihar,GUMLA,Other Kharif pulses,Kharif     
Bihar,HAZARIBAGH,Other Kharif pulses,Kharif     
Bihar,JAMUI,Other Kharif pulses,Kharif     
Bihar,JEHANABAD,Other Kharif pulses,Kharif     
Bihar,KAIMUR (BHABUA),Other Kharif pulses,Kharif     
Bihar,KATIHAR,Other Kharif pulses,Kharif     
Bihar,KHAGARIA,Other Kharif pulses,Kharif     
Bihar,KISHANGANJ,Other Kharif pulses,Kharif     
Bihar,KODERMA,Other Kharif pulses,Kharif     
Bihar,LAKHISARAI,Other Kharif pulses,Kharif     
Bihar,LOHARDAGA,Other Kharif pulses,Kharif     
Bihar,MADHEPURA,Other Kharif pulses,Kharif     
Bihar,MADHUBANI,Other Kharif pulses,Kharif     
Bihar,MUNGER,Other Kharif pulses,Kharif     
Bihar,MUZAFFARPUR,Other Kharif pulses,Kharif     
Bihar,NALANDA,Other Kharif pulses,Kharif     
Bihar,NAWADA,Other Kharif pulses,Kharif     
Bihar,PAKUR,Other Kharif pulses,Kharif     
Bihar,PALAMU,Other Kharif pulses,Kharif     
Bihar,PASHCHIM CHAMPARAN,Other Kharif pulses,Kharif     
Bihar,PATNA,Other Kharif pulses,Kharif     
Bihar,PURBI CHAMPARAN,Other Kharif pulses,Kharif     
Bihar,PURNIA,Other Kharif pulses,Kharif     
Bihar,RANCHI,Other Kharif pulses,Kharif     
Bihar,ROHTAS,Other Kharif pulses,Kharif     
Bihar,SAHARSA,Other Kharif pulses,Kharif     
Bihar,SAHEBGANJ,Other Kharif pulses,Kharif     
Bihar,SAMASTIPUR,Other Kharif pulses,Kharif     
Bihar,SARAN,Other Kharif pulses,Kharif     
Bihar,SHEIKHPURA,Other Kharif pulses,Kharif     
Bihar,SITAMARHI,Other Kharif pulses,Kharif     
Bihar,SIWAN,Other Kharif pulses,Kharif     
Bihar,SUPAUL,Other Kharif pulses,Kharif     
Bihar,VAISHALI,Other Kharif pulses,Kharif     
Bihar,WEST SINGHBHUM,Other Kharif pulses,Kharif     
Bihar,ARARIA,Peas & beans (Pulses),Rabi       
Bihar,ARWAL,Peas & beans (Pulses),Rabi       
Bihar,AURANGABAD,Peas & beans (Pulses),Rabi       
Bihar,BANKA,Peas & beans (Pulses),Rabi       
Bihar,BEGUSARAI,Peas & beans (Pulses),Rabi       
Bihar,BHAGALPUR,Peas & beans (Pulses),Rabi       
Bihar,BHOJPUR,Peas & beans (Pulses),Rabi       
Bihar,BUXAR,Peas & beans (Pulses),Rabi       
Bihar,DARBHANGA,Peas & beans (Pulses),Rabi       
Bihar,GAYA,Peas & beans (Pulses),Rabi       
Bihar,GOPALGANJ,Peas & beans (Pulses),Rabi       
Bihar,JAMUI,Peas & beans (Pulses),Rabi       
Bihar,JEHANABAD,Peas & beans (Pulses),Rabi       
Bihar,KAIMUR (BHABUA),Peas & beans (Pulses),Rabi       
Bihar,KATIHAR,Peas & beans (Pulses),Rabi       
Bihar,KHAGARIA,Peas & beans (Pulses),Rabi       
Bihar,KISHANGANJ,Peas & beans (Pulses),Rabi       
Bihar,LAKHISARAI,Peas & beans (Pulses),Rabi       
Bihar,MADHEPURA,Peas & beans (Pulses),Rabi       
Bihar,MADHUBANI,Peas & beans (Pulses),Rabi       
Bihar,MUNGER,Peas & beans (Pulses),Rabi       
Bihar,MUZAFFARPUR,Peas & beans (Pulses),Rabi       
Bihar,NALANDA,Peas & beans (Pulses),Rabi       
Bihar,NAWADA,Peas & beans (Pulses),Rabi       
Bihar,PASHCHIM CHAMPARAN,Peas & beans (Pulses),Rabi       
Bihar,PATNA,Peas & beans (Pulses),Rabi       
Bihar,PURBI CHAMPARAN,Peas & beans (Pulses),Rabi       
Bihar,PURNIA,Peas & beans (Pulses),Rabi       
Bihar,ROHTAS,Peas & beans (Pulses),Rabi       
Bihar,SAHARSA,Peas & beans (Pulses),Rabi       
Bihar,SAMASTIPUR,Peas & beans (Pulses),Rabi       
Bihar,SARAN,Peas & beans (Pulses),Rabi       
Bihar,SHEIKHPURA,Peas & beans (Pulses),Rabi       
Bihar,SHEOHAR,Peas & beans (Pulses),Rabi       
Bihar,SITAMARHI,Peas & beans (Pulses),Rabi       
Bihar,SIWAN,Peas & beans (Pulses),Rabi       
Bihar,SUPAUL,Peas & beans (Pulses),Rabi       
Bihar,VAISHALI,Peas & beans (Pulses),Rabi       
Bihar,ARARIA,Potato,Whole Year 
Bihar,ARWAL,Potato,Whole Year 
Bihar,AURANGABAD,Potato,Whole Year 
Bihar,BANKA,Potato,Whole Year 
Bihar,BEGUSARAI,Potato,Whole Year 
Bihar,BHAGALPUR,Potato,Whole Year 
Bihar,BHOJPUR,Potato,Whole Year 
Bihar,BOKARO,Potato,Whole Year 
Bihar,BUXAR,Potato,Whole Year 
Bihar,CHATRA,Potato,Whole Year 
Bihar,DARBHANGA,Potato,Whole Year 
Bihar,DEOGHAR,Potato,Whole Year 
Bihar,DHANBAD,Potato,Whole Year 
Bihar,DUMKA,Potato,Whole Year 
Bihar,EAST SINGHBUM,Potato,Whole Year 
Bihar,GARHWA,Potato,Whole Year 
Bihar,GAYA,Potato,Whole Year 
Bihar,GIRIDIH,Potato,Whole Year 
Bihar,GODDA,Potato,Whole Year 
Bihar,GOPALGANJ,Potato,Whole Year 
Bihar,GUMLA,Potato,Whole Year 
Bihar,HAZARIBAGH,Potato,Whole Year 
Bihar,JAMUI,Potato,Whole Year 
Bihar,JEHANABAD,Potato,Whole Year 
Bihar,KAIMUR (BHABUA),Potato,Whole Year 
Bihar,KATIHAR,Potato,Whole Year 
Bihar,KHAGARIA,Potato,Whole Year 
Bihar,KISHANGANJ,Potato,Whole Year 
Bihar,KODERMA,Potato,Whole Year 
Bihar,LAKHISARAI,Potato,Whole Year 
Bihar,LOHARDAGA,Potato,Whole Year 
Bihar,MADHEPURA,Potato,Whole Year 
Bihar,MADHUBANI,Potato,Whole Year 
Bihar,MUNGER,Potato,Whole Year 
Bihar,MUZAFFARPUR,Potato,Whole Year 
Bihar,NALANDA,Potato,Whole Year 
Bihar,NAWADA,Potato,Whole Year 
Bihar,PAKUR,Potato,Whole Year 
Bihar,PALAMU,Potato,Whole Year 
Bihar,PASHCHIM CHAMPARAN,Potato,Whole Year 
Bihar,PATNA,Potato,Whole Year 
Bihar,PURBI CHAMPARAN,Potato,Whole Year 
Bihar,PURNIA,Potato,Whole Year 
Bihar,RANCHI,Potato,Whole Year 
Bihar,ROHTAS,Potato,Whole Year 
Bihar,SAHARSA,Potato,Whole Year 
Bihar,SAHEBGANJ,Potato,Whole Year 
Bihar,SAMASTIPUR,Potato,Whole Year 
Bihar,SARAN,Potato,Whole Year 
Bihar,SHEIKHPURA,Potato,Whole Year 
Bihar,SHEOHAR,Potato,Whole Year 
Bihar,SITAMARHI,Potato,Whole Year 
Bihar,SIWAN,Potato,Whole Year 
Bihar,SUPAUL,Potato,Whole Year 
Bihar,VAISHALI,Potato,Whole Year 
Bihar,WEST SINGHBHUM,Potato,Whole Year 
Bihar,ARARIA,Ragi,Whole Year 
Bihar,ARWAL,Ragi,Kharif     
Bihar,AURANGABAD,Ragi,Whole Year 
Bihar,BANKA,Ragi,Whole Year 
Bihar,BEGUSARAI,Ragi,Whole Year 
Bihar,BHOJPUR,Ragi,Whole Year 
Bihar,BOKARO,Ragi,Whole Year 
Bihar,BUXAR,Ragi,Whole Year 
Bihar,CHATRA,Ragi,Whole Year 
Bihar,DARBHANGA,Ragi,Whole Year 
Bihar,DEOGHAR,Ragi,Whole Year 
Bihar,DHANBAD,Ragi,Whole Year 
Bihar,DUMKA,Ragi,Whole Year 
Bihar,EAST SINGHBUM,Ragi,Kharif     
Bihar,GARHWA,Ragi,Whole Year 
Bihar,GAYA,Ragi,Whole Year 
Bihar,GIRIDIH,Ragi,Whole Year 
Bihar,GODDA,Ragi,Whole Year 
Bihar,GOPALGANJ,Ragi,Whole Year 
Bihar,GUMLA,Ragi,Whole Year 
Bihar,HAZARIBAGH,Ragi,Whole Year 
Bihar,JAMUI,Ragi,Whole Year 
Bihar,JEHANABAD,Ragi,Whole Year 
Bihar,KAIMUR (BHABUA),Ragi,Whole Year 
Bihar,KATIHAR,Ragi,Whole Year 
Bihar,KHAGARIA,Ragi,Whole Year 
Bihar,KISHANGANJ,Ragi,Whole Year 
Bihar,KODERMA,Ragi,Whole Year 
Bihar,LAKHISARAI,Ragi,Kharif     
Bihar,LOHARDAGA,Ragi,Whole Year 
Bihar,MADHEPURA,Ragi,Whole Year 
Bihar,MADHUBANI,Ragi,Whole Year 
Bihar,MUNGER,Ragi,Whole Year 
Bihar,MUZAFFARPUR,Ragi,Whole Year 
Bihar,NALANDA,Ragi,Whole Year 
Bihar,NAWADA,Ragi,Whole Year 
Bihar,PAKUR,Ragi,Whole Year 
Bihar,PALAMU,Ragi,Whole Year 
Bihar,PASHCHIM CHAMPARAN,Ragi,Whole Year 
Bihar,PATNA,Ragi,Whole Year 
Bihar,PURBI CHAMPARAN,Ragi,Whole Year 
Bihar,PURNIA,Ragi,Whole Year 
Bihar,RANCHI,Ragi,Whole Year 
Bihar,ROHTAS,Ragi,Whole Year 
Bihar,SAHARSA,Ragi,Whole Year 
Bihar,SAHEBGANJ,Ragi,Kharif     
Bihar,SAMASTIPUR,Ragi,Whole Year 
Bihar,SARAN,Ragi,Whole Year 
Bihar,SHEIKHPURA,Ragi,Kharif     
Bihar,SHEOHAR,Ragi,Whole Year 
Bihar,SITAMARHI,Ragi,Whole Year 
Bihar,SIWAN,Ragi,Whole Year 
Bihar,SUPAUL,Ragi,Whole Year 
Bihar,VAISHALI,Ragi,Whole Year 
Bihar,WEST SINGHBHUM,Ragi,Whole Year 
Bihar,ARARIA,Rapeseed &Mustard,Rabi       
Bihar,ARWAL,Rapeseed &Mustard,Rabi       
Bihar,AURANGABAD,Rapeseed &Mustard,Rabi       
Bihar,BANKA,Rapeseed &Mustard,Rabi       
Bihar,BEGUSARAI,Rapeseed &Mustard,Rabi       
Bihar,BHAGALPUR,Rapeseed &Mustard,Rabi       
Bihar,BHOJPUR,Rapeseed &Mustard,Rabi       
Bihar,BOKARO,Rapeseed &Mustard,Rabi       
Bihar,BUXAR,Rapeseed &Mustard,Rabi       
Bihar,CHATRA,Rapeseed &Mustard,Rabi       
Bihar,DARBHANGA,Rapeseed &Mustard,Rabi       
Bihar,DEOGHAR,Rapeseed &Mustard,Rabi       
Bihar,DHANBAD,Rapeseed &Mustard,Rabi       
Bihar,DUMKA,Rapeseed &Mustard,Rabi       
Bihar,EAST SINGHBUM,Rapeseed &Mustard,Rabi       
Bihar,GARHWA,Rapeseed &Mustard,Rabi       
Bihar,GAYA,Rapeseed &Mustard,Rabi       
Bihar,GIRIDIH,Rapeseed &Mustard,Rabi       
Bihar,GODDA,Rapeseed &Mustard,Rabi       
Bihar,GOPALGANJ,Rapeseed &Mustard,Rabi       
Bihar,GUMLA,Rapeseed &Mustard,Rabi       
Bihar,HAZARIBAGH,Rapeseed &Mustard,Rabi       
Bihar,JAMUI,Rapeseed &Mustard,Rabi       
Bihar,JEHANABAD,Rapeseed &Mustard,Rabi       
Bihar,KAIMUR (BHABUA),Rapeseed &Mustard,Rabi       
Bihar,KATIHAR,Rapeseed &Mustard,Rabi       
Bihar,KHAGARIA,Rapeseed &Mustard,Rabi       
Bihar,KISHANGANJ,Rapeseed &Mustard,Rabi       
Bihar,KODERMA,Rapeseed &Mustard,Rabi       
Bihar,LAKHISARAI,Rapeseed &Mustard,Rabi       
Bihar,LOHARDAGA,Rapeseed &Mustard,Rabi       
Bihar,MADHEPURA,Rapeseed &Mustard,Rabi       
Bihar,MADHUBANI,Rapeseed &Mustard,Rabi       
Bihar,MUNGER,Rapeseed &Mustard,Rabi       
Bihar,MUZAFFARPUR,Rapeseed &Mustard,Rabi       
Bihar,NALANDA,Rapeseed &Mustard,Rabi       
Bihar,NAWADA,Rapeseed &Mustard,Rabi       
Bihar,PAKUR,Rapeseed &Mustard,Rabi       
Bihar,PALAMU,Rapeseed &Mustard,Rabi       
Bihar,PASHCHIM CHAMPARAN,Rapeseed &Mustard,Rabi       
Bihar,PATNA,Rapeseed &Mustard,Rabi       
Bihar,PURBI CHAMPARAN,Rapeseed &Mustard,Rabi       
Bihar,PURNIA,Rapeseed &Mustard,Rabi       
Bihar,RANCHI,Rapeseed &Mustard,Rabi       
Bihar,ROHTAS,Rapeseed &Mustard,Rabi       
Bihar,SAHARSA,Rapeseed &Mustard,Rabi       
Bihar,SAHEBGANJ,Rapeseed &Mustard,Rabi       
Bihar,SAMASTIPUR,Rapeseed &Mustard,Rabi       
Bihar,SARAN,Rapeseed &Mustard,Rabi       
Bihar,SHEIKHPURA,Rapeseed &Mustard,Rabi       
Bihar,SHEOHAR,Rapeseed &Mustard,Rabi       
Bihar,SITAMARHI,Rapeseed &Mustard,Rabi       
Bihar,SIWAN,Rapeseed &Mustard,Rabi       
Bihar,SUPAUL,Rapeseed &Mustard,Rabi       
Bihar,VAISHALI,Rapeseed &Mustard,Rabi       
Bihar,WEST SINGHBHUM,Rapeseed &Mustard,Rabi       
Bihar,ARARIA,Rice,Autumn     
Bihar,ARWAL,Rice,Autumn     
Bihar,AURANGABAD,Rice,Summer     
Bihar,BANKA,Rice,Autumn     
Bihar,BEGUSARAI,Rice,Autumn     
Bihar,BHAGALPUR,Rice,Autumn     
Bihar,BHOJPUR,Rice,Autumn     
Bihar,BOKARO,Rice,Autumn     
Bihar,BUXAR,Rice,Summer     
Bihar,CHATRA,Rice,Autumn     
Bihar,DARBHANGA,Rice,Autumn     
Bihar,DEOGHAR,Rice,Autumn     
Bihar,DHANBAD,Rice,Autumn     
Bihar,DUMKA,Rice,Autumn     
Bihar,EAST SINGHBUM,Rice,Autumn     
Bihar,GARHWA,Rice,Autumn     
Bihar,GAYA,Rice,Autumn     
Bihar,GIRIDIH,Rice,Autumn     
Bihar,GODDA,Rice,Autumn     
Bihar,GOPALGANJ,Rice,Autumn     
Bihar,GUMLA,Rice,Autumn     
Bihar,HAZARIBAGH,Rice,Autumn     
Bihar,JAMUI,Rice,Summer     
Bihar,JEHANABAD,Rice,Autumn     
Bihar,KAIMUR (BHABUA),Rice,Autumn     
Bihar,KATIHAR,Rice,Autumn     
Bihar,KHAGARIA,Rice,Autumn     
Bihar,KISHANGANJ,Rice,Autumn     
Bihar,KODERMA,Rice,Autumn     
Bihar,LAKHISARAI,Rice,Winter     
Bihar,LOHARDAGA,Rice,Autumn     
Bihar,MADHEPURA,Rice,Autumn     
Bihar,MADHUBANI,Rice,Autumn     
Bihar,MUNGER,Rice,Autumn     
Bihar,MUZAFFARPUR,Rice,Autumn     
Bihar,NALANDA,Rice,Summer     
Bihar,NAWADA,Rice,Autumn     
Bihar,PAKUR,Rice,Autumn     
Bihar,PALAMU,Rice,Autumn     
Bihar,PASHCHIM CHAMPARAN,Rice,Autumn     
Bihar,PATNA,Rice,Autumn     
Bihar,PURBI CHAMPARAN,Rice,Autumn     
Bihar,PURNIA,Rice,Autumn     
Bihar,RANCHI,Rice,Autumn     
Bihar,ROHTAS,Rice,Autumn     
Bihar,SAHARSA,Rice,Autumn     
Bihar,SAHEBGANJ,Rice,Autumn     
Bihar,SAMASTIPUR,Rice,Autumn     
Bihar,SARAN,Rice,Autumn     
Bihar,SHEIKHPURA,Rice,Summer     
Bihar,SHEOHAR,Rice,Autumn     
Bihar,SITAMARHI,Rice,Autumn     
Bihar,SIWAN,Rice,Autumn     
Bihar,SUPAUL,Rice,Autumn     
Bihar,VAISHALI,Rice,Autumn     
Bihar,WEST SINGHBHUM,Rice,Autumn     
Bihar,ARARIA,Safflower,Kharif     
Bihar,AURANGABAD,Safflower,Rabi       
Bihar,BANKA,Safflower,Rabi       
Bihar,BEGUSARAI,Safflower,Rabi       
Bihar,BHAGALPUR,Safflower,Rabi       
Bihar,BHOJPUR,Safflower,Rabi       
Bihar,BUXAR,Safflower,Rabi       
Bihar,DARBHANGA,Safflower,Rabi       
Bihar,GARHWA,Safflower,Rabi       
Bihar,GAYA,Safflower,Rabi       
Bihar,GOPALGANJ,Safflower,Rabi       
Bihar,HAZARIBAGH,Safflower,Rabi       
Bihar,KAIMUR (BHABUA),Safflower,Rabi       
Bihar,KATIHAR,Safflower,Rabi       
Bihar,KHAGARIA,Safflower,Rabi       
Bihar,KISHANGANJ,Safflower,Rabi       
Bihar,MADHEPURA,Safflower,Rabi       
Bihar,MADHUBANI,Safflower,Rabi       
Bihar,MUNGER,Safflower,Kharif     
Bihar,MUZAFFARPUR,Safflower,Rabi       
Bihar,NALANDA,Safflower,Kharif     
Bihar,NAWADA,Safflower,Rabi       
Bihar,PASHCHIM CHAMPARAN,Safflower,Rabi       
Bihar,PATNA,Safflower,Rabi       
Bihar,PURNIA,Safflower,Rabi       
Bihar,RANCHI,Safflower,Rabi       
Bihar,ROHTAS,Safflower,Rabi       
Bihar,SAHARSA,Safflower,Rabi       
Bihar,SAMASTIPUR,Safflower,Rabi       
Bihar,SARAN,Safflower,Rabi       
Bihar,SHEOHAR,Safflower,Rabi       
Bihar,SITAMARHI,Safflower,Rabi       
Bihar,SIWAN,Safflower,Rabi       
Bihar,SUPAUL,Safflower,Rabi       
Bihar,VAISHALI,Safflower,Rabi       
Bihar,ARARIA,Sannhamp,Whole Year 
Bihar,ARWAL,Sannhamp,Whole Year 
Bihar,AURANGABAD,Sannhamp,Whole Year 
Bihar,BANKA,Sannhamp,Whole Year 
Bihar,BEGUSARAI,Sannhamp,Whole Year 
Bihar,BHAGALPUR,Sannhamp,Whole Year 
Bihar,BHOJPUR,Sannhamp,Whole Year 
Bihar,BOKARO,Sannhamp,Whole Year 
Bihar,BUXAR,Sannhamp,Kharif     
Bihar,DARBHANGA,Sannhamp,Whole Year 
Bihar,DEOGHAR,Sannhamp,Whole Year 
Bihar,DUMKA,Sannhamp,Whole Year 
Bihar,EAST SINGHBUM,Sannhamp,Whole Year 
Bihar,GARHWA,Sannhamp,Whole Year 
Bihar,GAYA,Sannhamp,Whole Year 
Bihar,GIRIDIH,Sannhamp,Whole Year 
Bihar,GODDA,Sannhamp,Whole Year 
Bihar,GOPALGANJ,Sannhamp,Whole Year 
Bihar,GUMLA,Sannhamp,Whole Year 
Bihar,JEHANABAD,Sannhamp,Whole Year 
Bihar,KAIMUR (BHABUA),Sannhamp,Whole Year 
Bihar,KATIHAR,Sannhamp,Whole Year 
Bihar,KHAGARIA,Sannhamp,Whole Year 
Bihar,KISHANGANJ,Sannhamp,Whole Year 
Bihar,KODERMA,Sannhamp,Whole Year 
Bihar,LAKHISARAI,Sannhamp,Whole Year 
Bihar,LOHARDAGA,Sannhamp,Whole Year 
Bihar,MADHEPURA,Sannhamp,Whole Year 
Bihar,MADHUBANI,Sannhamp,Whole Year 
Bihar,MUNGER,Sannhamp,Whole Year 
Bihar,MUZAFFARPUR,Sannhamp,Whole Year 
Bihar,NALANDA,Sannhamp,Whole Year 
Bihar,NAWADA,Sannhamp,Whole Year 
Bihar,PAKUR,Sannhamp,Whole Year 
Bihar,PALAMU,Sannhamp,Whole Year 
Bihar,PASHCHIM CHAMPARAN,Sannhamp,Whole Year 
Bihar,PATNA,Sannhamp,Whole Year 
Bihar,PURBI CHAMPARAN,Sannhamp,Whole Year 
Bihar,PURNIA,Sannhamp,Whole Year 
Bihar,RANCHI,Sannhamp,Whole Year 
Bihar,ROHTAS,Sannhamp,Whole Year 
Bihar,SAHARSA,Sannhamp,Whole Year 
Bihar,SAMASTIPUR,Sannhamp,Whole Year 
Bihar,SARAN,Sannhamp,Whole Year 
Bihar,SHEIKHPURA,Sannhamp,Whole Year 
Bihar,SHEOHAR,Sannhamp,Whole Year 
Bihar,SITAMARHI,Sannhamp,Whole Year 
Bihar,SIWAN,Sannhamp,Whole Year 
Bihar,SUPAUL,Sannhamp,Whole Year 
Bihar,VAISHALI,Sannhamp,Whole Year 
Bihar,WEST SINGHBHUM,Sannhamp,Whole Year 
Bihar,ARARIA,Sesamum,Kharif     
Bihar,ARWAL,Sesamum,Kharif     
Bihar,AURANGABAD,Sesamum,Kharif     
Bihar,BANKA,Sesamum,Kharif     
Bihar,BEGUSARAI,Sesamum,Kharif     
Bihar,BHAGALPUR,Sesamum,Kharif     
Bihar,BHOJPUR,Sesamum,Kharif     
Bihar,BOKARO,Sesamum,Kharif     
Bihar,BUXAR,Sesamum,Kharif     
Bihar,CHATRA,Sesamum,Kharif     
Bihar,DARBHANGA,Sesamum,Kharif     
Bihar,DEOGHAR,Sesamum,Kharif     
Bihar,DHANBAD,Sesamum,Kharif     
Bihar,DUMKA,Sesamum,Kharif     
Bihar,EAST SINGHBUM,Sesamum,Kharif     
Bihar,GARHWA,Sesamum,Kharif     
Bihar,GAYA,Sesamum,Kharif     
Bihar,GIRIDIH,Sesamum,Kharif     
Bihar,GODDA,Sesamum,Kharif     
Bihar,GOPALGANJ,Sesamum,Kharif     
Bihar,GUMLA,Sesamum,Kharif     
Bihar,HAZARIBAGH,Sesamum,Kharif     
Bihar,JAMUI,Sesamum,Kharif     
Bihar,JEHANABAD,Sesamum,Kharif     
Bihar,KAIMUR (BHABUA),Sesamum,Kharif     
Bihar,KATIHAR,Sesamum,Kharif     
Bihar,KHAGARIA,Sesamum,Kharif     
Bihar,KISHANGANJ,Sesamum,Kharif     
Bihar,KODERMA,Sesamum,Kharif     
Bihar,LOHARDAGA,Sesamum,Kharif     
Bihar,MADHEPURA,Sesamum,Kharif     
Bihar,MADHUBANI,Sesamum,Kharif     
Bihar,MUZAFFARPUR,Sesamum,Kharif     
Bihar,NALANDA,Sesamum,Kharif     
Bihar,NAWADA,Sesamum,Kharif     
Bihar,PAKUR,Sesamum,Kharif     
Bihar,PALAMU,Sesamum,Kharif     
Bihar,PASHCHIM CHAMPARAN,Sesamum,Kharif     
Bihar,PATNA,Sesamum,Kharif     
Bihar,PURBI CHAMPARAN,Sesamum,Kharif     
Bihar,PURNIA,Sesamum,Kharif     
Bihar,RANCHI,Sesamum,Kharif     
Bihar,ROHTAS,Sesamum,Kharif     
Bihar,SAHARSA,Sesamum,Kharif     
Bihar,SAHEBGANJ,Sesamum,Kharif     
Bihar,SAMASTIPUR,Sesamum,Kharif     
Bihar,SARAN,Sesamum,Kharif     
Bihar,SHEIKHPURA,Sesamum,Kharif     
Bihar,SHEOHAR,Sesamum,Kharif     
Bihar,SITAMARHI,Sesamum,Kharif     
Bihar,SIWAN,Sesamum,Kharif     
Bihar,SUPAUL,Sesamum,Kharif     
Bihar,VAISHALI,Sesamum,Kharif     
Bihar,WEST SINGHBHUM,Sesamum,Kharif     
Bihar,ARARIA,Small millets,Kharif     
Bihar,ARWAL,Small millets,Kharif     
Bihar,AURANGABAD,Small millets,Kharif     
Bihar,BANKA,Small millets,Kharif     
Bihar,BEGUSARAI,Small millets,Kharif     
Bihar,BHAGALPUR,Small millets,Kharif     
Bihar,BHOJPUR,Small millets,Kharif     
Bihar,BOKARO,Small millets,Kharif     
Bihar,BUXAR,Small millets,Kharif     
Bihar,CHATRA,Small millets,Kharif     
Bihar,DARBHANGA,Small millets,Kharif     
Bihar,DEOGHAR,Small millets,Kharif     
Bihar,DHANBAD,Small millets,Kharif     
Bihar,DUMKA,Small millets,Kharif     
Bihar,EAST SINGHBUM,Small millets,Kharif     
Bihar,GARHWA,Small millets,Kharif     
Bihar,GAYA,Small millets,Kharif     
Bihar,GIRIDIH,Small millets,Kharif     
Bihar,GODDA,Small millets,Kharif     
Bihar,GOPALGANJ,Small millets,Kharif     
Bihar,GUMLA,Small millets,Kharif     
Bihar,HAZARIBAGH,Small millets,Kharif     
Bihar,JEHANABAD,Small millets,Kharif     
Bihar,KAIMUR (BHABUA),Small millets,Kharif     
Bihar,KATIHAR,Small millets,Kharif     
Bihar,KHAGARIA,Small millets,Kharif     
Bihar,KISHANGANJ,Small millets,Kharif     
Bihar,KODERMA,Small millets,Kharif     
Bihar,LAKHISARAI,Small millets,Kharif     
Bihar,LOHARDAGA,Small millets,Kharif     
Bihar,MADHEPURA,Small millets,Kharif     
Bihar,MADHUBANI,Small millets,Kharif     
Bihar,MUNGER,Small millets,Kharif     
Bihar,MUZAFFARPUR,Small millets,Kharif     
Bihar,NALANDA,Small millets,Kharif     
Bihar,NAWADA,Small millets,Kharif     
Bihar,PAKUR,Small millets,Kharif     
Bihar,PALAMU,Small millets,Kharif     
Bihar,PASHCHIM CHAMPARAN,Small millets,Kharif     
Bihar,PATNA,Small millets,Kharif     
Bihar,PURBI CHAMPARAN,Small millets,Kharif     
Bihar,PURNIA,Small millets,Kharif     
Bihar,RANCHI,Small millets,Kharif     
Bihar,ROHTAS,Small millets,Kharif     
Bihar,SAHARSA,Small millets,Kharif     
Bihar,SAHEBGANJ,Small millets,Kharif     
Bihar,SAMASTIPUR,Small millets,Kharif     
Bihar,SARAN,Small millets,Kharif     
Bihar,SHEIKHPURA,Small millets,Kharif     
Bihar,SHEOHAR,Small millets,Kharif     
Bihar,SITAMARHI,Small millets,Kharif     
Bihar,SIWAN,Small millets,Kharif     
Bihar,SUPAUL,Small millets,Kharif     
Bihar,VAISHALI,Small millets,Kharif     
Bihar,WEST SINGHBHUM,Small millets,Kharif     
Bihar,BEGUSARAI,Soyabean,Kharif     
Bihar,KHAGARIA,Soyabean,Kharif     
Bihar,LAKHISARAI,Soyabean,Kharif     
Bihar,SAMASTIPUR,Soyabean,Kharif     
Bihar,ARARIA,Sugarcane,Whole Year 
Bihar,ARWAL,Sugarcane,Whole Year 
Bihar,AURANGABAD,Sugarcane,Whole Year 
Bihar,BANKA,Sugarcane,Whole Year 
Bihar,BEGUSARAI,Sugarcane,Whole Year 
Bihar,BHAGALPUR,Sugarcane,Whole Year 
Bihar,BHOJPUR,Sugarcane,Whole Year 
Bihar,BOKARO,Sugarcane,Whole Year 
Bihar,BUXAR,Sugarcane,Whole Year 
Bihar,CHATRA,Sugarcane,Whole Year 
Bihar,DARBHANGA,Sugarcane,Whole Year 
Bihar,DHANBAD,Sugarcane,Whole Year 
Bihar,DUMKA,Sugarcane,Whole Year 
Bihar,GARHWA,Sugarcane,Whole Year 
Bihar,GAYA,Sugarcane,Whole Year 
Bihar,GIRIDIH,Sugarcane,Whole Year 
Bihar,GODDA,Sugarcane,Whole Year 
Bihar,GOPALGANJ,Sugarcane,Whole Year 
Bihar,HAZARIBAGH,Sugarcane,Whole Year 
Bihar,JAMUI,Sugarcane,Whole Year 
Bihar,JEHANABAD,Sugarcane,Whole Year 
Bihar,KAIMUR (BHABUA),Sugarcane,Whole Year 
Bihar,KATIHAR,Sugarcane,Whole Year 
Bihar,KHAGARIA,Sugarcane,Whole Year 
Bihar,KISHANGANJ,Sugarcane,Whole Year 
Bihar,KODERMA,Sugarcane,Whole Year 
Bihar,LAKHISARAI,Sugarcane,Whole Year 
Bihar,LOHARDAGA,Sugarcane,Whole Year 
Bihar,MADHEPURA,Sugarcane,Whole Year 
Bihar,MADHUBANI,Sugarcane,Whole Year 
Bihar,MUNGER,Sugarcane,Whole Year 
Bihar,MUZAFFARPUR,Sugarcane,Whole Year 
Bihar,NALANDA,Sugarcane,Whole Year 
Bihar,NAWADA,Sugarcane,Whole Year 
Bihar,PAKUR,Sugarcane,Whole Year 
Bihar,PALAMU,Sugarcane,Whole Year 
Bihar,PASHCHIM CHAMPARAN,Sugarcane,Whole Year 
Bihar,PATNA,Sugarcane,Whole Year 
Bihar,PURBI CHAMPARAN,Sugarcane,Whole Year 
Bihar,PURNIA,Sugarcane,Whole Year 
Bihar,RANCHI,Sugarcane,Whole Year 
Bihar,ROHTAS,Sugarcane,Whole Year 
Bihar,SAHARSA,Sugarcane,Whole Year 
Bihar,SAHEBGANJ,Sugarcane,Whole Year 
Bihar,SAMASTIPUR,Sugarcane,Whole Year 
Bihar,SARAN,Sugarcane,Whole Year 
Bihar,SHEIKHPURA,Sugarcane,Whole Year 
Bihar,SHEOHAR,Sugarcane,Whole Year 
Bihar,SITAMARHI,Sugarcane,Whole Year 
Bihar,SIWAN,Sugarcane,Whole Year 
Bihar,SUPAUL,Sugarcane,Whole Year 
Bihar,VAISHALI,Sugarcane,Whole Year 
Bihar,ARARIA,Sunflower,Rabi       
Bihar,ARWAL,Sunflower,Kharif     
Bihar,AURANGABAD,Sunflower,Rabi       
Bihar,BANKA,Sunflower,Rabi       
Bihar,BEGUSARAI,Sunflower,Rabi       
Bihar,BHAGALPUR,Sunflower,Rabi       
Bihar,BUXAR,Sunflower,Rabi       
Bihar,CHATRA,Sunflower,Rabi       
Bihar,DARBHANGA,Sunflower,Rabi       
Bihar,GARHWA,Sunflower,Rabi       
Bihar,GAYA,Sunflower,Rabi       
Bihar,GODDA,Sunflower,Rabi       
Bihar,GOPALGANJ,Sunflower,Rabi       
Bihar,GUMLA,Sunflower,Rabi       
Bihar,HAZARIBAGH,Sunflower,Rabi       
Bihar,JAMUI,Sunflower,Kharif     
Bihar,JEHANABAD,Sunflower,Rabi       
Bihar,KAIMUR (BHABUA),Sunflower,Kharif     
Bihar,KATIHAR,Sunflower,Rabi       
Bihar,KHAGARIA,Sunflower,Rabi       
Bihar,KISHANGANJ,Sunflower,Rabi       
Bihar,KODERMA,Sunflower,Rabi       
Bihar,LOHARDAGA,Sunflower,Rabi       
Bihar,MADHEPURA,Sunflower,Rabi       
Bihar,MADHUBANI,Sunflower,Rabi       
Bihar,MUNGER,Sunflower,Rabi       
Bihar,MUZAFFARPUR,Sunflower,Rabi       
Bihar,NALANDA,Sunflower,Rabi       
Bihar,NAWADA,Sunflower,Rabi       
Bihar,PALAMU,Sunflower,Rabi       
Bihar,PASHCHIM CHAMPARAN,Sunflower,Rabi       
Bihar,PATNA,Sunflower,Rabi       
Bihar,PURBI CHAMPARAN,Sunflower,Rabi       
Bihar,PURNIA,Sunflower,Rabi       
Bihar,RANCHI,Sunflower,Rabi       
Bihar,ROHTAS,Sunflower,Rabi       
Bihar,SAHARSA,Sunflower,Rabi       
Bihar,SAHEBGANJ,Sunflower,Rabi       
Bihar,SAMASTIPUR,Sunflower,Rabi       
Bihar,SARAN,Sunflower,Kharif     
Bihar,SHEIKHPURA,Sunflower,Rabi       
Bihar,SHEOHAR,Sunflower,Rabi       
Bihar,SITAMARHI,Sunflower,Rabi       
Bihar,SIWAN,Sunflower,Rabi       
Bihar,SUPAUL,Sunflower,Rabi       
Bihar,VAISHALI,Sunflower,Rabi       
Bihar,WEST SINGHBHUM,Sunflower,Kharif     
Bihar,ARARIA,Sweet potato,Whole Year 
Bihar,ARWAL,Sweet potato,Whole Year 
Bihar,AURANGABAD,Sweet potato,Whole Year 
Bihar,BANKA,Sweet potato,Whole Year 
Bihar,BEGUSARAI,Sweet potato,Whole Year 
Bihar,BHAGALPUR,Sweet potato,Whole Year 
Bihar,BHOJPUR,Sweet potato,Whole Year 
Bihar,BOKARO,Sweet potato,Whole Year 
Bihar,BUXAR,Sweet potato,Whole Year 
Bihar,DARBHANGA,Sweet potato,Whole Year 
Bihar,DUMKA,Sweet potato,Whole Year 
Bihar,EAST SINGHBUM,Sweet potato,Whole Year 
Bihar,GARHWA,Sweet potato,Whole Year 
Bihar,GAYA,Sweet potato,Whole Year 
Bihar,GODDA,Sweet potato,Whole Year 
Bihar,GOPALGANJ,Sweet potato,Whole Year 
Bihar,GUMLA,Sweet potato,Whole Year 
Bihar,HAZARIBAGH,Sweet potato,Whole Year 
Bihar,JEHANABAD,Sweet potato,Whole Year 
Bihar,KAIMUR (BHABUA),Sweet potato,Whole Year 
Bihar,KATIHAR,Sweet potato,Whole Year 
Bihar,KHAGARIA,Sweet potato,Whole Year 
Bihar,KISHANGANJ,Sweet potato,Whole Year 
Bihar,LAKHISARAI,Sweet potato,Whole Year 
Bihar,LOHARDAGA,Sweet potato,Whole Year 
Bihar,MADHEPURA,Sweet potato,Whole Year 
Bihar,MADHUBANI,Sweet potato,Whole Year 
Bihar,MUNGER,Sweet potato,Whole Year 
Bihar,MUZAFFARPUR,Sweet potato,Whole Year 
Bihar,NAWADA,Sweet potato,Whole Year 
Bihar,PALAMU,Sweet potato,Whole Year 
Bihar,PASHCHIM CHAMPARAN,Sweet potato,Whole Year 
Bihar,PATNA,Sweet potato,Whole Year 
Bihar,PURBI CHAMPARAN,Sweet potato,Whole Year 
Bihar,PURNIA,Sweet potato,Whole Year 
Bihar,RANCHI,Sweet potato,Whole Year 
Bihar,ROHTAS,Sweet potato,Whole Year 
Bihar,SAHARSA,Sweet potato,Whole Year 
Bihar,SAMASTIPUR,Sweet potato,Whole Year 
Bihar,SARAN,Sweet potato,Whole Year 
Bihar,SHEOHAR,Sweet potato,Whole Year 
Bihar,SITAMARHI,Sweet potato,Whole Year 
Bihar,SIWAN,Sweet potato,Whole Year 
Bihar,SUPAUL,Sweet potato,Whole Year 
Bihar,VAISHALI,Sweet potato,Whole Year 
Bihar,WEST SINGHBHUM,Sweet potato,Whole Year 
Bihar,ARARIA,Tobacco,Whole Year 
Bihar,BEGUSARAI,Tobacco,Rabi       
Bihar,BHAGALPUR,Tobacco,Rabi       
Bihar,DARBHANGA,Tobacco,Rabi       
Bihar,DUMKA,Tobacco,Rabi       
Bihar,GOPALGANJ,Tobacco,Rabi       
Bihar,JAMUI,Tobacco,Whole Year 
Bihar,JEHANABAD,Tobacco,Whole Year 
Bihar,KAIMUR (BHABUA),Tobacco,Rabi       
Bihar,KATIHAR,Tobacco,Rabi       
Bihar,KHAGARIA,Tobacco,Whole Year 
Bihar,KISHANGANJ,Tobacco,Rabi       
Bihar,LOHARDAGA,Tobacco,Whole Year 
Bihar,MADHEPURA,Tobacco,Whole Year 
Bihar,MADHUBANI,Tobacco,Rabi       
Bihar,MUNGER,Tobacco,Whole Year 
Bihar,MUZAFFARPUR,Tobacco,Rabi       
Bihar,PURBI CHAMPARAN,Tobacco,Rabi       
Bihar,PURNIA,Tobacco,Rabi       
Bihar,RANCHI,Tobacco,Rabi       
Bihar,SAMASTIPUR,Tobacco,Rabi       
Bihar,SARAN,Tobacco,Rabi       
Bihar,SHEOHAR,Tobacco,Rabi       
Bihar,SITAMARHI,Tobacco,Rabi       
Bihar,SIWAN,Tobacco,Rabi       
Bihar,SUPAUL,Tobacco,Whole Year 
Bihar,VAISHALI,Tobacco,Rabi       
Bihar,ARARIA,Turmeric,Whole Year 
Bihar,ARWAL,Turmeric,Whole Year 
Bihar,AURANGABAD,Turmeric,Whole Year 
Bihar,BANKA,Turmeric,Whole Year 
Bihar,BEGUSARAI,Turmeric,Whole Year 
Bihar,BHAGALPUR,Turmeric,Whole Year 
Bihar,BHOJPUR,Turmeric,Whole Year 
Bihar,DARBHANGA,Turmeric,Whole Year 
Bihar,GAYA,Turmeric,Whole Year 
Bihar,GOPALGANJ,Turmeric,Whole Year 
Bihar,JEHANABAD,Turmeric,Whole Year 
Bihar,KAIMUR (BHABUA),Turmeric,Whole Year 
Bihar,KATIHAR,Turmeric,Whole Year 
Bihar,KHAGARIA,Turmeric,Whole Year 
Bihar,KISHANGANJ,Turmeric,Whole Year 
Bihar,LAKHISARAI,Turmeric,Whole Year 
Bihar,LOHARDAGA,Turmeric,Whole Year 
Bihar,MADHEPURA,Turmeric,Whole Year 
Bihar,MADHUBANI,Turmeric,Whole Year 
Bihar,MUZAFFARPUR,Turmeric,Whole Year 
Bihar,NALANDA,Turmeric,Whole Year 
Bihar,NAWADA,Turmeric,Whole Year 
Bihar,PALAMU,Turmeric,Whole Year 
Bihar,PASHCHIM CHAMPARAN,Turmeric,Whole Year 
Bihar,PATNA,Turmeric,Whole Year 
Bihar,PURBI CHAMPARAN,Turmeric,Whole Year 
Bihar,PURNIA,Turmeric,Whole Year 
Bihar,RANCHI,Turmeric,Whole Year 
Bihar,ROHTAS,Turmeric,Whole Year 
Bihar,SAHARSA,Turmeric,Whole Year 
Bihar,SAMASTIPUR,Turmeric,Whole Year 
Bihar,SHEOHAR,Turmeric,Whole Year 
Bihar,SITAMARHI,Turmeric,Whole Year 
Bihar,SIWAN,Turmeric,Whole Year 
Bihar,SUPAUL,Turmeric,Whole Year 
Bihar,VAISHALI,Turmeric,Whole Year 
Bihar,ARARIA,Urad,Kharif     
Bihar,ARWAL,Urad,Kharif     
Bihar,AURANGABAD,Urad,Kharif     
Bihar,BANKA,Urad,Kharif     
Bihar,BEGUSARAI,Urad,Kharif     
Bihar,BHAGALPUR,Urad,Kharif     
Bihar,BHOJPUR,Urad,Kharif     
Bihar,BUXAR,Urad,Kharif     
Bihar,DARBHANGA,Urad,Kharif     
Bihar,GAYA,Urad,Kharif     
Bihar,GOPALGANJ,Urad,Kharif     
Bihar,JAMUI,Urad,Kharif     
Bihar,JEHANABAD,Urad,Kharif     
Bihar,KAIMUR (BHABUA),Urad,Kharif     
Bihar,KATIHAR,Urad,Kharif     
Bihar,KHAGARIA,Urad,Kharif     
Bihar,KISHANGANJ,Urad,Kharif     
Bihar,LAKHISARAI,Urad,Kharif     
Bihar,MADHEPURA,Urad,Kharif     
Bihar,MADHUBANI,Urad,Kharif     
Bihar,MUNGER,Urad,Kharif     
Bihar,MUZAFFARPUR,Urad,Kharif     
Bihar,NALANDA,Urad,Kharif     
Bihar,NAWADA,Urad,Kharif     
Bihar,PASHCHIM CHAMPARAN,Urad,Kharif     
Bihar,PATNA,Urad,Kharif     
Bihar,PURBI CHAMPARAN,Urad,Kharif     
Bihar,PURNIA,Urad,Kharif     
Bihar,ROHTAS,Urad,Kharif     
Bihar,SAHARSA,Urad,Kharif     
Bihar,SAMASTIPUR,Urad,Kharif     
Bihar,SARAN,Urad,Kharif     
Bihar,SHEIKHPURA,Urad,Kharif     
Bihar,SITAMARHI,Urad,Kharif     
Bihar,SIWAN,Urad,Kharif     
Bihar,SUPAUL,Urad,Kharif     
Bihar,VAISHALI,Urad,Kharif     
Bihar,ARARIA,Wheat,Rabi       
Bihar,ARWAL,Wheat,Rabi       
Bihar,AURANGABAD,Wheat,Rabi       
Bihar,BANKA,Wheat,Rabi       
Bihar,BEGUSARAI,Wheat,Rabi       
Bihar,BHAGALPUR,Wheat,Rabi       
Bihar,BHOJPUR,Wheat,Rabi       
Bihar,BOKARO,Wheat,Rabi       
Bihar,BUXAR,Wheat,Rabi       
Bihar,CHATRA,Wheat,Rabi       
Bihar,DARBHANGA,Wheat,Rabi       
Bihar,DEOGHAR,Wheat,Rabi       
Bihar,DHANBAD,Wheat,Rabi       
Bihar,DUMKA,Wheat,Rabi       
Bihar,EAST SINGHBUM,Wheat,Rabi       
Bihar,GARHWA,Wheat,Rabi       
Bihar,GAYA,Wheat,Rabi       
Bihar,GIRIDIH,Wheat,Rabi       
Bihar,GODDA,Wheat,Rabi       
Bihar,GOPALGANJ,Wheat,Rabi       
Bihar,GUMLA,Wheat,Rabi       
Bihar,HAZARIBAGH,Wheat,Rabi       
Bihar,JAMUI,Wheat,Rabi       
Bihar,JEHANABAD,Wheat,Rabi       
Bihar,KAIMUR (BHABUA),Wheat,Rabi       
Bihar,KATIHAR,Wheat,Rabi       
Bihar,KHAGARIA,Wheat,Rabi       
Bihar,KISHANGANJ,Wheat,Rabi       
Bihar,KODERMA,Wheat,Rabi       
Bihar,LAKHISARAI,Wheat,Rabi       
Bihar,LOHARDAGA,Wheat,Rabi       
Bihar,MADHEPURA,Wheat,Rabi       
Bihar,MADHUBANI,Wheat,Rabi       
Bihar,MUNGER,Wheat,Rabi       
Bihar,MUZAFFARPUR,Wheat,Rabi       
Bihar,NALANDA,Wheat,Rabi       
Bihar,NAWADA,Wheat,Rabi       
Bihar,PAKUR,Wheat,Rabi       
Bihar,PALAMU,Wheat,Rabi       
Bihar,PASHCHIM CHAMPARAN,Wheat,Rabi       
Bihar,PATNA,Wheat,Rabi       
Bihar,PURBI CHAMPARAN,Wheat,Rabi       
Bihar,PURNIA,Wheat,Rabi       
Bihar,RANCHI,Wheat,Rabi       
Bihar,ROHTAS,Wheat,Rabi       
Bihar,SAHARSA,Wheat,Rabi       
Bihar,SAHEBGANJ,Wheat,Rabi       
Bihar,SAMASTIPUR,Wheat,Rabi       
Bihar,SARAN,Wheat,Rabi       
Bihar,SHEIKHPURA,Wheat,Rabi       
Bihar,SHEOHAR,Wheat,Rabi       
Bihar,SITAMARHI,Wheat,Rabi       
Bihar,SIWAN,Wheat,Rabi       
Bihar,SUPAUL,Wheat,Rabi       
Bihar,VAISHALI,Wheat,Rabi       
Bihar,WEST SINGHBHUM,Wheat,Rabi       
CHANDIGARH,CHANDIGARH,Arhar/Tur,Kharif     
CHANDIGARH,CHANDIGARH,Gram,Rabi       
CHANDIGARH,CHANDIGARH,Maize,Kharif     
CHANDIGARH,CHANDIGARH,Masoor,Rabi       
CHANDIGARH,CHANDIGARH,Moong(Green Gram),Kharif     
CHANDIGARH,CHANDIGARH,Onion,Whole Year 
CHANDIGARH,CHANDIGARH,Potato,Whole Year 
CHANDIGARH,CHANDIGARH,Rapeseed &Mustard,Rabi       
CHANDIGARH,CHANDIGARH,Rice,Kharif     
CHANDIGARH,CHANDIGARH,Sunflower,Rabi       
CHANDIGARH,CHANDIGARH,Urad,Kharif     
CHANDIGARH,CHANDIGARH,Wheat,Rabi       
Chhattisgarh,BALOD,Arhar/Tur,Kharif     
Chhattisgarh,BALODA BAZAR,Arhar/Tur,Kharif     
Chhattisgarh,BALRAMPUR,Arhar/Tur,Kharif     
Chhattisgarh,BASTAR,Arhar/Tur,Kharif     
Chhattisgarh,BEMETARA,Arhar/Tur,Kharif     
Chhattisgarh,BIJAPUR,Arhar/Tur,Kharif     
Chhattisgarh,BILASPUR,Arhar/Tur,Kharif     
Chhattisgarh,DANTEWADA,Arhar/Tur,Kharif     
Chhattisgarh,DHAMTARI,Arhar/Tur,Kharif     
Chhattisgarh,DURG,Arhar/Tur,Kharif     
Chhattisgarh,GARIYABAND,Arhar/Tur,Kharif     
Chhattisgarh,GAURELLA-PENDRA-MARWAHI,Arhar/Tur,Kharif     
Chhattisgarh,JANJGIR-CHAMPA,Arhar/Tur,Kharif     
Chhattisgarh,JASHPUR,Arhar/Tur,Kharif     
Chhattisgarh,KABIRDHAM,Arhar/Tur,Kharif     
Chhattisgarh,KANKER,Arhar/Tur,Kharif     
Chhattisgarh,KONDAGAON,Arhar/Tur,Kharif     
Chhattisgarh,KORBA,Arhar/Tur,Kharif     
Chhattisgarh,KOREA,Arhar/Tur,Kharif     
Chhattisgarh,MAHASAMUND,Arhar/Tur,Kharif     
Chhattisgarh,MUNGELI,Arhar/Tur,Kharif     
Chhattisgarh,NARAYANPUR,Arhar/Tur,Kharif     
Chhattisgarh,RAIGARH,Arhar/Tur,Kharif     
Chhattisgarh,RAIPUR,Arhar/Tur,Kharif     
Chhattisgarh,RAJNANDGAON,Arhar/Tur,Kharif     
Chhattisgarh,SUKMA,Arhar/Tur,Kharif     
Chhattisgarh,SURAJPUR,Arhar/Tur,Kharif     
Chhattisgarh,SURGUJA,Arhar/Tur,Kharif     
Chhattisgarh,BALODA BAZAR,Bajra,Kharif     
Chhattisgarh,BALRAMPUR,Bajra,Kharif     
Chhattisgarh,BEMETARA,Bajra,Kharif     
Chhattisgarh,BIJAPUR,Bajra,Kharif     
Chhattisgarh,BILASPUR,Bajra,Kharif     
Chhattisgarh,DURG,Bajra,Kharif     
Chhattisgarh,GARIYABAND,Bajra,Kharif     
Chhattisgarh,GAURELLA-PENDRA-MARWAHI,Bajra,Kharif     
Chhattisgarh,JASHPUR,Bajra,Kharif     
Chhattisgarh,KABIRDHAM,Bajra,Kharif     
Chhattisgarh,KORBA,Bajra,Kharif     
Chhattisgarh,KOREA,Bajra,Kharif     
Chhattisgarh,MAHASAMUND,Bajra,Kharif     
Chhattisgarh,MUNGELI,Bajra,Kharif     
Chhattisgarh,RAIGARH,Bajra,Kharif     
Chhattisgarh,RAIPUR,Bajra,Kharif     
Chhattisgarh,RAJNANDGAON,Bajra,Kharif     
Chhattisgarh,SURGUJA,Bajra,Kharif     
Chhattisgarh,BALOD,Bajra,Whole Year 
Chhattisgarh,BASTAR,Bajra,Whole Year 
Chhattisgarh,DANTEWADA,Bajra,Whole Year 
Chhattisgarh,DHAMTARI,Bajra,Whole Year 
Chhattisgarh,JANJGIR-CHAMPA,Bajra,Whole Year 
Chhattisgarh,KANKER,Bajra,Whole Year 
Chhattisgarh,KONDAGAON,Bajra,Whole Year 
Chhattisgarh,NARAYANPUR,Bajra,Whole Year 
Chhattisgarh,SUKMA,Bajra,Whole Year 
Chhattisgarh,SURAJPUR,Bajra,Whole Year 
Chhattisgarh,BALOD,Barley,Rabi       
Chhattisgarh,BALODA BAZAR,Barley,Rabi       
Chhattisgarh,BALRAMPUR,Barley,Rabi       
Chhattisgarh,BEMETARA,Barley,Rabi       
Chhattisgarh,BILASPUR,Barley,Rabi       
Chhattisgarh,DURG,Barley,Rabi       
Chhattisgarh,JASHPUR,Barley,Rabi       
Chhattisgarh,KORBA,Barley,Rabi       
Chhattisgarh,KOREA,Barley,Rabi       
Chhattisgarh,MAHASAMUND,Barley,Rabi       
Chhattisgarh,RAIPUR,Barley,Rabi       
Chhattisgarh,RAJNANDGAON,Barley,Rabi       
Chhattisgarh,SUKMA,Barley,Rabi       
Chhattisgarh,SURAJPUR,Barley,Rabi       
Chhattisgarh,SURGUJA,Barley,Rabi       
Chhattisgarh,BALODA BAZAR,Castor seed,Kharif     
Chhattisgarh,BALRAMPUR,Castor seed,Kharif     
Chhattisgarh,BASTAR,Castor seed,Kharif     
Chhattisgarh,BEMETARA,Castor seed,Kharif     
Chhattisgarh,BILASPUR,Castor seed,Kharif     
Chhattisgarh,DANTEWADA,Castor seed,Kharif     
Chhattisgarh,DHAMTARI,Castor seed,Kharif     
Chhattisgarh,DURG,Castor seed,Kharif     
Chhattisgarh,GARIYABAND,Castor seed,Kharif     
Chhattisgarh,JANJGIR-CHAMPA,Castor seed,Kharif     
Chhattisgarh,KABIRDHAM,Castor seed,Kharif     
Chhattisgarh,KANKER,Castor seed,Kharif     
Chhattisgarh,KONDAGAON,Castor seed,Rabi       
Chhattisgarh,MAHASAMUND,Castor seed,Kharif     
Chhattisgarh,MUNGELI,Castor seed,Kharif     
Chhattisgarh,RAIGARH,Castor seed,Kharif     
Chhattisgarh,RAIPUR,Castor seed,Kharif     
Chhattisgarh,RAJNANDGAON,Castor seed,Kharif     
Chhattisgarh,SURGUJA,Castor seed,Kharif     
Chhattisgarh,BASTAR,Coconut ,Kharif     
Chhattisgarh,BIJAPUR,Coconut ,Kharif     
Chhattisgarh,DANTEWADA,Coconut ,Kharif     
Chhattisgarh,KONDAGAON,Coconut ,Whole Year 
Chhattisgarh,RAIPUR,Coconut ,Kharif     
Chhattisgarh,SUKMA,Coconut ,Whole Year 
Chhattisgarh,BALOD,Coriander,Whole Year 
Chhattisgarh,BALODA BAZAR,Coriander,Whole Year 
Chhattisgarh,BALRAMPUR,Coriander,Whole Year 
Chhattisgarh,BASTAR,Coriander,Whole Year 
Chhattisgarh,BEMETARA,Coriander,Whole Year 
Chhattisgarh,BIJAPUR,Coriander,Whole Year 
Chhattisgarh,BILASPUR,Coriander,Whole Year 
Chhattisgarh,DANTEWADA,Coriander,Whole Year 
Chhattisgarh,DHAMTARI,Coriander,Whole Year 
Chhattisgarh,DURG,Coriander,Whole Year 
Chhattisgarh,GARIYABAND,Coriander,Whole Year 
Chhattisgarh,GAURELLA-PENDRA-MARWAHI,Coriander,Whole Year 
Chhattisgarh,JANJGIR-CHAMPA,Coriander,Whole Year 
Chhattisgarh,JASHPUR,Coriander,Whole Year 
Chhattisgarh,KABIRDHAM,Coriander,Whole Year 
Chhattisgarh,KANKER,Coriander,Whole Year 
Chhattisgarh,KONDAGAON,Coriander,Whole Year 
Chhattisgarh,KORBA,Coriander,Whole Year 
Chhattisgarh,KOREA,Coriander,Whole Year 
Chhattisgarh,MAHASAMUND,Coriander,Whole Year 
Chhattisgarh,MUNGELI,Coriander,Whole Year 
Chhattisgarh,NARAYANPUR,Coriander,Whole Year 
Chhattisgarh,RAIGARH,Coriander,Whole Year 
Chhattisgarh,RAIPUR,Coriander,Whole Year 
Chhattisgarh,RAJNANDGAON,Coriander,Whole Year 
Chhattisgarh,SUKMA,Coriander,Whole Year 
Chhattisgarh,SURAJPUR,Coriander,Whole Year 
Chhattisgarh,SURGUJA,Coriander,Whole Year 
Chhattisgarh,BALOD,Cotton(lint),Whole Year 
Chhattisgarh,BALODA BAZAR,Cotton(lint),Whole Year 
Chhattisgarh,BALRAMPUR,Cotton(lint),Kharif     
Chhattisgarh,BASTAR,Cotton(lint),Kharif     
Chhattisgarh,BEMETARA,Cotton(lint),Kharif     
Chhattisgarh,BILASPUR,Cotton(lint),Kharif     
Chhattisgarh,DANTEWADA,Cotton(lint),Kharif     
Chhattisgarh,DURG,Cotton(lint),Kharif     
Chhattisgarh,GARIYABAND,Cotton(lint),Whole Year 
Chhattisgarh,KABIRDHAM,Cotton(lint),Kharif     
Chhattisgarh,KANKER,Cotton(lint),Kharif     
Chhattisgarh,KONDAGAON,Cotton(lint),Kharif     
Chhattisgarh,KOREA,Cotton(lint),Kharif     
Chhattisgarh,RAIPUR,Cotton(lint),Kharif     
Chhattisgarh,RAJNANDGAON,Cotton(lint),Kharif     
Chhattisgarh,SURGUJA,Cotton(lint),Kharif     
Chhattisgarh,BALOD,Dry chillies,Whole Year 
Chhattisgarh,BALODA BAZAR,Dry chillies,Whole Year 
Chhattisgarh,BALRAMPUR,Dry chillies,Whole Year 
Chhattisgarh,BASTAR,Dry chillies,Whole Year 
Chhattisgarh,BEMETARA,Dry chillies,Whole Year 
Chhattisgarh,BIJAPUR,Dry chillies,Whole Year 
Chhattisgarh,BILASPUR,Dry chillies,Whole Year 
Chhattisgarh,DANTEWADA,Dry chillies,Whole Year 
Chhattisgarh,DHAMTARI,Dry chillies,Whole Year 
Chhattisgarh,DURG,Dry chillies,Whole Year 
Chhattisgarh,GARIYABAND,Dry chillies,Whole Year 
Chhattisgarh,GAURELLA-PENDRA-MARWAHI,Dry chillies,Whole Year 
Chhattisgarh,JANJGIR-CHAMPA,Dry chillies,Whole Year 
Chhattisgarh,JASHPUR,Dry chillies,Whole Year 
Chhattisgarh,KABIRDHAM,Dry chillies,Whole Year 
Chhattisgarh,KANKER,Dry chillies,Whole Year 
Chhattisgarh,KONDAGAON,Dry chillies,Whole Year 
Chhattisgarh,KORBA,Dry chillies,Whole Year 
Chhattisgarh,KOREA,Dry chillies,Whole Year 
Chhattisgarh,MAHASAMUND,Dry chillies,Whole Year 
Chhattisgarh,MUNGELI,Dry chillies,Whole Year 
Chhattisgarh,NARAYANPUR,Dry chillies,Whole Year 
Chhattisgarh,RAIGARH,Dry chillies,Whole Year 
Chhattisgarh,RAIPUR,Dry chillies,Whole Year 
Chhattisgarh,RAJNANDGAON,Dry chillies,Whole Year 
Chhattisgarh,SUKMA,Dry chillies,Whole Year 
Chhattisgarh,SURAJPUR,Dry chillies,Whole Year 
Chhattisgarh,SURGUJA,Dry chillies,Whole Year 
Chhattisgarh,BALODA BAZAR,Garlic,Whole Year 
Chhattisgarh,BALRAMPUR,Garlic,Whole Year 
Chhattisgarh,BASTAR,Garlic,Whole Year 
Chhattisgarh,BEMETARA,Garlic,Whole Year 
Chhattisgarh,BILASPUR,Garlic,Whole Year 
Chhattisgarh,DANTEWADA,Garlic,Whole Year 
Chhattisgarh,DHAMTARI,Garlic,Whole Year 
Chhattisgarh,DURG,Garlic,Whole Year 
Chhattisgarh,GARIYABAND,Garlic,Whole Year 
Chhattisgarh,GAURELLA-PENDRA-MARWAHI,Garlic,Whole Year 
Chhattisgarh,JANJGIR-CHAMPA,Garlic,Whole Year 
Chhattisgarh,JASHPUR,Garlic,Whole Year 
Chhattisgarh,KABIRDHAM,Garlic,Whole Year 
Chhattisgarh,KANKER,Garlic,Whole Year 
Chhattisgarh,KONDAGAON,Garlic,Whole Year 
Chhattisgarh,KORBA,Garlic,Whole Year 
Chhattisgarh,KOREA,Garlic,Whole Year 
Chhattisgarh,MAHASAMUND,Garlic,Whole Year 
Chhattisgarh,MUNGELI,Garlic,Whole Year 
Chhattisgarh,RAIGARH,Garlic,Whole Year 
Chhattisgarh,RAIPUR,Garlic,Whole Year 
Chhattisgarh,RAJNANDGAON,Garlic,Whole Year 
Chhattisgarh,SUKMA,Garlic,Whole Year 
Chhattisgarh,SURAJPUR,Garlic,Whole Year 
Chhattisgarh,SURGUJA,Garlic,Whole Year 
Chhattisgarh,BALOD,Ginger,Whole Year 
Chhattisgarh,BALODA BAZAR,Ginger,Whole Year 
Chhattisgarh,BALRAMPUR,Ginger,Whole Year 
Chhattisgarh,BASTAR,Ginger,Whole Year 
Chhattisgarh,BEMETARA,Ginger,Whole Year 
Chhattisgarh,BIJAPUR,Ginger,Whole Year 
Chhattisgarh,BILASPUR,Ginger,Whole Year 
Chhattisgarh,DANTEWADA,Ginger,Whole Year 
Chhattisgarh,DHAMTARI,Ginger,Whole Year 
Chhattisgarh,DURG,Ginger,Whole Year 
Chhattisgarh,GARIYABAND,Ginger,Whole Year 
Chhattisgarh,GAURELLA-PENDRA-MARWAHI,Ginger,Whole Year 
Chhattisgarh,JANJGIR-CHAMPA,Ginger,Whole Year 
Chhattisgarh,JASHPUR,Ginger,Whole Year 
Chhattisgarh,KABIRDHAM,Ginger,Whole Year 
Chhattisgarh,KANKER,Ginger,Whole Year 
Chhattisgarh,KONDAGAON,Ginger,Whole Year 
Chhattisgarh,KORBA,Ginger,Whole Year 
Chhattisgarh,KOREA,Ginger,Whole Year 
Chhattisgarh,MAHASAMUND,Ginger,Whole Year 
Chhattisgarh,MUNGELI,Ginger,Whole Year 
Chhattisgarh,NARAYANPUR,Ginger,Whole Year 
Chhattisgarh,RAIGARH,Ginger,Whole Year 
Chhattisgarh,RAIPUR,Ginger,Whole Year 
Chhattisgarh,RAJNANDGAON,Ginger,Whole Year 
Chhattisgarh,SUKMA,Ginger,Whole Year 
Chhattisgarh,SURAJPUR,Ginger,Whole Year 
Chhattisgarh,SURGUJA,Ginger,Whole Year 
Chhattisgarh,BALOD,Gram,Rabi       
Chhattisgarh,BALODA BAZAR,Gram,Rabi       
Chhattisgarh,BALRAMPUR,Gram,Rabi       
Chhattisgarh,BASTAR,Gram,Rabi       
Chhattisgarh,BEMETARA,Gram,Rabi       
Chhattisgarh,BIJAPUR,Gram,Rabi       
Chhattisgarh,BILASPUR,Gram,Rabi       
Chhattisgarh,DANTEWADA,Gram,Rabi       
Chhattisgarh,DHAMTARI,Gram,Rabi       
Chhattisgarh,DURG,Gram,Rabi       
Chhattisgarh,GARIYABAND,Gram,Rabi       
Chhattisgarh,GAURELLA-PENDRA-MARWAHI,Gram,Rabi       
Chhattisgarh,JANJGIR-CHAMPA,Gram,Rabi       
Chhattisgarh,JASHPUR,Gram,Rabi       
Chhattisgarh,KABIRDHAM,Gram,Rabi       
Chhattisgarh,KANKER,Gram,Rabi       
Chhattisgarh,KONDAGAON,Gram,Rabi       
Chhattisgarh,KORBA,Gram,Rabi       
Chhattisgarh,KOREA,Gram,Rabi       
Chhattisgarh,MAHASAMUND,Gram,Rabi       
Chhattisgarh,MUNGELI,Gram,Rabi       
Chhattisgarh,NARAYANPUR,Gram,Rabi       
Chhattisgarh,RAIGARH,Gram,Rabi       
Chhattisgarh,RAIPUR,Gram,Rabi       
Chhattisgarh,RAJNANDGAON,Gram,Rabi       
Chhattisgarh,SUKMA,Gram,Rabi       
Chhattisgarh,SURAJPUR,Gram,Rabi       
Chhattisgarh,SURGUJA,Gram,Rabi       
Chhattisgarh,BALOD,Groundnut,Kharif     
Chhattisgarh,BALODA BAZAR,Groundnut,Kharif     
Chhattisgarh,BALRAMPUR,Groundnut,Kharif     
Chhattisgarh,BASTAR,Groundnut,Kharif     
Chhattisgarh,BEMETARA,Groundnut,Kharif     
Chhattisgarh,BIJAPUR,Groundnut,Kharif     
Chhattisgarh,BILASPUR,Groundnut,Kharif     
Chhattisgarh,DANTEWADA,Groundnut,Kharif     
Chhattisgarh,DHAMTARI,Groundnut,Kharif     
Chhattisgarh,DURG,Groundnut,Kharif     
Chhattisgarh,GARIYABAND,Groundnut,Kharif     
Chhattisgarh,GAURELLA-PENDRA-MARWAHI,Groundnut,Kharif     
Chhattisgarh,JANJGIR-CHAMPA,Groundnut,Kharif     
Chhattisgarh,JASHPUR,Groundnut,Kharif     
Chhattisgarh,KABIRDHAM,Groundnut,Kharif     
Chhattisgarh,KANKER,Groundnut,Kharif     
Chhattisgarh,KONDAGAON,Groundnut,Kharif     
Chhattisgarh,KORBA,Groundnut,Kharif     
Chhattisgarh,KOREA,Groundnut,Kharif     
Chhattisgarh,MAHASAMUND,Groundnut,Kharif     
Chhattisgarh,MUNGELI,Groundnut,Kharif     
Chhattisgarh,RAIGARH,Groundnut,Kharif     
Chhattisgarh,RAIPUR,Groundnut,Kharif     
Chhattisgarh,RAJNANDGAON,Groundnut,Kharif     
Chhattisgarh,SUKMA,Groundnut,Kharif     
Chhattisgarh,SURAJPUR,Groundnut,Kharif     
Chhattisgarh,SURGUJA,Groundnut,Kharif     
Chhattisgarh,BALRAMPUR,Guar seed,Kharif     
Chhattisgarh,BALOD,Horse-gram,Kharif     
Chhattisgarh,BALODA BAZAR,Horse-gram,Kharif     
Chhattisgarh,BALRAMPUR,Horse-gram,Kharif     
Chhattisgarh,BASTAR,Horse-gram,Kharif     
Chhattisgarh,BEMETARA,Horse-gram,Kharif     
Chhattisgarh,BIJAPUR,Horse-gram,Kharif     
Chhattisgarh,BILASPUR,Horse-gram,Kharif     
Chhattisgarh,DANTEWADA,Horse-gram,Kharif     
Chhattisgarh,DHAMTARI,Horse-gram,Kharif     
Chhattisgarh,DURG,Horse-gram,Kharif     
Chhattisgarh,GARIYABAND,Horse-gram,Kharif     
Chhattisgarh,GAURELLA-PENDRA-MARWAHI,Horse-gram,Kharif     
Chhattisgarh,JANJGIR-CHAMPA,Horse-gram,Kharif     
Chhattisgarh,JASHPUR,Horse-gram,Kharif     
Chhattisgarh,KABIRDHAM,Horse-gram,Kharif     
Chhattisgarh,KANKER,Horse-gram,Kharif     
Chhattisgarh,KONDAGAON,Horse-gram,Kharif     
Chhattisgarh,KORBA,Horse-gram,Kharif     
Chhattisgarh,KOREA,Horse-gram,Kharif     
Chhattisgarh,MAHASAMUND,Horse-gram,Kharif     
Chhattisgarh,NARAYANPUR,Horse-gram,Kharif     
Chhattisgarh,RAIGARH,Horse-gram,Kharif     
Chhattisgarh,RAIPUR,Horse-gram,Kharif     
Chhattisgarh,RAJNANDGAON,Horse-gram,Kharif     
Chhattisgarh,SUKMA,Horse-gram,Kharif     
Chhattisgarh,SURAJPUR,Horse-gram,Kharif     
Chhattisgarh,SURGUJA,Horse-gram,Kharif     
Chhattisgarh,BALOD,Jowar,Kharif     
Chhattisgarh,BALODA BAZAR,Jowar,Kharif     
Chhattisgarh,BALRAMPUR,Jowar,Kharif     
Chhattisgarh,BASTAR,Jowar,Kharif     
Chhattisgarh,BEMETARA,Jowar,Kharif     
Chhattisgarh,BIJAPUR,Jowar,Kharif     
Chhattisgarh,BILASPUR,Jowar,Kharif     
Chhattisgarh,DANTEWADA,Jowar,Kharif     
Chhattisgarh,DHAMTARI,Jowar,Kharif     
Chhattisgarh,DURG,Jowar,Kharif     
Chhattisgarh,GARIYABAND,Jowar,Kharif     
Chhattisgarh,GAURELLA-PENDRA-MARWAHI,Jowar,Whole Year 
Chhattisgarh,JANJGIR-CHAMPA,Jowar,Kharif     
Chhattisgarh,JASHPUR,Jowar,Kharif     
Chhattisgarh,KABIRDHAM,Jowar,Kharif     
Chhattisgarh,KANKER,Jowar,Kharif     
Chhattisgarh,KONDAGAON,Jowar,Kharif     
Chhattisgarh,KORBA,Jowar,Kharif     
Chhattisgarh,KOREA,Jowar,Kharif     
Chhattisgarh,MAHASAMUND,Jowar,Kharif     
Chhattisgarh,MUNGELI,Jowar,Kharif     
Chhattisgarh,NARAYANPUR,Jowar,Kharif     
Chhattisgarh,RAIGARH,Jowar,Kharif     
Chhattisgarh,RAIPUR,Jowar,Kharif     
Chhattisgarh,RAJNANDGAON,Jowar,Kharif     
Chhattisgarh,SUKMA,Jowar,Kharif     
Chhattisgarh,SURAJPUR,Jowar,Kharif     
Chhattisgarh,SURGUJA,Jowar,Kharif     
Chhattisgarh,BALRAMPUR,Jute,Kharif     
Chhattisgarh,BILASPUR,Jute,Rabi       
Chhattisgarh,DANTEWADA,Jute,Kharif     
Chhattisgarh,GARIYABAND,Jute,Kharif     
Chhattisgarh,GAURELLA-PENDRA-MARWAHI,Jute,Kharif     
Chhattisgarh,JANJGIR-CHAMPA,Jute,Rabi       
Chhattisgarh,KANKER,Jute,Rabi       
Chhattisgarh,KORBA,Jute,Rabi       
Chhattisgarh,MAHASAMUND,Jute,Kharif     
Chhattisgarh,MUNGELI,Jute,Kharif     
Chhattisgarh,RAJNANDGAON,Jute,Rabi       
Chhattisgarh,SURAJPUR,Jute,Kharif     
Chhattisgarh,SURGUJA,Jute,Rabi       
Chhattisgarh,BALOD,Khesari,Rabi       
Chhattisgarh,BALODA BAZAR,Khesari,Rabi       
Chhattisgarh,BALRAMPUR,Khesari,Rabi       
Chhattisgarh,BASTAR,Khesari,Rabi       
Chhattisgarh,BEMETARA,Khesari,Rabi       
Chhattisgarh,BILASPUR,Khesari,Rabi       
Chhattisgarh,DHAMTARI,Khesari,Rabi       
Chhattisgarh,DURG,Khesari,Rabi       
Chhattisgarh,GARIYABAND,Khesari,Rabi       
Chhattisgarh,GAURELLA-PENDRA-MARWAHI,Khesari,Rabi       
Chhattisgarh,JANJGIR-CHAMPA,Khesari,Rabi       
Chhattisgarh,JASHPUR,Khesari,Rabi       
Chhattisgarh,KABIRDHAM,Khesari,Rabi       
Chhattisgarh,KANKER,Khesari,Rabi       
Chhattisgarh,KONDAGAON,Khesari,Rabi       
Chhattisgarh,KORBA,Khesari,Rabi       
Chhattisgarh,KOREA,Khesari,Rabi       
Chhattisgarh,MAHASAMUND,Khesari,Rabi       
Chhattisgarh,MUNGELI,Khesari,Rabi       
Chhattisgarh,NARAYANPUR,Khesari,Rabi       
Chhattisgarh,RAIGARH,Khesari,Rabi       
Chhattisgarh,RAIPUR,Khesari,Rabi       
Chhattisgarh,RAJNANDGAON,Khesari,Rabi       
Chhattisgarh,SURAJPUR,Khesari,Rabi       
Chhattisgarh,SURGUJA,Khesari,Rabi       
Chhattisgarh,BALOD,Linseed,Rabi       
Chhattisgarh,BALODA BAZAR,Linseed,Rabi       
Chhattisgarh,BALRAMPUR,Linseed,Rabi       
Chhattisgarh,BASTAR,Linseed,Rabi       
Chhattisgarh,BEMETARA,Linseed,Rabi       
Chhattisgarh,BILASPUR,Linseed,Rabi       
Chhattisgarh,DANTEWADA,Linseed,Rabi       
Chhattisgarh,DHAMTARI,Linseed,Rabi       
Chhattisgarh,DURG,Linseed,Rabi       
Chhattisgarh,GARIYABAND,Linseed,Rabi       
Chhattisgarh,GAURELLA-PENDRA-MARWAHI,Linseed,Rabi       
Chhattisgarh,JANJGIR-CHAMPA,Linseed,Rabi       
Chhattisgarh,JASHPUR,Linseed,Rabi       
Chhattisgarh,KABIRDHAM,Linseed,Rabi       
Chhattisgarh,KANKER,Linseed,Rabi       
Chhattisgarh,KONDAGAON,Linseed,Rabi       
Chhattisgarh,KORBA,Linseed,Rabi       
Chhattisgarh,KOREA,Linseed,Rabi       
Chhattisgarh,MAHASAMUND,Linseed,Rabi       
Chhattisgarh,MUNGELI,Linseed,Rabi       
Chhattisgarh,NARAYANPUR,Linseed,Rabi       
Chhattisgarh,RAIGARH,Linseed,Rabi       
Chhattisgarh,RAIPUR,Linseed,Rabi       
Chhattisgarh,RAJNANDGAON,Linseed,Rabi       
Chhattisgarh,SURAJPUR,Linseed,Rabi       
Chhattisgarh,SURGUJA,Linseed,Rabi       
Chhattisgarh,BALOD,Maize,Kharif     
Chhattisgarh,BALODA BAZAR,Maize,Kharif     
Chhattisgarh,BALRAMPUR,Maize,Kharif     
Chhattisgarh,BASTAR,Maize,Kharif     
Chhattisgarh,BEMETARA,Maize,Kharif     
Chhattisgarh,BIJAPUR,Maize,Kharif     
Chhattisgarh,BILASPUR,Maize,Kharif     
Chhattisgarh,DANTEWADA,Maize,Kharif     
Chhattisgarh,DHAMTARI,Maize,Kharif     
Chhattisgarh,DURG,Maize,Kharif     
Chhattisgarh,GARIYABAND,Maize,Kharif     
Chhattisgarh,GAURELLA-PENDRA-MARWAHI,Maize,Kharif     
Chhattisgarh,JANJGIR-CHAMPA,Maize,Kharif     
Chhattisgarh,JASHPUR,Maize,Kharif     
Chhattisgarh,KABIRDHAM,Maize,Kharif     
Chhattisgarh,KANKER,Maize,Kharif     
Chhattisgarh,KONDAGAON,Maize,Kharif     
Chhattisgarh,KORBA,Maize,Kharif     
Chhattisgarh,KOREA,Maize,Kharif     
Chhattisgarh,MAHASAMUND,Maize,Kharif     
Chhattisgarh,MUNGELI,Maize,Kharif     
Chhattisgarh,NARAYANPUR,Maize,Kharif     
Chhattisgarh,RAIGARH,Maize,Kharif     
Chhattisgarh,RAIPUR,Maize,Kharif     
Chhattisgarh,RAJNANDGAON,Maize,Kharif     
Chhattisgarh,SUKMA,Maize,Kharif     
Chhattisgarh,SURAJPUR,Maize,Kharif     
Chhattisgarh,SURGUJA,Maize,Kharif     
Chhattisgarh,BALOD,Masoor,Rabi       
Chhattisgarh,BALODA BAZAR,Masoor,Rabi       
Chhattisgarh,BALRAMPUR,Masoor,Rabi       
Chhattisgarh,BASTAR,Masoor,Rabi       
Chhattisgarh,BEMETARA,Masoor,Rabi       
Chhattisgarh,BILASPUR,Masoor,Rabi       
Chhattisgarh,DHAMTARI,Masoor,Rabi       
Chhattisgarh,DURG,Masoor,Rabi       
Chhattisgarh,GARIYABAND,Masoor,Rabi       
Chhattisgarh,GAURELLA-PENDRA-MARWAHI,Masoor,Rabi       
Chhattisgarh,JANJGIR-CHAMPA,Masoor,Rabi       
Chhattisgarh,JASHPUR,Masoor,Rabi       
Chhattisgarh,KABIRDHAM,Masoor,Rabi       
Chhattisgarh,KANKER,Masoor,Rabi       
Chhattisgarh,KONDAGAON,Masoor,Rabi       
Chhattisgarh,KORBA,Masoor,Rabi       
Chhattisgarh,KOREA,Masoor,Rabi       
Chhattisgarh,MAHASAMUND,Masoor,Rabi       
Chhattisgarh,MUNGELI,Masoor,Rabi       
Chhattisgarh,NARAYANPUR,Masoor,Rabi       
Chhattisgarh,RAIGARH,Masoor,Rabi       
Chhattisgarh,RAIPUR,Masoor,Rabi       
Chhattisgarh,RAJNANDGAON,Masoor,Rabi       
Chhattisgarh,SURAJPUR,Masoor,Rabi       
Chhattisgarh,SURGUJA,Masoor,Rabi       
Chhattisgarh,BALOD,Mesta,Kharif     
Chhattisgarh,BALODA BAZAR,Mesta,Kharif     
Chhattisgarh,BALRAMPUR,Mesta,Kharif     
Chhattisgarh,BASTAR,Mesta,Kharif     
Chhattisgarh,BIJAPUR,Mesta,Kharif     
Chhattisgarh,BILASPUR,Mesta,Kharif     
Chhattisgarh,DANTEWADA,Mesta,Kharif     
Chhattisgarh,DHAMTARI,Mesta,Kharif     
Chhattisgarh,DURG,Mesta,Kharif     
Chhattisgarh,GARIYABAND,Mesta,Kharif     
Chhattisgarh,JANJGIR-CHAMPA,Mesta,Kharif     
Chhattisgarh,JASHPUR,Mesta,Kharif     
Chhattisgarh,KABIRDHAM,Mesta,Kharif     
Chhattisgarh,KANKER,Mesta,Kharif     
Chhattisgarh,KONDAGAON,Mesta,Kharif     
Chhattisgarh,KORBA,Mesta,Kharif     
Chhattisgarh,KOREA,Mesta,Kharif     
Chhattisgarh,MAHASAMUND,Mesta,Kharif     
Chhattisgarh,NARAYANPUR,Mesta,Kharif     
Chhattisgarh,RAIGARH,Mesta,Kharif     
Chhattisgarh,RAIPUR,Mesta,Kharif     
Chhattisgarh,RAJNANDGAON,Mesta,Kharif     
Chhattisgarh,SUKMA,Mesta,Kharif     
Chhattisgarh,SURAJPUR,Mesta,Kharif     
Chhattisgarh,SURGUJA,Mesta,Kharif     
Chhattisgarh,BALOD,Moong(Green Gram),Kharif     
Chhattisgarh,BALODA BAZAR,Moong(Green Gram),Kharif     
Chhattisgarh,BALRAMPUR,Moong(Green Gram),Kharif     
Chhattisgarh,BASTAR,Moong(Green Gram),Kharif     
Chhattisgarh,BEMETARA,Moong(Green Gram),Kharif     
Chhattisgarh,BIJAPUR,Moong(Green Gram),Kharif     
Chhattisgarh,BILASPUR,Moong(Green Gram),Kharif     
Chhattisgarh,DANTEWADA,Moong(Green Gram),Kharif     
Chhattisgarh,DHAMTARI,Moong(Green Gram),Kharif     
Chhattisgarh,DURG,Moong(Green Gram),Kharif     
Chhattisgarh,GARIYABAND,Moong(Green Gram),Kharif     
Chhattisgarh,GAURELLA-PENDRA-MARWAHI,Moong(Green Gram),Kharif     
Chhattisgarh,JANJGIR-CHAMPA,Moong(Green Gram),Kharif     
Chhattisgarh,JASHPUR,Moong(Green Gram),Kharif     
Chhattisgarh,KABIRDHAM,Moong(Green Gram),Kharif     
Chhattisgarh,KANKER,Moong(Green Gram),Kharif     
Chhattisgarh,KONDAGAON,Moong(Green Gram),Kharif     
Chhattisgarh,KORBA,Moong(Green Gram),Kharif     
Chhattisgarh,KOREA,Moong(Green Gram),Kharif     
Chhattisgarh,MAHASAMUND,Moong(Green Gram),Kharif     
Chhattisgarh,MUNGELI,Moong(Green Gram),Kharif     
Chhattisgarh,NARAYANPUR,Moong(Green Gram),Kharif     
Chhattisgarh,RAIGARH,Moong(Green Gram),Kharif     
Chhattisgarh,RAIPUR,Moong(Green Gram),Kharif     
Chhattisgarh,RAJNANDGAON,Moong(Green Gram),Kharif     
Chhattisgarh,SUKMA,Moong(Green Gram),Kharif     
Chhattisgarh,SURAJPUR,Moong(Green Gram),Kharif     
Chhattisgarh,SURGUJA,Moong(Green Gram),Kharif     
Chhattisgarh,BALOD,Niger seed,Kharif     
Chhattisgarh,BALODA BAZAR,Niger seed,Kharif     
Chhattisgarh,BALRAMPUR,Niger seed,Kharif     
Chhattisgarh,BASTAR,Niger seed,Kharif     
Chhattisgarh,BIJAPUR,Niger seed,Kharif     
Chhattisgarh,BILASPUR,Niger seed,Kharif     
Chhattisgarh,DANTEWADA,Niger seed,Kharif     
Chhattisgarh,DHAMTARI,Niger seed,Kharif     
Chhattisgarh,DURG,Niger seed,Kharif     
Chhattisgarh,GARIYABAND,Niger seed,Kharif     
Chhattisgarh,GAURELLA-PENDRA-MARWAHI,Niger seed,Kharif     
Chhattisgarh,JANJGIR-CHAMPA,Niger seed,Kharif     
Chhattisgarh,JASHPUR,Niger seed,Kharif     
Chhattisgarh,KABIRDHAM,Niger seed,Kharif     
Chhattisgarh,KANKER,Niger seed,Kharif     
Chhattisgarh,KONDAGAON,Niger seed,Kharif     
Chhattisgarh,KORBA,Niger seed,Kharif     
Chhattisgarh,KOREA,Niger seed,Kharif     
Chhattisgarh,MAHASAMUND,Niger seed,Kharif     
Chhattisgarh,NARAYANPUR,Niger seed,Kharif     
Chhattisgarh,RAIGARH,Niger seed,Kharif     
Chhattisgarh,RAIPUR,Niger seed,Kharif     
Chhattisgarh,RAJNANDGAON,Niger seed,Kharif     
Chhattisgarh,SUKMA,Niger seed,Kharif     
Chhattisgarh,SURAJPUR,Niger seed,Kharif     
Chhattisgarh,SURGUJA,Niger seed,Kharif     
Chhattisgarh,BALOD,Onion,Whole Year 
Chhattisgarh,BALODA BAZAR,Onion,Whole Year 
Chhattisgarh,BALRAMPUR,Onion,Whole Year 
Chhattisgarh,BASTAR,Onion,Whole Year 
Chhattisgarh,BEMETARA,Onion,Whole Year 
Chhattisgarh,BIJAPUR,Onion,Whole Year 
Chhattisgarh,BILASPUR,Onion,Whole Year 
Chhattisgarh,DANTEWADA,Onion,Whole Year 
Chhattisgarh,DHAMTARI,Onion,Whole Year 
Chhattisgarh,DURG,Onion,Whole Year 
Chhattisgarh,GARIYABAND,Onion,Whole Year 
Chhattisgarh,GAURELLA-PENDRA-MARWAHI,Onion,Whole Year 
Chhattisgarh,JANJGIR-CHAMPA,Onion,Whole Year 
Chhattisgarh,JASHPUR,Onion,Whole Year 
Chhattisgarh,KABIRDHAM,Onion,Whole Year 
Chhattisgarh,KANKER,Onion,Whole Year 
Chhattisgarh,KONDAGAON,Onion,Whole Year 
Chhattisgarh,KORBA,Onion,Whole Year 
Chhattisgarh,KOREA,Onion,Whole Year 
Chhattisgarh,MAHASAMUND,Onion,Whole Year 
Chhattisgarh,MUNGELI,Onion,Whole Year 
Chhattisgarh,NARAYANPUR,Onion,Whole Year 
Chhattisgarh,RAIGARH,Onion,Whole Year 
Chhattisgarh,RAIPUR,Onion,Whole Year 
Chhattisgarh,RAJNANDGAON,Onion,Whole Year 
Chhattisgarh,SURAJPUR,Onion,Whole Year 
Chhattisgarh,SURGUJA,Onion,Whole Year 
Chhattisgarh,BALOD,Other  Rabi pulses,Rabi       
Chhattisgarh,BALODA BAZAR,Other  Rabi pulses,Rabi       
Chhattisgarh,BALRAMPUR,Other  Rabi pulses,Rabi       
Chhattisgarh,BASTAR,Other  Rabi pulses,Rabi       
Chhattisgarh,BEMETARA,Other  Rabi pulses,Rabi       
Chhattisgarh,BIJAPUR,Other  Rabi pulses,Rabi       
Chhattisgarh,BILASPUR,Other  Rabi pulses,Rabi       
Chhattisgarh,DANTEWADA,Other  Rabi pulses,Rabi       
Chhattisgarh,DHAMTARI,Other  Rabi pulses,Rabi       
Chhattisgarh,DURG,Other  Rabi pulses,Rabi       
Chhattisgarh,GARIYABAND,Other  Rabi pulses,Rabi       
Chhattisgarh,GAURELLA-PENDRA-MARWAHI,Other  Rabi pulses,Rabi       
Chhattisgarh,JANJGIR-CHAMPA,Other  Rabi pulses,Rabi       
Chhattisgarh,JASHPUR,Other  Rabi pulses,Rabi       
Chhattisgarh,KABIRDHAM,Other  Rabi pulses,Rabi       
Chhattisgarh,KANKER,Other  Rabi pulses,Rabi       
Chhattisgarh,KONDAGAON,Other  Rabi pulses,Rabi       
Chhattisgarh,KORBA,Other  Rabi pulses,Rabi       
Chhattisgarh,KOREA,Other  Rabi pulses,Rabi       
Chhattisgarh,MAHASAMUND,Other  Rabi pulses,Rabi       
Chhattisgarh,MUNGELI,Other  Rabi pulses,Rabi       
Chhattisgarh,NARAYANPUR,Other  Rabi pulses,Rabi       
Chhattisgarh,RAIGARH,Other  Rabi pulses,Rabi       
Chhattisgarh,RAIPUR,Other  Rabi pulses,Rabi       
Chhattisgarh,RAJNANDGAON,Other  Rabi pulses,Rabi       
Chhattisgarh,SUKMA,Other  Rabi pulses,Rabi       
Chhattisgarh,SURAJPUR,Other  Rabi pulses,Rabi       
Chhattisgarh,SURGUJA,Other  Rabi pulses,Rabi       
Chhattisgarh,BALOD,Other Kharif pulses,Kharif     
Chhattisgarh,BALODA BAZAR,Other Kharif pulses,Kharif     
Chhattisgarh,BALRAMPUR,Other Kharif pulses,Kharif     
Chhattisgarh,BASTAR,Other Kharif pulses,Kharif     
Chhattisgarh,BEMETARA,Other Kharif pulses,Kharif     
Chhattisgarh,BIJAPUR,Other Kharif pulses,Kharif     
Chhattisgarh,BILASPUR,Other Kharif pulses,Kharif     
Chhattisgarh,DANTEWADA,Other Kharif pulses,Kharif     
Chhattisgarh,DHAMTARI,Other Kharif pulses,Kharif     
Chhattisgarh,DURG,Other Kharif pulses,Kharif     
Chhattisgarh,GARIYABAND,Other Kharif pulses,Kharif     
Chhattisgarh,GAURELLA-PENDRA-MARWAHI,Other Kharif pulses,Kharif     
Chhattisgarh,JANJGIR-CHAMPA,Other Kharif pulses,Kharif     
Chhattisgarh,JASHPUR,Other Kharif pulses,Kharif     
Chhattisgarh,KABIRDHAM,Other Kharif pulses,Kharif     
Chhattisgarh,KANKER,Other Kharif pulses,Kharif     
Chhattisgarh,KONDAGAON,Other Kharif pulses,Kharif     
Chhattisgarh,KORBA,Other Kharif pulses,Kharif     
Chhattisgarh,KOREA,Other Kharif pulses,Kharif     
Chhattisgarh,MAHASAMUND,Other Kharif pulses,Kharif     
Chhattisgarh,MUNGELI,Other Kharif pulses,Kharif     
Chhattisgarh,NARAYANPUR,Other Kharif pulses,Kharif     
Chhattisgarh,RAIGARH,Other Kharif pulses,Kharif     
Chhattisgarh,RAIPUR,Other Kharif pulses,Kharif     
Chhattisgarh,RAJNANDGAON,Other Kharif pulses,Kharif     
Chhattisgarh,SUKMA,Other Kharif pulses,Kharif     
Chhattisgarh,SURAJPUR,Other Kharif pulses,Kharif     
Chhattisgarh,SURGUJA,Other Kharif pulses,Kharif     
Chhattisgarh,BALOD,Peas & beans (Pulses),Rabi       
Chhattisgarh,BALODA BAZAR,Peas & beans (Pulses),Rabi       
Chhattisgarh,BALRAMPUR,Peas & beans (Pulses),Rabi       
Chhattisgarh,BASTAR,Peas & beans (Pulses),Rabi       
Chhattisgarh,BEMETARA,Peas & beans (Pulses),Rabi       
Chhattisgarh,BILASPUR,Peas & beans (Pulses),Rabi       
Chhattisgarh,DANTEWADA,Peas & beans (Pulses),Rabi       
Chhattisgarh,DHAMTARI,Peas & beans (Pulses),Rabi       
Chhattisgarh,DURG,Peas & beans (Pulses),Rabi       
Chhattisgarh,GARIYABAND,Peas & beans (Pulses),Rabi       
Chhattisgarh,GAURELLA-PENDRA-MARWAHI,Peas & beans (Pulses),Rabi       
Chhattisgarh,JANJGIR-CHAMPA,Peas & beans (Pulses),Rabi       
Chhattisgarh,JASHPUR,Peas & beans (Pulses),Rabi       
Chhattisgarh,KABIRDHAM,Peas & beans (Pulses),Rabi       
Chhattisgarh,KANKER,Peas & beans (Pulses),Rabi       
Chhattisgarh,KONDAGAON,Peas & beans (Pulses),Rabi       
Chhattisgarh,KORBA,Peas & beans (Pulses),Rabi       
Chhattisgarh,KOREA,Peas & beans (Pulses),Rabi       
Chhattisgarh,MAHASAMUND,Peas & beans (Pulses),Rabi       
Chhattisgarh,MUNGELI,Peas & beans (Pulses),Rabi       
Chhattisgarh,NARAYANPUR,Peas & beans (Pulses),Rabi       
Chhattisgarh,RAIGARH,Peas & beans (Pulses),Rabi       
Chhattisgarh,RAIPUR,Peas & beans (Pulses),Rabi       
Chhattisgarh,RAJNANDGAON,Peas & beans (Pulses),Rabi       
Chhattisgarh,SUKMA,Peas & beans (Pulses),Rabi       
Chhattisgarh,SURAJPUR,Peas & beans (Pulses),Rabi       
Chhattisgarh,SURGUJA,Peas & beans (Pulses),Rabi       
Chhattisgarh,BALODA BAZAR,Potato,Rabi       
Chhattisgarh,BALRAMPUR,Potato,Kharif     
Chhattisgarh,BASTAR,Potato,Whole Year 
Chhattisgarh,BEMETARA,Potato,Rabi       
Chhattisgarh,BILASPUR,Potato,Whole Year 
Chhattisgarh,DANTEWADA,Potato,Whole Year 
Chhattisgarh,DHAMTARI,Potato,Whole Year 
Chhattisgarh,DURG,Potato,Whole Year 
Chhattisgarh,GARIYABAND,Potato,Kharif     
Chhattisgarh,GAURELLA-PENDRA-MARWAHI,Potato,Rabi       
Chhattisgarh,JANJGIR-CHAMPA,Potato,Whole Year 
Chhattisgarh,JASHPUR,Potato,Whole Year 
Chhattisgarh,KABIRDHAM,Potato,Whole Year 
Chhattisgarh,KANKER,Potato,Whole Year 
Chhattisgarh,KONDAGAON,Potato,Kharif     
Chhattisgarh,KORBA,Potato,Whole Year 
Chhattisgarh,KOREA,Potato,Whole Year 
Chhattisgarh,MAHASAMUND,Potato,Whole Year 
Chhattisgarh,MUNGELI,Potato,Rabi       
Chhattisgarh,NARAYANPUR,Potato,Rabi       
Chhattisgarh,RAIGARH,Potato,Whole Year 
Chhattisgarh,RAIPUR,Potato,Whole Year 
Chhattisgarh,RAJNANDGAON,Potato,Whole Year 
Chhattisgarh,SUKMA,Potato,Rabi       
Chhattisgarh,SURAJPUR,Potato,Rabi       
Chhattisgarh,SURGUJA,Potato,Whole Year 
Chhattisgarh,BALOD,Ragi,Kharif     
Chhattisgarh,BALRAMPUR,Ragi,Kharif     
Chhattisgarh,BASTAR,Ragi,Kharif     
Chhattisgarh,BIJAPUR,Ragi,Kharif     
Chhattisgarh,DANTEWADA,Ragi,Kharif     
Chhattisgarh,DHAMTARI,Ragi,Kharif     
Chhattisgarh,DURG,Ragi,Kharif     
Chhattisgarh,GARIYABAND,Ragi,Kharif     
Chhattisgarh,JASHPUR,Ragi,Kharif     
Chhattisgarh,KANKER,Ragi,Kharif     
Chhattisgarh,KONDAGAON,Ragi,Kharif     
Chhattisgarh,KOREA,Ragi,Kharif     
Chhattisgarh,MAHASAMUND,Ragi,Kharif     
Chhattisgarh,MUNGELI,Ragi,Kharif     
Chhattisgarh,NARAYANPUR,Ragi,Kharif     
Chhattisgarh,RAIGARH,Ragi,Kharif     
Chhattisgarh,RAIPUR,Ragi,Kharif     
Chhattisgarh,RAJNANDGAON,Ragi,Kharif     
Chhattisgarh,SUKMA,Ragi,Kharif     
Chhattisgarh,SURAJPUR,Ragi,Kharif     
Chhattisgarh,SURGUJA,Ragi,Kharif     
Chhattisgarh,BALOD,Rapeseed &Mustard,Rabi       
Chhattisgarh,BALODA BAZAR,Rapeseed &Mustard,Rabi       
Chhattisgarh,BALRAMPUR,Rapeseed &Mustard,Rabi       
Chhattisgarh,BASTAR,Rapeseed &Mustard,Rabi       
Chhattisgarh,BEMETARA,Rapeseed &Mustard,Rabi       
Chhattisgarh,BIJAPUR,Rapeseed &Mustard,Rabi       
Chhattisgarh,BILASPUR,Rapeseed &Mustard,Rabi       
Chhattisgarh,DANTEWADA,Rapeseed &Mustard,Rabi       
Chhattisgarh,DHAMTARI,Rapeseed &Mustard,Rabi       
Chhattisgarh,DURG,Rapeseed &Mustard,Rabi       
Chhattisgarh,GARIYABAND,Rapeseed &Mustard,Rabi       
Chhattisgarh,GAURELLA-PENDRA-MARWAHI,Rapeseed &Mustard,Rabi       
Chhattisgarh,JANJGIR-CHAMPA,Rapeseed &Mustard,Rabi       
Chhattisgarh,JASHPUR,Rapeseed &Mustard,Rabi       
Chhattisgarh,KABIRDHAM,Rapeseed &Mustard,Rabi       
Chhattisgarh,KANKER,Rapeseed &Mustard,Rabi       
Chhattisgarh,KONDAGAON,Rapeseed &Mustard,Rabi       
Chhattisgarh,KORBA,Rapeseed &Mustard,Rabi       
Chhattisgarh,KOREA,Rapeseed &Mustard,Rabi       
Chhattisgarh,MAHASAMUND,Rapeseed &Mustard,Rabi       
Chhattisgarh,MUNGELI,Rapeseed &Mustard,Rabi       
Chhattisgarh,NARAYANPUR,Rapeseed &Mustard,Rabi       
Chhattisgarh,RAIGARH,Rapeseed &Mustard,Rabi       
Chhattisgarh,RAIPUR,Rapeseed &Mustard,Rabi       
Chhattisgarh,RAJNANDGAON,Rapeseed &Mustard,Rabi       
Chhattisgarh,SUKMA,Rapeseed &Mustard,Rabi       
Chhattisgarh,SURAJPUR,Rapeseed &Mustard,Rabi       
Chhattisgarh,SURGUJA,Rapeseed &Mustard,Rabi       
Chhattisgarh,BALOD,Rice,Kharif     
Chhattisgarh,BALODA BAZAR,Rice,Kharif     
Chhattisgarh,BALRAMPUR,Rice,Kharif     
Chhattisgarh,BASTAR,Rice,Kharif     
Chhattisgarh,BEMETARA,Rice,Kharif     
Chhattisgarh,BIJAPUR,Rice,Kharif     
Chhattisgarh,BILASPUR,Rice,Kharif     
Chhattisgarh,DANTEWADA,Rice,Kharif     
Chhattisgarh,DHAMTARI,Rice,Kharif     
Chhattisgarh,DURG,Rice,Kharif     
Chhattisgarh,GARIYABAND,Rice,Kharif     
Chhattisgarh,GAURELLA-PENDRA-MARWAHI,Rice,Kharif     
Chhattisgarh,JANJGIR-CHAMPA,Rice,Kharif     
Chhattisgarh,JASHPUR,Rice,Kharif     
Chhattisgarh,KABIRDHAM,Rice,Kharif     
Chhattisgarh,KANKER,Rice,Kharif     
Chhattisgarh,KONDAGAON,Rice,Kharif     
Chhattisgarh,KORBA,Rice,Kharif     
Chhattisgarh,KOREA,Rice,Kharif     
Chhattisgarh,MAHASAMUND,Rice,Kharif     
Chhattisgarh,MUNGELI,Rice,Kharif     
Chhattisgarh,NARAYANPUR,Rice,Kharif     
Chhattisgarh,RAIGARH,Rice,Kharif     
Chhattisgarh,RAIPUR,Rice,Kharif     
Chhattisgarh,RAJNANDGAON,Rice,Kharif     
Chhattisgarh,SUKMA,Rice,Kharif     
Chhattisgarh,SURAJPUR,Rice,Kharif     
Chhattisgarh,SURGUJA,Rice,Kharif     
Chhattisgarh,BALOD,Safflower,Rabi       
Chhattisgarh,BALODA BAZAR,Safflower,Rabi       
Chhattisgarh,BASTAR,Safflower,Rabi       
Chhattisgarh,BEMETARA,Safflower,Rabi       
Chhattisgarh,BILASPUR,Safflower,Rabi       
Chhattisgarh,DANTEWADA,Safflower,Rabi       
Chhattisgarh,DHAMTARI,Safflower,Rabi       
Chhattisgarh,DURG,Safflower,Rabi       
Chhattisgarh,GAURELLA-PENDRA-MARWAHI,Safflower,Rabi       
Chhattisgarh,JANJGIR-CHAMPA,Safflower,Rabi       
Chhattisgarh,KABIRDHAM,Safflower,Rabi       
Chhattisgarh,KANKER,Safflower,Rabi       
Chhattisgarh,KORBA,Safflower,Rabi       
Chhattisgarh,KOREA,Safflower,Rabi       
Chhattisgarh,MAHASAMUND,Safflower,Rabi       
Chhattisgarh,MUNGELI,Safflower,Rabi       
Chhattisgarh,RAIGARH,Safflower,Rabi       
Chhattisgarh,RAIPUR,Safflower,Rabi       
Chhattisgarh,RAJNANDGAON,Safflower,Rabi       
Chhattisgarh,SURGUJA,Safflower,Rabi       
Chhattisgarh,BALOD,Sannhamp,Whole Year 
Chhattisgarh,BALODA BAZAR,Sannhamp,Whole Year 
Chhattisgarh,BALRAMPUR,Sannhamp,Whole Year 
Chhattisgarh,BASTAR,Sannhamp,Whole Year 
Chhattisgarh,BEMETARA,Sannhamp,Whole Year 
Chhattisgarh,BIJAPUR,Sannhamp,Whole Year 
Chhattisgarh,BILASPUR,Sannhamp,Whole Year 
Chhattisgarh,DANTEWADA,Sannhamp,Whole Year 
Chhattisgarh,DHAMTARI,Sannhamp,Whole Year 
Chhattisgarh,DURG,Sannhamp,Whole Year 
Chhattisgarh,GARIYABAND,Sannhamp,Whole Year 
Chhattisgarh,JANJGIR-CHAMPA,Sannhamp,Whole Year 
Chhattisgarh,JASHPUR,Sannhamp,Whole Year 
Chhattisgarh,KABIRDHAM,Sannhamp,Whole Year 
Chhattisgarh,KANKER,Sannhamp,Whole Year 
Chhattisgarh,KONDAGAON,Sannhamp,Whole Year 
Chhattisgarh,KORBA,Sannhamp,Whole Year 
Chhattisgarh,KOREA,Sannhamp,Whole Year 
Chhattisgarh,MAHASAMUND,Sannhamp,Whole Year 
Chhattisgarh,NARAYANPUR,Sannhamp,Whole Year 
Chhattisgarh,RAIGARH,Sannhamp,Whole Year 
Chhattisgarh,RAIPUR,Sannhamp,Whole Year 
Chhattisgarh,RAJNANDGAON,Sannhamp,Whole Year 
Chhattisgarh,SUKMA,Sannhamp,Whole Year 
Chhattisgarh,SURAJPUR,Sannhamp,Whole Year 
Chhattisgarh,SURGUJA,Sannhamp,Whole Year 
Chhattisgarh,BALOD,Sesamum,Kharif     
Chhattisgarh,BALODA BAZAR,Sesamum,Kharif     
Chhattisgarh,BALRAMPUR,Sesamum,Kharif     
Chhattisgarh,BASTAR,Sesamum,Kharif     
Chhattisgarh,BEMETARA,Sesamum,Kharif     
Chhattisgarh,BIJAPUR,Sesamum,Kharif     
Chhattisgarh,BILASPUR,Sesamum,Kharif     
Chhattisgarh,DANTEWADA,Sesamum,Kharif     
Chhattisgarh,DHAMTARI,Sesamum,Kharif     
Chhattisgarh,DURG,Sesamum,Kharif     
Chhattisgarh,GARIYABAND,Sesamum,Kharif     
Chhattisgarh,GAURELLA-PENDRA-MARWAHI,Sesamum,Kharif     
Chhattisgarh,JANJGIR-CHAMPA,Sesamum,Kharif     
Chhattisgarh,JASHPUR,Sesamum,Kharif     
Chhattisgarh,KABIRDHAM,Sesamum,Kharif     
Chhattisgarh,KANKER,Sesamum,Kharif     
Chhattisgarh,KONDAGAON,Sesamum,Kharif     
Chhattisgarh,KORBA,Sesamum,Kharif     
Chhattisgarh,KOREA,Sesamum,Kharif     
Chhattisgarh,MAHASAMUND,Sesamum,Kharif     
Chhattisgarh,MUNGELI,Sesamum,Kharif     
Chhattisgarh,NARAYANPUR,Sesamum,Kharif     
Chhattisgarh,RAIGARH,Sesamum,Kharif     
Chhattisgarh,RAIPUR,Sesamum,Kharif     
Chhattisgarh,RAJNANDGAON,Sesamum,Kharif     
Chhattisgarh,SUKMA,Sesamum,Kharif     
Chhattisgarh,SURAJPUR,Sesamum,Kharif     
Chhattisgarh,SURGUJA,Sesamum,Kharif     
Chhattisgarh,BALOD,Small millets,Kharif     
Chhattisgarh,BALODA BAZAR,Small millets,Kharif     
Chhattisgarh,BALRAMPUR,Small millets,Kharif     
Chhattisgarh,BASTAR,Small millets,Kharif     
Chhattisgarh,BEMETARA,Small millets,Kharif     
Chhattisgarh,BIJAPUR,Small millets,Kharif     
Chhattisgarh,BILASPUR,Small millets,Kharif     
Chhattisgarh,DANTEWADA,Small millets,Kharif     
Chhattisgarh,DHAMTARI,Small millets,Kharif     
Chhattisgarh,DURG,Small millets,Kharif     
Chhattisgarh,GARIYABAND,Small millets,Kharif     
Chhattisgarh,GAURELLA-PENDRA-MARWAHI,Small millets,Kharif     
Chhattisgarh,JANJGIR-CHAMPA,Small millets,Kharif     
Chhattisgarh,JASHPUR,Small millets,Kharif     
Chhattisgarh,KABIRDHAM,Small millets,Kharif     
Chhattisgarh,KANKER,Small millets,Kharif     
Chhattisgarh,KONDAGAON,Small millets,Kharif     
Chhattisgarh,KORBA,Small millets,Kharif     
Chhattisgarh,KOREA,Small millets,Kharif     
Chhattisgarh,MAHASAMUND,Small millets,Kharif     
Chhattisgarh,MUNGELI,Small millets,Kharif     
Chhattisgarh,NARAYANPUR,Small millets,Kharif     
Chhattisgarh,RAIGARH,Small millets,Kharif     
Chhattisgarh,RAIPUR,Small millets,Kharif     
Chhattisgarh,RAJNANDGAON,Small millets,Kharif     
Chhattisgarh,SUKMA,Small millets,Kharif     
Chhattisgarh,SURAJPUR,Small millets,Kharif     
Chhattisgarh,SURGUJA,Small millets,Kharif     
Chhattisgarh,BALOD,Soyabean,Kharif     
Chhattisgarh,BALODA BAZAR,Soyabean,Kharif     
Chhattisgarh,BALRAMPUR,Soyabean,Kharif     
Chhattisgarh,BASTAR,Soyabean,Kharif     
Chhattisgarh,BEMETARA,Soyabean,Kharif     
Chhattisgarh,BIJAPUR,Soyabean,Kharif     
Chhattisgarh,BILASPUR,Soyabean,Kharif     
Chhattisgarh,DANTEWADA,Soyabean,Kharif     
Chhattisgarh,DHAMTARI,Soyabean,Kharif     
Chhattisgarh,DURG,Soyabean,Kharif     
Chhattisgarh,GARIYABAND,Soyabean,Kharif     
Chhattisgarh,JANJGIR-CHAMPA,Soyabean,Kharif     
Chhattisgarh,JASHPUR,Soyabean,Kharif     
Chhattisgarh,KABIRDHAM,Soyabean,Kharif     
Chhattisgarh,KANKER,Soyabean,Kharif     
Chhattisgarh,KONDAGAON,Soyabean,Kharif     
Chhattisgarh,KORBA,Soyabean,Kharif     
Chhattisgarh,KOREA,Soyabean,Kharif     
Chhattisgarh,MAHASAMUND,Soyabean,Kharif     
Chhattisgarh,MUNGELI,Soyabean,Kharif     
Chhattisgarh,NARAYANPUR,Soyabean,Kharif     
Chhattisgarh,RAIGARH,Soyabean,Kharif     
Chhattisgarh,RAIPUR,Soyabean,Kharif     
Chhattisgarh,RAJNANDGAON,Soyabean,Kharif     
Chhattisgarh,SUKMA,Soyabean,Kharif     
Chhattisgarh,SURAJPUR,Soyabean,Kharif     
Chhattisgarh,SURGUJA,Soyabean,Kharif     
Chhattisgarh,BALOD,Sugarcane,Whole Year 
Chhattisgarh,BALODA BAZAR,Sugarcane,Whole Year 
Chhattisgarh,BALRAMPUR,Sugarcane,Whole Year 
Chhattisgarh,BASTAR,Sugarcane,Whole Year 
Chhattisgarh,BEMETARA,Sugarcane,Whole Year 
Chhattisgarh,BIJAPUR,Sugarcane,Whole Year 
Chhattisgarh,BILASPUR,Sugarcane,Whole Year 
Chhattisgarh,DANTEWADA,Sugarcane,Whole Year 
Chhattisgarh,DHAMTARI,Sugarcane,Whole Year 
Chhattisgarh,DURG,Sugarcane,Whole Year 
Chhattisgarh,GARIYABAND,Sugarcane,Whole Year 
Chhattisgarh,GAURELLA-PENDRA-MARWAHI,Sugarcane,Whole Year 
Chhattisgarh,JANJGIR-CHAMPA,Sugarcane,Whole Year 
Chhattisgarh,JASHPUR,Sugarcane,Whole Year 
Chhattisgarh,KABIRDHAM,Sugarcane,Whole Year 
Chhattisgarh,KANKER,Sugarcane,Whole Year 
Chhattisgarh,KONDAGAON,Sugarcane,Whole Year 
Chhattisgarh,KORBA,Sugarcane,Whole Year 
Chhattisgarh,KOREA,Sugarcane,Whole Year 
Chhattisgarh,MAHASAMUND,Sugarcane,Whole Year 
Chhattisgarh,MUNGELI,Sugarcane,Whole Year 
Chhattisgarh,NARAYANPUR,Sugarcane,Whole Year 
Chhattisgarh,RAIGARH,Sugarcane,Whole Year 
Chhattisgarh,RAIPUR,Sugarcane,Whole Year 
Chhattisgarh,RAJNANDGAON,Sugarcane,Whole Year 
Chhattisgarh,SUKMA,Sugarcane,Whole Year 
Chhattisgarh,SURAJPUR,Sugarcane,Whole Year 
Chhattisgarh,SURGUJA,Sugarcane,Whole Year 
Chhattisgarh,BALOD,Sunflower,Kharif     
Chhattisgarh,BALODA BAZAR,Sunflower,Kharif     
Chhattisgarh,BALRAMPUR,Sunflower,Kharif     
Chhattisgarh,BASTAR,Sunflower,Kharif     
Chhattisgarh,BEMETARA,Sunflower,Kharif     
Chhattisgarh,BIJAPUR,Sunflower,Kharif     
Chhattisgarh,BILASPUR,Sunflower,Kharif     
Chhattisgarh,DANTEWADA,Sunflower,Kharif     
Chhattisgarh,DHAMTARI,Sunflower,Kharif     
Chhattisgarh,DURG,Sunflower,Kharif     
Chhattisgarh,GARIYABAND,Sunflower,Kharif     
Chhattisgarh,JANJGIR-CHAMPA,Sunflower,Kharif     
Chhattisgarh,JASHPUR,Sunflower,Kharif     
Chhattisgarh,KABIRDHAM,Sunflower,Kharif     
Chhattisgarh,KANKER,Sunflower,Kharif     
Chhattisgarh,KONDAGAON,Sunflower,Kharif     
Chhattisgarh,KORBA,Sunflower,Kharif     
Chhattisgarh,KOREA,Sunflower,Kharif     
Chhattisgarh,MAHASAMUND,Sunflower,Kharif     
Chhattisgarh,MUNGELI,Sunflower,Whole Year 
Chhattisgarh,RAIGARH,Sunflower,Kharif     
Chhattisgarh,RAIPUR,Sunflower,Kharif     
Chhattisgarh,RAJNANDGAON,Sunflower,Kharif     
Chhattisgarh,SUKMA,Sunflower,Kharif     
Chhattisgarh,SURAJPUR,Sunflower,Kharif     
Chhattisgarh,SURGUJA,Sunflower,Kharif     
Chhattisgarh,BALOD,Sweet potato,Whole Year 
Chhattisgarh,BALODA BAZAR,Sweet potato,Whole Year 
Chhattisgarh,BALRAMPUR,Sweet potato,Whole Year 
Chhattisgarh,BASTAR,Sweet potato,Whole Year 
Chhattisgarh,BEMETARA,Sweet potato,Whole Year 
Chhattisgarh,BIJAPUR,Sweet potato,Whole Year 
Chhattisgarh,BILASPUR,Sweet potato,Whole Year 
Chhattisgarh,DANTEWADA,Sweet potato,Whole Year 
Chhattisgarh,DHAMTARI,Sweet potato,Whole Year 
Chhattisgarh,DURG,Sweet potato,Whole Year 
Chhattisgarh,GARIYABAND,Sweet potato,Whole Year 
Chhattisgarh,GAURELLA-PENDRA-MARWAHI,Sweet potato,Whole Year 
Chhattisgarh,JANJGIR-CHAMPA,Sweet potato,Whole Year 
Chhattisgarh,JASHPUR,Sweet potato,Whole Year 
Chhattisgarh,KABIRDHAM,Sweet potato,Whole Year 
Chhattisgarh,KANKER,Sweet potato,Whole Year 
Chhattisgarh,KONDAGAON,Sweet potato,Whole Year 
Chhattisgarh,KORBA,Sweet potato,Whole Year 
Chhattisgarh,KOREA,Sweet potato,Whole Year 
Chhattisgarh,MAHASAMUND,Sweet potato,Whole Year 
Chhattisgarh,MUNGELI,Sweet potato,Whole Year 
Chhattisgarh,NARAYANPUR,Sweet potato,Whole Year 
Chhattisgarh,RAIGARH,Sweet potato,Whole Year 
Chhattisgarh,RAIPUR,Sweet potato,Whole Year 
Chhattisgarh,RAJNANDGAON,Sweet potato,Whole Year 
Chhattisgarh,SUKMA,Sweet potato,Whole Year 
Chhattisgarh,SURAJPUR,Sweet potato,Whole Year 
Chhattisgarh,SURGUJA,Sweet potato,Whole Year 
Chhattisgarh,BALRAMPUR,Tobacco,Whole Year 
Chhattisgarh,BASTAR,Tobacco,Whole Year 
Chhattisgarh,DANTEWADA,Tobacco,Whole Year 
Chhattisgarh,DURG,Tobacco,Whole Year 
Chhattisgarh,JASHPUR,Tobacco,Whole Year 
Chhattisgarh,KOREA,Tobacco,Whole Year 
Chhattisgarh,RAIGARH,Tobacco,Whole Year 
Chhattisgarh,SURAJPUR,Tobacco,Whole Year 
Chhattisgarh,SURGUJA,Tobacco,Whole Year 
Chhattisgarh,BALOD,Turmeric,Whole Year 
Chhattisgarh,BALODA BAZAR,Turmeric,Whole Year 
Chhattisgarh,BALRAMPUR,Turmeric,Whole Year 
Chhattisgarh,BASTAR,Turmeric,Whole Year 
Chhattisgarh,BEMETARA,Turmeric,Whole Year 
Chhattisgarh,BIJAPUR,Turmeric,Whole Year 
Chhattisgarh,BILASPUR,Turmeric,Whole Year 
Chhattisgarh,DANTEWADA,Turmeric,Whole Year 
Chhattisgarh,DHAMTARI,Turmeric,Whole Year 
Chhattisgarh,DURG,Turmeric,Whole Year 
Chhattisgarh,GARIYABAND,Turmeric,Whole Year 
Chhattisgarh,JANJGIR-CHAMPA,Turmeric,Whole Year 
Chhattisgarh,JASHPUR,Turmeric,Whole Year 
Chhattisgarh,KABIRDHAM,Turmeric,Whole Year 
Chhattisgarh,KANKER,Turmeric,Whole Year 
Chhattisgarh,KONDAGAON,Turmeric,Whole Year 
Chhattisgarh,KORBA,Turmeric,Whole Year 
Chhattisgarh,KOREA,Turmeric,Whole Year 
Chhattisgarh,MAHASAMUND,Turmeric,Whole Year 
Chhattisgarh,MUNGELI,Turmeric,Whole Year 
Chhattisgarh,NARAYANPUR,Turmeric,Whole Year 
Chhattisgarh,RAIGARH,Turmeric,Whole Year 
Chhattisgarh,RAIPUR,Turmeric,Whole Year 
Chhattisgarh,RAJNANDGAON,Turmeric,Whole Year 
Chhattisgarh,SUKMA,Turmeric,Whole Year 
Chhattisgarh,SURAJPUR,Turmeric,Whole Year 
Chhattisgarh,SURGUJA,Turmeric,Whole Year 
Chhattisgarh,BALOD,Urad,Kharif     
Chhattisgarh,BALODA BAZAR,Urad,Kharif     
Chhattisgarh,BALRAMPUR,Urad,Kharif     
Chhattisgarh,BASTAR,Urad,Kharif     
Chhattisgarh,BEMETARA,Urad,Kharif     
Chhattisgarh,BIJAPUR,Urad,Kharif     
Chhattisgarh,BILASPUR,Urad,Kharif     
Chhattisgarh,DANTEWADA,Urad,Kharif     
Chhattisgarh,DHAMTARI,Urad,Kharif     
Chhattisgarh,DURG,Urad,Kharif     
Chhattisgarh,GARIYABAND,Urad,Kharif     
Chhattisgarh,GAURELLA-PENDRA-MARWAHI,Urad,Kharif     
Chhattisgarh,JANJGIR-CHAMPA,Urad,Kharif     
Chhattisgarh,JASHPUR,Urad,Kharif     
Chhattisgarh,KABIRDHAM,Urad,Kharif     
Chhattisgarh,KANKER,Urad,Kharif     
Chhattisgarh,KONDAGAON,Urad,Kharif     
Chhattisgarh,KORBA,Urad,Kharif     
Chhattisgarh,KOREA,Urad,Kharif     
Chhattisgarh,MAHASAMUND,Urad,Kharif     
Chhattisgarh,MUNGELI,Urad,Kharif     
Chhattisgarh,NARAYANPUR,Urad,Kharif     
Chhattisgarh,RAIGARH,Urad,Kharif     
Chhattisgarh,RAIPUR,Urad,Kharif     
Chhattisgarh,RAJNANDGAON,Urad,Kharif     
Chhattisgarh,SUKMA,Urad,Kharif     
Chhattisgarh,SURAJPUR,Urad,Kharif     
Chhattisgarh,SURGUJA,Urad,Kharif     
Chhattisgarh,BALOD,Wheat,Rabi       
Chhattisgarh,BALODA BAZAR,Wheat,Rabi       
Chhattisgarh,BALRAMPUR,Wheat,Rabi       
Chhattisgarh,BASTAR,Wheat,Rabi       
Chhattisgarh,BEMETARA,Wheat,Rabi       
Chhattisgarh,BIJAPUR,Wheat,Rabi       
Chhattisgarh,BILASPUR,Wheat,Rabi       
Chhattisgarh,DANTEWADA,Wheat,Rabi       
Chhattisgarh,DHAMTARI,Wheat,Rabi       
Chhattisgarh,DURG,Wheat,Rabi       
Chhattisgarh,GARIYABAND,Wheat,Rabi       
Chhattisgarh,GAURELLA-PENDRA-MARWAHI,Wheat,Rabi       
Chhattisgarh,JANJGIR-CHAMPA,Wheat,Rabi       
Chhattisgarh,JASHPUR,Wheat,Rabi       
Chhattisgarh,KABIRDHAM,Wheat,Rabi       
Chhattisgarh,KANKER,Wheat,Rabi       
Chhattisgarh,KONDAGAON,Wheat,Rabi       
Chhattisgarh,KORBA,Wheat,Rabi       
Chhattisgarh,KOREA,Wheat,Rabi       
Chhattisgarh,MAHASAMUND,Wheat,Rabi       
Chhattisgarh,MUNGELI,Wheat,Rabi       
Chhattisgarh,NARAYANPUR,Wheat,Rabi       
Chhattisgarh,RAIGARH,Wheat,Rabi       
Chhattisgarh,RAIPUR,Wheat,Rabi       
Chhattisgarh,RAJNANDGAON,Wheat,Rabi       
Chhattisgarh,SUKMA,Wheat,Rabi       
Chhattisgarh,SURAJPUR,Wheat,Rabi       
Chhattisgarh,SURGUJA,Wheat,Rabi       
Dadra and Nagar Haveli,DADRA AND NAGAR HAVELI,Arhar/Tur,Kharif     
Dadra and Nagar Haveli,DADRA AND NAGAR HAVELI,Cowpea(Lobia),Kharif     
Dadra and Nagar Haveli,DADRA AND NAGAR HAVELI,Gram,Rabi       
Dadra and Nagar Haveli,DADRA AND NAGAR HAVELI,Groundnut,Kharif     
Dadra and Nagar Haveli,DADRA AND NAGAR HAVELI,Jowar,Kharif     
Dadra and Nagar Haveli,DADRA AND NAGAR HAVELI,Maize,Kharif     
Dadra and Nagar Haveli,DADRA AND NAGAR HAVELI,Niger seed,Kharif     
Dadra and Nagar Haveli,DADRA AND NAGAR HAVELI,Other  Rabi pulses,Rabi       
Dadra and Nagar Haveli,DADRA AND NAGAR HAVELI,Other Kharif pulses,Kharif     
Dadra and Nagar Haveli,DADRA AND NAGAR HAVELI,Ragi,Kharif     
Dadra and Nagar Haveli,DADRA AND NAGAR HAVELI,Rapeseed &Mustard,Kharif     
Dadra and Nagar Haveli,DADRA AND NAGAR HAVELI,Rice,Kharif     
Dadra and Nagar Haveli,DADRA AND NAGAR HAVELI,Sesamum,Kharif     
Dadra and Nagar Haveli,DADRA AND NAGAR HAVELI,Small millets,Kharif     
Dadra and Nagar Haveli,DADRA AND NAGAR HAVELI,Sugarcane,Winter     
Dadra and Nagar Haveli,DADRA AND NAGAR HAVELI,Urad,Kharif     
Dadra and Nagar Haveli,DADRA AND NAGAR HAVELI,Wheat,Winter     
Daman and Diu,DIU,Bajra,Kharif     
Daman and Diu,DAMAN,Rice,Kharif     
Delhi,DELHI_TOTAL,Arhar/Tur,Kharif     
Delhi,DELHI_TOTAL,Bajra,Kharif     
Delhi,DELHI_TOTAL,Barley,Kharif     
Delhi,DELHI_TOTAL,Cotton(lint),Kharif     
Delhi,DELHI_TOTAL,Gram,Rabi       
Delhi,DELHI_TOTAL,Jowar,Kharif     
Delhi,DELHI_TOTAL,Maize,Kharif     
Delhi,DELHI_TOTAL,Other Kharif pulses,Kharif     
Delhi,DELHI_TOTAL,Potato,Whole Year 
Delhi,DELHI_TOTAL,Rapeseed &Mustard,Rabi       
Delhi,DELHI_TOTAL,Rice,Kharif     
Delhi,DELHI_TOTAL,Sugarcane,Whole Year 
Delhi,DELHI_TOTAL,Wheat,Rabi       
Goa,NORTH GOA,Arecanut,Whole Year 
Goa,SOUTH GOA,Arecanut,Whole Year 
Goa,NORTH GOA,Banana,Whole Year 
Goa,SOUTH GOA,Banana,Whole Year 
Goa,NORTH GOA,Black pepper,Whole Year 
Goa,SOUTH GOA,Black pepper,Whole Year 
Goa,NORTH GOA,Cashewnut,Whole Year 
Goa,SOUTH GOA,Cashewnut,Whole Year 
Goa,NORTH GOA,Coconut ,Whole Year 
Goa,SOUTH GOA,Coconut ,Whole Year 
Goa,NORTH GOA,Groundnut,Kharif     
Goa,SOUTH GOA,Groundnut,Kharif     
Goa,NORTH GOA,Other  Rabi pulses,Rabi       
Goa,SOUTH GOA,Other  Rabi pulses,Rabi       
Goa,NORTH GOA,Other Kharif pulses,Kharif     
Goa,SOUTH GOA,Other Kharif pulses,Kharif     
Goa,NORTH GOA,other oilseeds,Whole Year 
Goa,SOUTH GOA,other oilseeds,Whole Year 
Goa,NORTH GOA,Ragi,Kharif     
Goa,SOUTH GOA,Ragi,Whole Year 
Goa,NORTH GOA,Rice,Kharif     
Goa,SOUTH GOA,Rice,Kharif     
Goa,NORTH GOA,Sugarcane,Whole Year 
Goa,SOUTH GOA,Sugarcane,Whole Year 
Goa,NORTH GOA,Sweet potato,Whole Year 
Goa,SOUTH GOA,Sweet potato,Whole Year 
Gujarat,AHMADABAD,Arhar/Tur,Kharif     
Gujarat,AMRELI,Arhar/Tur,Kharif     
Gujarat,ANAND,Arhar/Tur,Kharif     
Gujarat,ARAVALLI,Arhar/Tur,Kharif     
Gujarat,BANAS KANTHA,Arhar/Tur,Kharif     
Gujarat,BHARUCH,Arhar/Tur,Kharif     
Gujarat,BHAVNAGAR,Arhar/Tur,Kharif     
Gujarat,BOTAD,Arhar/Tur,Kharif     
Gujarat,CHHOTAUDEPUR,Arhar/Tur,Kharif     
Gujarat,DANG,Arhar/Tur,Kharif     
Gujarat,DEVBHUMI DWARKA,Arhar/Tur,Kharif     
Gujarat,DOHAD,Arhar/Tur,Kharif     
Gujarat,GANDHINAGAR,Arhar/Tur,Kharif     
Gujarat,GIR SOMNATH,Arhar/Tur,Kharif     
Gujarat,JAMNAGAR,Arhar/Tur,Kharif     
Gujarat,JUNAGADH,Arhar/Tur,Kharif     
Gujarat,KACHCHH,Arhar/Tur,Kharif     
Gujarat,KHEDA,Arhar/Tur,Kharif     
Gujarat,MAHESANA,Arhar/Tur,Kharif     
Gujarat,MAHISAGAR,Arhar/Tur,Kharif     
Gujarat,MORBI,Arhar/Tur,Kharif     
Gujarat,NARMADA,Arhar/Tur,Kharif     
Gujarat,NAVSARI,Arhar/Tur,Kharif     
Gujarat,PANCH MAHALS,Arhar/Tur,Kharif     
Gujarat,PATAN,Arhar/Tur,Kharif     
Gujarat,PORBANDAR,Arhar/Tur,Kharif     
Gujarat,RAJKOT,Arhar/Tur,Kharif     
Gujarat,SABAR KANTHA,Arhar/Tur,Kharif     
Gujarat,SURAT,Arhar/Tur,Kharif     
Gujarat,SURENDRANAGAR,Arhar/Tur,Kharif     
Gujarat,TAPI,Arhar/Tur,Kharif     
Gujarat,VADODARA,Arhar/Tur,Kharif     
Gujarat,VALSAD,Arhar/Tur,Kharif     
Gujarat,AHMADABAD,Bajra,Kharif     
Gujarat,AMRELI,Bajra,Kharif     
Gujarat,ANAND,Bajra,Kharif     
Gujarat,ARAVALLI,Bajra,Kharif     
Gujarat,BANAS KANTHA,Bajra,Kharif     
Gujarat,BHARUCH,Bajra,Kharif     
Gujarat,BHAVNAGAR,Bajra,Kharif     
Gujarat,BOTAD,Bajra,Kharif     
Gujarat,CHHOTAUDEPUR,Bajra,Summer     
Gujarat,DEVBHUMI DWARKA,Bajra,Kharif     
Gujarat,DOHAD,Bajra,Kharif     
Gujarat,GANDHINAGAR,Bajra,Kharif     
Gujarat,GIR SOMNATH,Bajra,Kharif     
Gujarat,JAMNAGAR,Bajra,Kharif     
Gujarat,JUNAGADH,Bajra,Kharif     
Gujarat,KACHCHH,Bajra,Kharif     
Gujarat,KHEDA,Bajra,Kharif     
Gujarat,MAHESANA,Bajra,Kharif     
Gujarat,MAHISAGAR,Bajra,Kharif     
Gujarat,MORBI,Bajra,Kharif     
Gujarat,NARMADA,Bajra,Kharif     
Gujarat,NAVSARI,Bajra,Summer     
Gujarat,PANCH MAHALS,Bajra,Kharif     
Gujarat,PATAN,Bajra,Kharif     
Gujarat,PORBANDAR,Bajra,Kharif     
Gujarat,RAJKOT,Bajra,Kharif     
Gujarat,SABAR KANTHA,Bajra,Kharif     
Gujarat,SURAT,Bajra,Kharif     
Gujarat,SURENDRANAGAR,Bajra,Kharif     
Gujarat,TAPI,Bajra,Summer     
Gujarat,VADODARA,Bajra,Kharif     
Gujarat,VALSAD,Bajra,Summer     
Gujarat,AHMADABAD,Banana,Whole Year 
Gujarat,AMRELI,Banana,Whole Year 
Gujarat,ANAND,Banana,Whole Year 
Gujarat,BANAS KANTHA,Banana,Whole Year 
Gujarat,BHARUCH,Banana,Whole Year 
Gujarat,BHAVNAGAR,Banana,Whole Year 
Gujarat,CHHOTAUDEPUR,Banana,Whole Year 
Gujarat,DANG,Banana,Whole Year 
Gujarat,GANDHINAGAR,Banana,Whole Year 
Gujarat,JUNAGADH,Banana,Whole Year 
Gujarat,KACHCHH,Banana,Whole Year 
Gujarat,KHEDA,Banana,Whole Year 
Gujarat,NARMADA,Banana,Whole Year 
Gujarat,NAVSARI,Banana,Whole Year 
Gujarat,PANCH MAHALS,Banana,Whole Year 
Gujarat,PATAN,Banana,Whole Year 
Gujarat,RAJKOT,Banana,Whole Year 
Gujarat,SABAR KANTHA,Banana,Whole Year 
Gujarat,SURAT,Banana,Whole Year 
Gujarat,SURENDRANAGAR,Banana,Whole Year 
Gujarat,TAPI,Banana,Whole Year 
Gujarat,VADODARA,Banana,Whole Year 
Gujarat,VALSAD,Banana,Whole Year 
Gujarat,AHMADABAD,Castor seed,Whole Year 
Gujarat,AMRELI,Castor seed,Whole Year 
Gujarat,ANAND,Castor seed,Kharif     
Gujarat,ARAVALLI,Castor seed,Kharif     
Gujarat,BANAS KANTHA,Castor seed,Whole Year 
Gujarat,BHARUCH,Castor seed,Whole Year 
Gujarat,BHAVNAGAR,Castor seed,Whole Year 
Gujarat,BOTAD,Castor seed,Kharif     
Gujarat,CHHOTAUDEPUR,Castor seed,Kharif     
Gujarat,DEVBHUMI DWARKA,Castor seed,Kharif     
Gujarat,DOHAD,Castor seed,Kharif     
Gujarat,GANDHINAGAR,Castor seed,Kharif     
Gujarat,GIR SOMNATH,Castor seed,Kharif     
Gujarat,JAMNAGAR,Castor seed,Whole Year 
Gujarat,JUNAGADH,Castor seed,Whole Year 
Gujarat,KACHCHH,Castor seed,Whole Year 
Gujarat,KHEDA,Castor seed,Whole Year 
Gujarat,MAHESANA,Castor seed,Whole Year 
Gujarat,MAHISAGAR,Castor seed,Kharif     
Gujarat,MORBI,Castor seed,Kharif     
Gujarat,NARMADA,Castor seed,Kharif     
Gujarat,NAVSARI,Castor seed,Kharif     
Gujarat,PANCH MAHALS,Castor seed,Whole Year 
Gujarat,PATAN,Castor seed,Kharif     
Gujarat,PORBANDAR,Castor seed,Kharif     
Gujarat,RAJKOT,Castor seed,Whole Year 
Gujarat,SABAR KANTHA,Castor seed,Whole Year 
Gujarat,SURAT,Castor seed,Whole Year 
Gujarat,SURENDRANAGAR,Castor seed,Whole Year 
Gujarat,TAPI,Castor seed,Kharif     
Gujarat,VADODARA,Castor seed,Whole Year 
Gujarat,AHMADABAD,Cotton(lint),Whole Year 
Gujarat,AMRELI,Cotton(lint),Whole Year 
Gujarat,ANAND,Cotton(lint),Kharif     
Gujarat,ARAVALLI,Cotton(lint),Kharif     
Gujarat,BANAS KANTHA,Cotton(lint),Whole Year 
Gujarat,BHARUCH,Cotton(lint),Whole Year 
Gujarat,BHAVNAGAR,Cotton(lint),Whole Year 
Gujarat,BOTAD,Cotton(lint),Kharif     
Gujarat,CHHOTAUDEPUR,Cotton(lint),Kharif     
Gujarat,DEVBHUMI DWARKA,Cotton(lint),Kharif     
Gujarat,DOHAD,Cotton(lint),Kharif     
Gujarat,GANDHINAGAR,Cotton(lint),Whole Year 
Gujarat,GIR SOMNATH,Cotton(lint),Kharif     
Gujarat,JAMNAGAR,Cotton(lint),Whole Year 
Gujarat,JUNAGADH,Cotton(lint),Whole Year 
Gujarat,KACHCHH,Cotton(lint),Whole Year 
Gujarat,KHEDA,Cotton(lint),Whole Year 
Gujarat,MAHESANA,Cotton(lint),Whole Year 
Gujarat,MAHISAGAR,Cotton(lint),Kharif     
Gujarat,MORBI,Cotton(lint),Kharif     
Gujarat,NARMADA,Cotton(lint),Kharif     
Gujarat,PANCH MAHALS,Cotton(lint),Whole Year 
Gujarat,PATAN,Cotton(lint),Kharif     
Gujarat,PORBANDAR,Cotton(lint),Kharif     
Gujarat,RAJKOT,Cotton(lint),Whole Year 
Gujarat,SABAR KANTHA,Cotton(lint),Whole Year 
Gujarat,SURAT,Cotton(lint),Whole Year 
Gujarat,SURENDRANAGAR,Cotton(lint),Whole Year 
Gujarat,TAPI,Cotton(lint),Kharif     
Gujarat,VADODARA,Cotton(lint),Whole Year 
Gujarat,AHMADABAD,Dry chillies,Kharif     
Gujarat,AMRELI,Dry chillies,Kharif     
Gujarat,ANAND,Dry chillies,Whole Year 
Gujarat,BANAS KANTHA,Dry chillies,Kharif     
Gujarat,BHARUCH,Dry chillies,Kharif     
Gujarat,BHAVNAGAR,Dry chillies,Kharif     
Gujarat,CHHOTAUDEPUR,Dry chillies,Whole Year 
Gujarat,DANG,Dry chillies,Whole Year 
Gujarat,DEVBHUMI DWARKA,Dry chillies,Whole Year 
Gujarat,DOHAD,Dry chillies,Whole Year 
Gujarat,GANDHINAGAR,Dry chillies,Kharif     
Gujarat,JAMNAGAR,Dry chillies,Kharif     
Gujarat,JUNAGADH,Dry chillies,Kharif     
Gujarat,KACHCHH,Dry chillies,Kharif     
Gujarat,KHEDA,Dry chillies,Kharif     
Gujarat,MAHESANA,Dry chillies,Kharif     
Gujarat,MAHISAGAR,Dry chillies,Whole Year 
Gujarat,MORBI,Dry chillies,Whole Year 
Gujarat,NAVSARI,Dry chillies,Whole Year 
Gujarat,PANCH MAHALS,Dry chillies,Kharif     
Gujarat,PATAN,Dry chillies,Whole Year 
Gujarat,PORBANDAR,Dry chillies,Whole Year 
Gujarat,RAJKOT,Dry chillies,Kharif     
Gujarat,SABAR KANTHA,Dry chillies,Kharif     
Gujarat,SURAT,Dry chillies,Kharif     
Gujarat,SURENDRANAGAR,Dry chillies,Kharif     
Gujarat,TAPI,Dry chillies,Whole Year 
Gujarat,VADODARA,Dry chillies,Kharif     
Gujarat,VALSAD,Dry chillies,Kharif     
Gujarat,AHMADABAD,Garlic,Whole Year 
Gujarat,AMRELI,Garlic,Whole Year 
Gujarat,ANAND,Garlic,Whole Year 
Gujarat,ARAVALLI,Garlic,Whole Year 
Gujarat,BANAS KANTHA,Garlic,Whole Year 
Gujarat,BHARUCH,Garlic,Whole Year 
Gujarat,BHAVNAGAR,Garlic,Whole Year 
Gujarat,BOTAD,Garlic,Whole Year 
Gujarat,CHHOTAUDEPUR,Garlic,Whole Year 
Gujarat,DANG,Garlic,Whole Year 
Gujarat,DEVBHUMI DWARKA,Garlic,Whole Year 
Gujarat,DOHAD,Garlic,Whole Year 
Gujarat,GIR SOMNATH,Garlic,Whole Year 
Gujarat,JAMNAGAR,Garlic,Whole Year 
Gujarat,JUNAGADH,Garlic,Whole Year 
Gujarat,KACHCHH,Garlic,Whole Year 
Gujarat,KHEDA,Garlic,Whole Year 
Gujarat,MAHESANA,Garlic,Whole Year 
Gujarat,MAHISAGAR,Garlic,Whole Year 
Gujarat,MORBI,Garlic,Whole Year 
Gujarat,NARMADA,Garlic,Whole Year 
Gujarat,NAVSARI,Garlic,Whole Year 
Gujarat,PANCH MAHALS,Garlic,Whole Year 
Gujarat,PATAN,Garlic,Whole Year 
Gujarat,PORBANDAR,Garlic,Whole Year 
Gujarat,RAJKOT,Garlic,Whole Year 
Gujarat,SABAR KANTHA,Garlic,Whole Year 
Gujarat,SURAT,Garlic,Whole Year 
Gujarat,SURENDRANAGAR,Garlic,Whole Year 
Gujarat,TAPI,Garlic,Whole Year 
Gujarat,VADODARA,Garlic,Whole Year 
Gujarat,VALSAD,Garlic,Whole Year 
Gujarat,AHMADABAD,Gram,Rabi       
Gujarat,AMRELI,Gram,Rabi       
Gujarat,ANAND,Gram,Rabi       
Gujarat,ARAVALLI,Gram,Rabi       
Gujarat,BANAS KANTHA,Gram,Rabi       
Gujarat,BHARUCH,Gram,Rabi       
Gujarat,BHAVNAGAR,Gram,Rabi       
Gujarat,BOTAD,Gram,Rabi       
Gujarat,CHHOTAUDEPUR,Gram,Rabi       
Gujarat,DANG,Gram,Rabi       
Gujarat,DEVBHUMI DWARKA,Gram,Rabi       
Gujarat,DOHAD,Gram,Rabi       
Gujarat,GANDHINAGAR,Gram,Rabi       
Gujarat,GIR SOMNATH,Gram,Rabi       
Gujarat,JAMNAGAR,Gram,Rabi       
Gujarat,JUNAGADH,Gram,Rabi       
Gujarat,KACHCHH,Gram,Rabi       
Gujarat,KHEDA,Gram,Rabi       
Gujarat,MAHESANA,Gram,Rabi       
Gujarat,MAHISAGAR,Gram,Rabi       
Gujarat,MORBI,Gram,Rabi       
Gujarat,NARMADA,Gram,Rabi       
Gujarat,NAVSARI,Gram,Rabi       
Gujarat,PANCH MAHALS,Gram,Rabi       
Gujarat,PATAN,Gram,Rabi       
Gujarat,PORBANDAR,Gram,Rabi       
Gujarat,RAJKOT,Gram,Rabi       
Gujarat,SABAR KANTHA,Gram,Rabi       
Gujarat,SURAT,Gram,Rabi       
Gujarat,SURENDRANAGAR,Gram,Rabi       
Gujarat,TAPI,Gram,Rabi       
Gujarat,VADODARA,Gram,Rabi       
Gujarat,VALSAD,Gram,Rabi       
Gujarat,AHMADABAD,Groundnut,Kharif     
Gujarat,AMRELI,Groundnut,Kharif     
Gujarat,ANAND,Groundnut,Summer     
Gujarat,ARAVALLI,Groundnut,Kharif     
Gujarat,BANAS KANTHA,Groundnut,Kharif     
Gujarat,BHARUCH,Groundnut,Kharif     
Gujarat,BHAVNAGAR,Groundnut,Kharif     
Gujarat,BOTAD,Groundnut,Kharif     
Gujarat,CHHOTAUDEPUR,Groundnut,Kharif     
Gujarat,DANG,Groundnut,Kharif     
Gujarat,DEVBHUMI DWARKA,Groundnut,Kharif     
Gujarat,DOHAD,Groundnut,Kharif     
Gujarat,GANDHINAGAR,Groundnut,Summer     
Gujarat,GIR SOMNATH,Groundnut,Kharif     
Gujarat,JAMNAGAR,Groundnut,Kharif     
Gujarat,JUNAGADH,Groundnut,Kharif     
Gujarat,KACHCHH,Groundnut,Kharif     
Gujarat,KHEDA,Groundnut,Kharif     
Gujarat,MAHESANA,Groundnut,Kharif     
Gujarat,MAHISAGAR,Groundnut,Kharif     
Gujarat,MORBI,Groundnut,Kharif     
Gujarat,NARMADA,Groundnut,Kharif     
Gujarat,NAVSARI,Groundnut,Kharif     
Gujarat,PANCH MAHALS,Groundnut,Kharif     
Gujarat,PATAN,Groundnut,Kharif     
Gujarat,PORBANDAR,Groundnut,Kharif     
Gujarat,RAJKOT,Groundnut,Kharif     
Gujarat,SABAR KANTHA,Groundnut,Kharif     
Gujarat,SURAT,Groundnut,Kharif     
Gujarat,SURENDRANAGAR,Groundnut,Kharif     
Gujarat,TAPI,Groundnut,Kharif     
Gujarat,VADODARA,Groundnut,Kharif     
Gujarat,VALSAD,Groundnut,Kharif     
Gujarat,AHMADABAD,Guar seed,Whole Year 
Gujarat,AMRELI,Guar seed,Whole Year 
Gujarat,ANAND,Guar seed,Whole Year 
Gujarat,ARAVALLI,Guar seed,Whole Year 
Gujarat,BANAS KANTHA,Guar seed,Whole Year 
Gujarat,BHARUCH,Guar seed,Whole Year 
Gujarat,BHAVNAGAR,Guar seed,Whole Year 
Gujarat,BOTAD,Guar seed,Whole Year 
Gujarat,CHHOTAUDEPUR,Guar seed,Whole Year 
Gujarat,DEVBHUMI DWARKA,Guar seed,Whole Year 
Gujarat,DOHAD,Guar seed,Whole Year 
Gujarat,GANDHINAGAR,Guar seed,Whole Year 
Gujarat,JAMNAGAR,Guar seed,Whole Year 
Gujarat,JUNAGADH,Guar seed,Whole Year 
Gujarat,KACHCHH,Guar seed,Whole Year 
Gujarat,KHEDA,Guar seed,Whole Year 
Gujarat,MAHESANA,Guar seed,Whole Year 
Gujarat,MAHISAGAR,Guar seed,Whole Year 
Gujarat,MORBI,Guar seed,Whole Year 
Gujarat,NARMADA,Guar seed,Whole Year 
Gujarat,NAVSARI,Guar seed,Whole Year 
Gujarat,PANCH MAHALS,Guar seed,Whole Year 
Gujarat,PATAN,Guar seed,Whole Year 
Gujarat,PORBANDAR,Guar seed,Whole Year 
Gujarat,RAJKOT,Guar seed,Whole Year 
Gujarat,SABAR KANTHA,Guar seed,Whole Year 
Gujarat,SURAT,Guar seed,Whole Year 
Gujarat,SURENDRANAGAR,Guar seed,Whole Year 
Gujarat,VADODARA,Guar seed,Whole Year 
Gujarat,AHMADABAD,Jowar,Kharif     
Gujarat,AMRELI,Jowar,Kharif     
Gujarat,ANAND,Jowar,Rabi       
Gujarat,ARAVALLI,Jowar,Rabi       
Gujarat,BANAS KANTHA,Jowar,Kharif     
Gujarat,BHARUCH,Jowar,Kharif     
Gujarat,BHAVNAGAR,Jowar,Kharif     
Gujarat,CHHOTAUDEPUR,Jowar,Kharif     
Gujarat,DANG,Jowar,Kharif     
Gujarat,DEVBHUMI DWARKA,Jowar,Kharif     
Gujarat,DOHAD,Jowar,Kharif     
Gujarat,GANDHINAGAR,Jowar,Kharif     
Gujarat,GIR SOMNATH,Jowar,Rabi       
Gujarat,JAMNAGAR,Jowar,Kharif     
Gujarat,JUNAGADH,Jowar,Kharif     
Gujarat,KACHCHH,Jowar,Kharif     
Gujarat,KHEDA,Jowar,Kharif     
Gujarat,MAHESANA,Jowar,Kharif     
Gujarat,MAHISAGAR,Jowar,Kharif     
Gujarat,MORBI,Jowar,Kharif     
Gujarat,NARMADA,Jowar,Kharif     
Gujarat,NAVSARI,Jowar,Kharif     
Gujarat,PANCH MAHALS,Jowar,Kharif     
Gujarat,PATAN,Jowar,Kharif     
Gujarat,PORBANDAR,Jowar,Rabi       
Gujarat,RAJKOT,Jowar,Kharif     
Gujarat,SABAR KANTHA,Jowar,Kharif     
Gujarat,SURAT,Jowar,Kharif     
Gujarat,SURENDRANAGAR,Jowar,Rabi       
Gujarat,TAPI,Jowar,Kharif     
Gujarat,VADODARA,Jowar,Kharif     
Gujarat,VALSAD,Jowar,Kharif     
Gujarat,AHMADABAD,Maize,Whole Year 
Gujarat,AMRELI,Maize,Whole Year 
Gujarat,ANAND,Maize,Kharif     
Gujarat,ARAVALLI,Maize,Kharif     
Gujarat,BANAS KANTHA,Maize,Whole Year 
Gujarat,BHARUCH,Maize,Whole Year 
Gujarat,BHAVNAGAR,Maize,Whole Year 
Gujarat,BOTAD,Maize,Rabi       
Gujarat,CHHOTAUDEPUR,Maize,Kharif     
Gujarat,DANG,Maize,Whole Year 
Gujarat,DEVBHUMI DWARKA,Maize,Kharif     
Gujarat,DOHAD,Maize,Kharif     
Gujarat,GANDHINAGAR,Maize,Whole Year 
Gujarat,GIR SOMNATH,Maize,Rabi       
Gujarat,JAMNAGAR,Maize,Whole Year 
Gujarat,JUNAGADH,Maize,Whole Year 
Gujarat,KACHCHH,Maize,Kharif     
Gujarat,KHEDA,Maize,Whole Year 
Gujarat,MAHESANA,Maize,Kharif     
Gujarat,MAHISAGAR,Maize,Kharif     
Gujarat,MORBI,Maize,Kharif     
Gujarat,NARMADA,Maize,Kharif     
Gujarat,NAVSARI,Maize,Rabi       
Gujarat,PANCH MAHALS,Maize,Whole Year 
Gujarat,PATAN,Maize,Rabi       
Gujarat,PORBANDAR,Maize,Kharif     
Gujarat,RAJKOT,Maize,Kharif     
Gujarat,SABAR KANTHA,Maize,Whole Year 
Gujarat,SURAT,Maize,Whole Year 
Gujarat,SURENDRANAGAR,Maize,Kharif     
Gujarat,TAPI,Maize,Kharif     
Gujarat,VADODARA,Maize,Whole Year 
Gujarat,VALSAD,Maize,Whole Year 
Gujarat,AHMADABAD,Moong(Green Gram),Kharif     
Gujarat,AMRELI,Moong(Green Gram),Kharif     
Gujarat,ANAND,Moong(Green Gram),Kharif     
Gujarat,ARAVALLI,Moong(Green Gram),Kharif     
Gujarat,BANAS KANTHA,Moong(Green Gram),Kharif     
Gujarat,BHARUCH,Moong(Green Gram),Kharif     
Gujarat,BHAVNAGAR,Moong(Green Gram),Kharif     
Gujarat,BOTAD,Moong(Green Gram),Kharif     
Gujarat,CHHOTAUDEPUR,Moong(Green Gram),Kharif     
Gujarat,DANG,Moong(Green Gram),Kharif     
Gujarat,DEVBHUMI DWARKA,Moong(Green Gram),Kharif     
Gujarat,DOHAD,Moong(Green Gram),Kharif     
Gujarat,GANDHINAGAR,Moong(Green Gram),Kharif     
Gujarat,GIR SOMNATH,Moong(Green Gram),Kharif     
Gujarat,JAMNAGAR,Moong(Green Gram),Kharif     
Gujarat,JUNAGADH,Moong(Green Gram),Kharif     
Gujarat,KACHCHH,Moong(Green Gram),Kharif     
Gujarat,KHEDA,Moong(Green Gram),Kharif     
Gujarat,MAHESANA,Moong(Green Gram),Kharif     
Gujarat,MAHISAGAR,Moong(Green Gram),Kharif     
Gujarat,MORBI,Moong(Green Gram),Kharif     
Gujarat,NARMADA,Moong(Green Gram),Kharif     
Gujarat,NAVSARI,Moong(Green Gram),Kharif     
Gujarat,PANCH MAHALS,Moong(Green Gram),Kharif     
Gujarat,PATAN,Moong(Green Gram),Kharif     
Gujarat,PORBANDAR,Moong(Green Gram),Kharif     
Gujarat,RAJKOT,Moong(Green Gram),Kharif     
Gujarat,SABAR KANTHA,Moong(Green Gram),Kharif     
Gujarat,SURAT,Moong(Green Gram),Kharif     
Gujarat,SURENDRANAGAR,Moong(Green Gram),Kharif     
Gujarat,TAPI,Moong(Green Gram),Kharif     
Gujarat,VADODARA,Moong(Green Gram),Kharif     
Gujarat,VALSAD,Moong(Green Gram),Kharif     
Gujarat,AHMADABAD,Moth,Kharif     
Gujarat,AMRELI,Moth,Kharif     
Gujarat,ANAND,Moth,Kharif     
Gujarat,ARAVALLI,Moth,Kharif     
Gujarat,BANAS KANTHA,Moth,Kharif     
Gujarat,BHARUCH,Moth,Kharif     
Gujarat,BHAVNAGAR,Moth,Kharif     
Gujarat,BOTAD,Moth,Kharif     
Gujarat,DEVBHUMI DWARKA,Moth,Kharif     
Gujarat,GANDHINAGAR,Moth,Kharif     
Gujarat,JAMNAGAR,Moth,Kharif     
Gujarat,JUNAGADH,Moth,Kharif     
Gujarat,KACHCHH,Moth,Kharif     
Gujarat,KHEDA,Moth,Kharif     
Gujarat,MAHESANA,Moth,Kharif     
Gujarat,MAHISAGAR,Moth,Kharif     
Gujarat,MORBI,Moth,Kharif     
Gujarat,NARMADA,Moth,Kharif     
Gujarat,PANCH MAHALS,Moth,Kharif     
Gujarat,PATAN,Moth,Kharif     
Gujarat,PORBANDAR,Moth,Kharif     
Gujarat,RAJKOT,Moth,Kharif     
Gujarat,SABAR KANTHA,Moth,Kharif     
Gujarat,SURAT,Moth,Kharif     
Gujarat,SURENDRANAGAR,Moth,Kharif     
Gujarat,TAPI,Moth,Kharif     
Gujarat,VADODARA,Moth,Kharif     
Gujarat,VALSAD,Moth,Kharif     
Gujarat,AHMADABAD,Oilseeds total,Whole Year 
Gujarat,AMRELI,Oilseeds total,Whole Year 
Gujarat,BANAS KANTHA,Oilseeds total,Whole Year 
Gujarat,BHARUCH,Oilseeds total,Whole Year 
Gujarat,BHAVNAGAR,Oilseeds total,Whole Year 
Gujarat,DANG,Oilseeds total,Whole Year 
Gujarat,GANDHINAGAR,Oilseeds total,Whole Year 
Gujarat,JAMNAGAR,Oilseeds total,Whole Year 
Gujarat,JUNAGADH,Oilseeds total,Whole Year 
Gujarat,KACHCHH,Oilseeds total,Whole Year 
Gujarat,KHEDA,Oilseeds total,Whole Year 
Gujarat,MAHESANA,Oilseeds total,Whole Year 
Gujarat,PANCH MAHALS,Oilseeds total,Whole Year 
Gujarat,RAJKOT,Oilseeds total,Whole Year 
Gujarat,SABAR KANTHA,Oilseeds total,Whole Year 
Gujarat,SURAT,Oilseeds total,Whole Year 
Gujarat,SURENDRANAGAR,Oilseeds total,Whole Year 
Gujarat,VADODARA,Oilseeds total,Whole Year 
Gujarat,VALSAD,Oilseeds total,Whole Year 
Gujarat,AHMADABAD,Onion,Whole Year 
Gujarat,AMRELI,Onion,Whole Year 
Gujarat,ANAND,Onion,Whole Year 
Gujarat,ARAVALLI,Onion,Rabi       
Gujarat,BANAS KANTHA,Onion,Whole Year 
Gujarat,BHARUCH,Onion,Whole Year 
Gujarat,BHAVNAGAR,Onion,Whole Year 
Gujarat,BOTAD,Onion,Rabi       
Gujarat,CHHOTAUDEPUR,Onion,Rabi       
Gujarat,DANG,Onion,Whole Year 
Gujarat,DEVBHUMI DWARKA,Onion,Rabi       
Gujarat,DOHAD,Onion,Whole Year 
Gujarat,GANDHINAGAR,Onion,Whole Year 
Gujarat,GIR SOMNATH,Onion,Rabi       
Gujarat,JAMNAGAR,Onion,Whole Year 
Gujarat,JUNAGADH,Onion,Whole Year 
Gujarat,KACHCHH,Onion,Whole Year 
Gujarat,KHEDA,Onion,Whole Year 
Gujarat,MAHESANA,Onion,Whole Year 
Gujarat,MAHISAGAR,Onion,Rabi       
Gujarat,MORBI,Onion,Rabi       
Gujarat,NARMADA,Onion,Rabi       
Gujarat,NAVSARI,Onion,Whole Year 
Gujarat,PANCH MAHALS,Onion,Whole Year 
Gujarat,PATAN,Onion,Rabi       
Gujarat,PORBANDAR,Onion,Whole Year 
Gujarat,RAJKOT,Onion,Whole Year 
Gujarat,SABAR KANTHA,Onion,Whole Year 
Gujarat,SURAT,Onion,Whole Year 
Gujarat,SURENDRANAGAR,Onion,Whole Year 
Gujarat,TAPI,Onion,Whole Year 
Gujarat,VADODARA,Onion,Whole Year 
Gujarat,VALSAD,Onion,Whole Year 
Gujarat,AHMADABAD,Other  Rabi pulses,Rabi       
Gujarat,AMRELI,Other  Rabi pulses,Rabi       
Gujarat,ANAND,Other  Rabi pulses,Rabi       
Gujarat,ARAVALLI,Other  Rabi pulses,Rabi       
Gujarat,BANAS KANTHA,Other  Rabi pulses,Rabi       
Gujarat,BHARUCH,Other  Rabi pulses,Rabi       
Gujarat,BHAVNAGAR,Other  Rabi pulses,Rabi       
Gujarat,CHHOTAUDEPUR,Other  Rabi pulses,Rabi       
Gujarat,DANG,Other  Rabi pulses,Rabi       
Gujarat,DEVBHUMI DWARKA,Other  Rabi pulses,Rabi       
Gujarat,DOHAD,Other  Rabi pulses,Rabi       
Gujarat,GIR SOMNATH,Other  Rabi pulses,Rabi       
Gujarat,JAMNAGAR,Other  Rabi pulses,Rabi       
Gujarat,JUNAGADH,Other  Rabi pulses,Rabi       
Gujarat,KACHCHH,Other  Rabi pulses,Rabi       
Gujarat,KHEDA,Other  Rabi pulses,Rabi       
Gujarat,MAHESANA,Other  Rabi pulses,Rabi       
Gujarat,MAHISAGAR,Other  Rabi pulses,Rabi       
Gujarat,MORBI,Other  Rabi pulses,Rabi       
Gujarat,NARMADA,Other  Rabi pulses,Rabi       
Gujarat,NAVSARI,Other  Rabi pulses,Rabi       
Gujarat,PANCH MAHALS,Other  Rabi pulses,Rabi       
Gujarat,PATAN,Other  Rabi pulses,Rabi       
Gujarat,PORBANDAR,Other  Rabi pulses,Rabi       
Gujarat,RAJKOT,Other  Rabi pulses,Rabi       
Gujarat,SURAT,Other  Rabi pulses,Rabi       
Gujarat,SURENDRANAGAR,Other  Rabi pulses,Rabi       
Gujarat,TAPI,Other  Rabi pulses,Rabi       
Gujarat,VADODARA,Other  Rabi pulses,Rabi       
Gujarat,VALSAD,Other  Rabi pulses,Rabi       
Gujarat,AHMADABAD,Other Cereals,Kharif     
Gujarat,AMRELI,Other Cereals,Rabi       
Gujarat,ANAND,Other Cereals,Rabi       
Gujarat,BANAS KANTHA,Other Cereals,Kharif     
Gujarat,BHARUCH,Other Cereals,Kharif     
Gujarat,BHAVNAGAR,Other Cereals,Rabi       
Gujarat,BOTAD,Other Cereals,Kharif     
Gujarat,CHHOTAUDEPUR,Other Cereals,Kharif     
Gujarat,DANG,Other Cereals,Kharif     
Gujarat,DEVBHUMI DWARKA,Other Cereals,Kharif     
Gujarat,DOHAD,Other Cereals,Kharif     
Gujarat,GANDHINAGAR,Other Cereals,Kharif     
Gujarat,GIR SOMNATH,Other Cereals,Kharif     
Gujarat,JAMNAGAR,Other Cereals,Rabi       
Gujarat,JUNAGADH,Other Cereals,Kharif     
Gujarat,KACHCHH,Other Cereals,Rabi       
Gujarat,KHEDA,Other Cereals,Rabi       
Gujarat,MAHESANA,Other Cereals,Kharif     
Gujarat,MAHISAGAR,Other Cereals,Kharif     
Gujarat,NARMADA,Other Cereals,Rabi       
Gujarat,NAVSARI,Other Cereals,Kharif     
Gujarat,PANCH MAHALS,Other Cereals,Kharif     
Gujarat,PATAN,Other Cereals,Kharif     
Gujarat,PORBANDAR,Other Cereals,Rabi       
Gujarat,RAJKOT,Other Cereals,Kharif     
Gujarat,SABAR KANTHA,Other Cereals,Rabi       
Gujarat,SURAT,Other Cereals,Kharif     
Gujarat,SURENDRANAGAR,Other Cereals,Rabi       
Gujarat,TAPI,Other Cereals,Rabi       
Gujarat,VADODARA,Other Cereals,Kharif     
Gujarat,VALSAD,Other Cereals,Kharif     
Gujarat,AHMADABAD,Other Kharif pulses,Kharif     
Gujarat,AMRELI,Other Kharif pulses,Kharif     
Gujarat,ANAND,Other Kharif pulses,Kharif     
Gujarat,ARAVALLI,Other Kharif pulses,Kharif     
Gujarat,BANAS KANTHA,Other Kharif pulses,Kharif     
Gujarat,BHARUCH,Other Kharif pulses,Kharif     
Gujarat,BHAVNAGAR,Other Kharif pulses,Kharif     
Gujarat,BOTAD,Other Kharif pulses,Kharif     
Gujarat,CHHOTAUDEPUR,Other Kharif pulses,Kharif     
Gujarat,DANG,Other Kharif pulses,Kharif     
Gujarat,DEVBHUMI DWARKA,Other Kharif pulses,Kharif     
Gujarat,DOHAD,Other Kharif pulses,Kharif     
Gujarat,GANDHINAGAR,Other Kharif pulses,Kharif     
Gujarat,JAMNAGAR,Other Kharif pulses,Kharif     
Gujarat,JUNAGADH,Other Kharif pulses,Kharif     
Gujarat,KACHCHH,Other Kharif pulses,Kharif     
Gujarat,KHEDA,Other Kharif pulses,Kharif     
Gujarat,MAHESANA,Other Kharif pulses,Kharif     
Gujarat,MAHISAGAR,Other Kharif pulses,Kharif     
Gujarat,MORBI,Other Kharif pulses,Kharif     
Gujarat,NARMADA,Other Kharif pulses,Kharif     
Gujarat,NAVSARI,Other Kharif pulses,Kharif     
Gujarat,PANCH MAHALS,Other Kharif pulses,Kharif     
Gujarat,PATAN,Other Kharif pulses,Kharif     
Gujarat,PORBANDAR,Other Kharif pulses,Kharif     
Gujarat,RAJKOT,Other Kharif pulses,Kharif     
Gujarat,SABAR KANTHA,Other Kharif pulses,Kharif     
Gujarat,SURAT,Other Kharif pulses,Kharif     
Gujarat,SURENDRANAGAR,Other Kharif pulses,Kharif     
Gujarat,TAPI,Other Kharif pulses,Kharif     
Gujarat,VADODARA,Other Kharif pulses,Kharif     
Gujarat,VALSAD,Other Kharif pulses,Kharif     
Gujarat,AHMADABAD,other oilseeds,Kharif     
Gujarat,AMRELI,other oilseeds,Kharif     
Gujarat,ANAND,other oilseeds,Kharif     
Gujarat,BANAS KANTHA,other oilseeds,Kharif     
Gujarat,BHARUCH,other oilseeds,Kharif     
Gujarat,BHAVNAGAR,other oilseeds,Kharif     
Gujarat,DANG,other oilseeds,Kharif     
Gujarat,DOHAD,other oilseeds,Kharif     
Gujarat,JAMNAGAR,other oilseeds,Kharif     
Gujarat,JUNAGADH,other oilseeds,Kharif     
Gujarat,KACHCHH,other oilseeds,Kharif     
Gujarat,KHEDA,other oilseeds,Kharif     
Gujarat,MAHESANA,other oilseeds,Kharif     
Gujarat,NARMADA,other oilseeds,Kharif     
Gujarat,NAVSARI,other oilseeds,Kharif     
Gujarat,PANCH MAHALS,other oilseeds,Kharif     
Gujarat,PATAN,other oilseeds,Kharif     
Gujarat,PORBANDAR,other oilseeds,Kharif     
Gujarat,RAJKOT,other oilseeds,Kharif     
Gujarat,SURAT,other oilseeds,Kharif     
Gujarat,SURENDRANAGAR,other oilseeds,Kharif     
Gujarat,TAPI,other oilseeds,Kharif     
Gujarat,VALSAD,other oilseeds,Kharif     
Gujarat,AHMADABAD,Potato,Whole Year 
Gujarat,AMRELI,Potato,Whole Year 
Gujarat,ANAND,Potato,Whole Year 
Gujarat,ARAVALLI,Potato,Whole Year 
Gujarat,BANAS KANTHA,Potato,Whole Year 
Gujarat,DEVBHUMI DWARKA,Potato,Whole Year 
Gujarat,DOHAD,Potato,Whole Year 
Gujarat,GANDHINAGAR,Potato,Whole Year 
Gujarat,JAMNAGAR,Potato,Whole Year 
Gujarat,KACHCHH,Potato,Whole Year 
Gujarat,KHEDA,Potato,Whole Year 
Gujarat,MAHESANA,Potato,Whole Year 
Gujarat,MAHISAGAR,Potato,Whole Year 
Gujarat,PANCH MAHALS,Potato,Whole Year 
Gujarat,PATAN,Potato,Whole Year 
Gujarat,RAJKOT,Potato,Whole Year 
Gujarat,SABAR KANTHA,Potato,Whole Year 
Gujarat,SURAT,Potato,Whole Year 
Gujarat,SURENDRANAGAR,Potato,Whole Year 
Gujarat,VADODARA,Potato,Whole Year 
Gujarat,BANAS KANTHA,Ragi,Kharif     
Gujarat,BHARUCH,Ragi,Kharif     
Gujarat,DANG,Ragi,Whole Year 
Gujarat,MAHESANA,Ragi,Kharif     
Gujarat,NAVSARI,Ragi,Kharif     
Gujarat,PANCH MAHALS,Ragi,Kharif     
Gujarat,SURAT,Ragi,Whole Year 
Gujarat,VADODARA,Ragi,Kharif     
Gujarat,VALSAD,Ragi,Whole Year 
Gujarat,AHMADABAD,Rapeseed &Mustard,Rabi       
Gujarat,AMRELI,Rapeseed &Mustard,Rabi       
Gujarat,ANAND,Rapeseed &Mustard,Rabi       
Gujarat,ARAVALLI,Rapeseed &Mustard,Rabi       
Gujarat,BANAS KANTHA,Rapeseed &Mustard,Rabi       
Gujarat,BHARUCH,Rapeseed &Mustard,Rabi       
Gujarat,BHAVNAGAR,Rapeseed &Mustard,Rabi       
Gujarat,BOTAD,Rapeseed &Mustard,Rabi       
Gujarat,CHHOTAUDEPUR,Rapeseed &Mustard,Rabi       
Gujarat,DEVBHUMI DWARKA,Rapeseed &Mustard,Rabi       
Gujarat,DOHAD,Rapeseed &Mustard,Rabi       
Gujarat,GANDHINAGAR,Rapeseed &Mustard,Rabi       
Gujarat,GIR SOMNATH,Rapeseed &Mustard,Rabi       
Gujarat,JAMNAGAR,Rapeseed &Mustard,Rabi       
Gujarat,JUNAGADH,Rapeseed &Mustard,Rabi       
Gujarat,KACHCHH,Rapeseed &Mustard,Rabi       
Gujarat,KHEDA,Rapeseed &Mustard,Rabi       
Gujarat,MAHESANA,Rapeseed &Mustard,Rabi       
Gujarat,MAHISAGAR,Rapeseed &Mustard,Rabi       
Gujarat,MORBI,Rapeseed &Mustard,Rabi       
Gujarat,NARMADA,Rapeseed &Mustard,Rabi       
Gujarat,NAVSARI,Rapeseed &Mustard,Rabi       
Gujarat,PANCH MAHALS,Rapeseed &Mustard,Rabi       
Gujarat,PATAN,Rapeseed &Mustard,Rabi       
Gujarat,PORBANDAR,Rapeseed &Mustard,Rabi       
Gujarat,RAJKOT,Rapeseed &Mustard,Rabi       
Gujarat,SABAR KANTHA,Rapeseed &Mustard,Rabi       
Gujarat,SURAT,Rapeseed &Mustard,Rabi       
Gujarat,SURENDRANAGAR,Rapeseed &Mustard,Rabi       
Gujarat,VADODARA,Rapeseed &Mustard,Rabi       
Gujarat,VALSAD,Rapeseed &Mustard,Rabi       
Gujarat,AHMADABAD,Rice,Whole Year 
Gujarat,AMRELI,Rice,Kharif     
Gujarat,ANAND,Rice,Kharif     
Gujarat,ARAVALLI,Rice,Kharif     
Gujarat,BANAS KANTHA,Rice,Kharif     
Gujarat,BHARUCH,Rice,Whole Year 
Gujarat,BHAVNAGAR,Rice,Whole Year 
Gujarat,CHHOTAUDEPUR,Rice,Kharif     
Gujarat,DANG,Rice,Whole Year 
Gujarat,DOHAD,Rice,Kharif     
Gujarat,GANDHINAGAR,Rice,Whole Year 
Gujarat,GIR SOMNATH,Rice,Kharif     
Gujarat,JUNAGADH,Rice,Whole Year 
Gujarat,KHEDA,Rice,Whole Year 
Gujarat,MAHESANA,Rice,Whole Year 
Gujarat,MAHISAGAR,Rice,Kharif     
Gujarat,NARMADA,Rice,Kharif     
Gujarat,NAVSARI,Rice,Kharif     
Gujarat,PANCH MAHALS,Rice,Whole Year 
Gujarat,PATAN,Rice,Summer     
Gujarat,SABAR KANTHA,Rice,Whole Year 
Gujarat,SURAT,Rice,Whole Year 
Gujarat,SURENDRANAGAR,Rice,Whole Year 
Gujarat,TAPI,Rice,Kharif     
Gujarat,VADODARA,Rice,Whole Year 
Gujarat,VALSAD,Rice,Whole Year 
Gujarat,AHMADABAD,Sesamum,Whole Year 
Gujarat,AMRELI,Sesamum,Whole Year 
Gujarat,ANAND,Sesamum,Kharif     
Gujarat,ARAVALLI,Sesamum,Kharif     
Gujarat,BANAS KANTHA,Sesamum,Whole Year 
Gujarat,BHARUCH,Sesamum,Whole Year 
Gujarat,BHAVNAGAR,Sesamum,Whole Year 
Gujarat,BOTAD,Sesamum,Kharif     
Gujarat,CHHOTAUDEPUR,Sesamum,Kharif     
Gujarat,DEVBHUMI DWARKA,Sesamum,Kharif     
Gujarat,DOHAD,Sesamum,Kharif     
Gujarat,GANDHINAGAR,Sesamum,Whole Year 
Gujarat,GIR SOMNATH,Sesamum,Kharif     
Gujarat,JAMNAGAR,Sesamum,Whole Year 
Gujarat,JUNAGADH,Sesamum,Whole Year 
Gujarat,KACHCHH,Sesamum,Whole Year 
Gujarat,KHEDA,Sesamum,Whole Year 
Gujarat,MAHESANA,Sesamum,Whole Year 
Gujarat,MAHISAGAR,Sesamum,Kharif     
Gujarat,MORBI,Sesamum,Kharif     
Gujarat,NARMADA,Sesamum,Kharif     
Gujarat,NAVSARI,Sesamum,Summer     
Gujarat,PANCH MAHALS,Sesamum,Whole Year 
Gujarat,PATAN,Sesamum,Kharif     
Gujarat,PORBANDAR,Sesamum,Kharif     
Gujarat,RAJKOT,Sesamum,Whole Year 
Gujarat,SABAR KANTHA,Sesamum,Whole Year 
Gujarat,SURAT,Sesamum,Whole Year 
Gujarat,SURENDRANAGAR,Sesamum,Whole Year 
Gujarat,TAPI,Sesamum,Kharif     
Gujarat,VADODARA,Sesamum,Whole Year 
Gujarat,VALSAD,Sesamum,Kharif     
Gujarat,AHMADABAD,Small millets,Kharif     
Gujarat,AMRELI,Small millets,Kharif     
Gujarat,ANAND,Small millets,Rabi       
Gujarat,ARAVALLI,Small millets,Rabi       
Gujarat,BANAS KANTHA,Small millets,Kharif     
Gujarat,BHARUCH,Small millets,Kharif     
Gujarat,BHAVNAGAR,Small millets,Kharif     
Gujarat,CHHOTAUDEPUR,Small millets,Rabi       
Gujarat,DANG,Small millets,Kharif     
Gujarat,DOHAD,Small millets,Kharif     
Gujarat,GANDHINAGAR,Small millets,Kharif     
Gujarat,GIR SOMNATH,Small millets,Rabi       
Gujarat,JUNAGADH,Small millets,Rabi       
Gujarat,KHEDA,Small millets,Rabi       
Gujarat,MAHESANA,Small millets,Kharif     
Gujarat,MAHISAGAR,Small millets,Rabi       
Gujarat,NARMADA,Small millets,Rabi       
Gujarat,NAVSARI,Small millets,Rabi       
Gujarat,PANCH MAHALS,Small millets,Kharif     
Gujarat,PATAN,Small millets,Kharif     
Gujarat,RAJKOT,Small millets,Kharif     
Gujarat,SABAR KANTHA,Small millets,Kharif     
Gujarat,SURAT,Small millets,Kharif     
Gujarat,SURENDRANAGAR,Small millets,Rabi       
Gujarat,VADODARA,Small millets,Rabi       
Gujarat,VALSAD,Small millets,Kharif     
Gujarat,AHMADABAD,Soyabean,Kharif     
Gujarat,AMRELI,Soyabean,Kharif     
Gujarat,ANAND,Soyabean,Kharif     
Gujarat,ARAVALLI,Soyabean,Kharif     
Gujarat,BHARUCH,Soyabean,Kharif     
Gujarat,CHHOTAUDEPUR,Soyabean,Kharif     
Gujarat,DANG,Soyabean,Kharif     
Gujarat,DEVBHUMI DWARKA,Soyabean,Kharif     
Gujarat,DOHAD,Soyabean,Kharif     
Gujarat,GANDHINAGAR,Soyabean,Kharif     
Gujarat,GIR SOMNATH,Soyabean,Kharif     
Gujarat,JAMNAGAR,Soyabean,Kharif     
Gujarat,JUNAGADH,Soyabean,Kharif     
Gujarat,KACHCHH,Soyabean,Kharif     
Gujarat,KHEDA,Soyabean,Kharif     
Gujarat,MAHESANA,Soyabean,Kharif     
Gujarat,MAHISAGAR,Soyabean,Kharif     
Gujarat,NARMADA,Soyabean,Kharif     
Gujarat,PANCH MAHALS,Soyabean,Kharif     
Gujarat,PATAN,Soyabean,Kharif     
Gujarat,RAJKOT,Soyabean,Kharif     
Gujarat,SABAR KANTHA,Soyabean,Kharif     
Gujarat,SURAT,Soyabean,Kharif     
Gujarat,TAPI,Soyabean,Kharif     
Gujarat,VADODARA,Soyabean,Kharif     
Gujarat,AHMADABAD,Sugarcane,Whole Year 
Gujarat,AMRELI,Sugarcane,Whole Year 
Gujarat,ANAND,Sugarcane,Whole Year 
Gujarat,BANAS KANTHA,Sugarcane,Whole Year 
Gujarat,BHARUCH,Sugarcane,Whole Year 
Gujarat,BHAVNAGAR,Sugarcane,Whole Year 
Gujarat,BOTAD,Sugarcane,Whole Year 
Gujarat,DANG,Sugarcane,Whole Year 
Gujarat,GIR SOMNATH,Sugarcane,Whole Year 
Gujarat,JAMNAGAR,Sugarcane,Whole Year 
Gujarat,JUNAGADH,Sugarcane,Whole Year 
Gujarat,KACHCHH,Sugarcane,Whole Year 
Gujarat,KHEDA,Sugarcane,Whole Year 
Gujarat,MAHISAGAR,Sugarcane,Whole Year 
Gujarat,MORBI,Sugarcane,Whole Year 
Gujarat,NARMADA,Sugarcane,Whole Year 
Gujarat,NAVSARI,Sugarcane,Whole Year 
Gujarat,PANCH MAHALS,Sugarcane,Whole Year 
Gujarat,RAJKOT,Sugarcane,Whole Year 
Gujarat,SABAR KANTHA,Sugarcane,Whole Year 
Gujarat,SURAT,Sugarcane,Whole Year 
Gujarat,SURENDRANAGAR,Sugarcane,Whole Year 
Gujarat,TAPI,Sugarcane,Whole Year 
Gujarat,VADODARA,Sugarcane,Whole Year 
Gujarat,VALSAD,Sugarcane,Whole Year 
Gujarat,AHMADABAD,Tobacco,Whole Year 
Gujarat,AMRELI,Tobacco,Kharif     
Gujarat,ANAND,Tobacco,Whole Year 
Gujarat,ARAVALLI,Tobacco,Rabi       
Gujarat,BANAS KANTHA,Tobacco,Whole Year 
Gujarat,BHARUCH,Tobacco,Whole Year 
Gujarat,BHAVNAGAR,Tobacco,Whole Year 
Gujarat,DANG,Tobacco,Whole Year 
Gujarat,DOHAD,Tobacco,Kharif     
Gujarat,GANDHINAGAR,Tobacco,Whole Year 
Gujarat,JAMNAGAR,Tobacco,Rabi       
Gujarat,JUNAGADH,Tobacco,Kharif     
Gujarat,KACHCHH,Tobacco,Kharif     
Gujarat,KHEDA,Tobacco,Whole Year 
Gujarat,MAHESANA,Tobacco,Whole Year 
Gujarat,MAHISAGAR,Tobacco,Kharif     
Gujarat,PANCH MAHALS,Tobacco,Whole Year 
Gujarat,PATAN,Tobacco,Whole Year 
Gujarat,SABAR KANTHA,Tobacco,Whole Year 
Gujarat,SURAT,Tobacco,Kharif     
Gujarat,SURENDRANAGAR,Tobacco,Kharif     
Gujarat,VADODARA,Tobacco,Whole Year 
Gujarat,AHMADABAD,Urad,Kharif     
Gujarat,AMRELI,Urad,Kharif     
Gujarat,ANAND,Urad,Kharif     
Gujarat,ARAVALLI,Urad,Kharif     
Gujarat,BANAS KANTHA,Urad,Kharif     
Gujarat,BHARUCH,Urad,Kharif     
Gujarat,BHAVNAGAR,Urad,Kharif     
Gujarat,BOTAD,Urad,Kharif     
Gujarat,CHHOTAUDEPUR,Urad,Kharif     
Gujarat,DANG,Urad,Kharif     
Gujarat,DEVBHUMI DWARKA,Urad,Kharif     
Gujarat,DOHAD,Urad,Kharif     
Gujarat,GANDHINAGAR,Urad,Kharif     
Gujarat,GIR SOMNATH,Urad,Kharif     
Gujarat,JAMNAGAR,Urad,Kharif     
Gujarat,JUNAGADH,Urad,Kharif     
Gujarat,KACHCHH,Urad,Kharif     
Gujarat,KHEDA,Urad,Kharif     
Gujarat,MAHESANA,Urad,Kharif     
Gujarat,MAHISAGAR,Urad,Kharif     
Gujarat,MORBI,Urad,Kharif     
Gujarat,NARMADA,Urad,Kharif     
Gujarat,NAVSARI,Urad,Kharif     
Gujarat,PANCH MAHALS,Urad,Kharif     
Gujarat,PATAN,Urad,Kharif     
Gujarat,PORBANDAR,Urad,Kharif     
Gujarat,RAJKOT,Urad,Kharif     
Gujarat,SABAR KANTHA,Urad,Kharif     
Gujarat,SURAT,Urad,Kharif     
Gujarat,SURENDRANAGAR,Urad,Kharif     
Gujarat,TAPI,Urad,Kharif     
Gujarat,VADODARA,Urad,Kharif     
Gujarat,VALSAD,Urad,Kharif     
Gujarat,AHMADABAD,Wheat,Rabi       
Gujarat,AMRELI,Wheat,Rabi       
Gujarat,ANAND,Wheat,Rabi       
Gujarat,ARAVALLI,Wheat,Rabi       
Gujarat,BANAS KANTHA,Wheat,Rabi       
Gujarat,BHARUCH,Wheat,Rabi       
Gujarat,BHAVNAGAR,Wheat,Rabi       
Gujarat,BOTAD,Wheat,Rabi       
Gujarat,CHHOTAUDEPUR,Wheat,Rabi       
Gujarat,DANG,Wheat,Rabi       
Gujarat,DEVBHUMI DWARKA,Wheat,Rabi       
Gujarat,DOHAD,Wheat,Rabi       
Gujarat,GANDHINAGAR,Wheat,Rabi       
Gujarat,GIR SOMNATH,Wheat,Rabi       
Gujarat,JAMNAGAR,Wheat,Rabi       
Gujarat,JUNAGADH,Wheat,Rabi       
Gujarat,KACHCHH,Wheat,Rabi       
Gujarat,KHEDA,Wheat,Rabi       
Gujarat,MAHESANA,Wheat,Rabi       
Gujarat,MAHISAGAR,Wheat,Rabi       
Gujarat,MORBI,Wheat,Rabi       
Gujarat,NARMADA,Wheat,Rabi       
Gujarat,NAVSARI,Wheat,Rabi       
Gujarat,PANCH MAHALS,Wheat,Rabi       
Gujarat,PATAN,Wheat,Rabi       
Gujarat,PORBANDAR,Wheat,Rabi       
Gujarat,RAJKOT,Wheat,Rabi       
Gujarat,SABAR KANTHA,Wheat,Rabi       
Gujarat,SURAT,Wheat,Rabi       
Gujarat,SURENDRANAGAR,Wheat,Rabi       
Gujarat,TAPI,Wheat,Rabi       
Gujarat,VADODARA,Wheat,Rabi       
Gujarat,VALSAD,Wheat,Rabi       
Haryana,AMBALA,Arhar/Tur,Kharif     
Haryana,BHIWANI,Arhar/Tur,Kharif     
Haryana,CHARKI DADRI,Arhar/Tur,Kharif     
Haryana,FARIDABAD,Arhar/Tur,Kharif     
Haryana,FATEHABAD,Arhar/Tur,Kharif     
Haryana,GURGAON,Arhar/Tur,Kharif     
Haryana,HISAR,Arhar/Tur,Kharif     
Haryana,JHAJJAR,Arhar/Tur,Kharif     
Haryana,JIND,Arhar/Tur,Kharif     
Haryana,KAITHAL,Arhar/Tur,Kharif     
Haryana,KARNAL,Arhar/Tur,Kharif     
Haryana,KURUKSHETRA,Arhar/Tur,Kharif     
Haryana,MAHENDRAGARH,Arhar/Tur,Kharif     
Haryana,MEWAT,Arhar/Tur,Kharif     
Haryana,PALWAL,Arhar/Tur,Kharif     
Haryana,PANCHKULA,Arhar/Tur,Kharif     
Haryana,PANIPAT,Arhar/Tur,Kharif     
Haryana,REWARI,Arhar/Tur,Kharif     
Haryana,ROHTAK,Arhar/Tur,Kharif     
Haryana,SIRSA,Arhar/Tur,Kharif     
Haryana,SONIPAT,Arhar/Tur,Kharif     
Haryana,YAMUNANAGAR,Arhar/Tur,Kharif     
Haryana,AMBALA,Bajra,Kharif     
Haryana,BHIWANI,Bajra,Kharif     
Haryana,CHARKI DADRI,Bajra,Kharif     
Haryana,FARIDABAD,Bajra,Kharif     
Haryana,FATEHABAD,Bajra,Kharif     
Haryana,GURGAON,Bajra,Kharif     
Haryana,HISAR,Bajra,Kharif     
Haryana,JHAJJAR,Bajra,Kharif     
Haryana,JIND,Bajra,Kharif     
Haryana,KAITHAL,Bajra,Kharif     
Haryana,KARNAL,Bajra,Kharif     
Haryana,KURUKSHETRA,Bajra,Kharif     
Haryana,MAHENDRAGARH,Bajra,Kharif     
Haryana,MEWAT,Bajra,Kharif     
Haryana,PALWAL,Bajra,Kharif     
Haryana,PANCHKULA,Bajra,Kharif     
Haryana,PANIPAT,Bajra,Kharif     
Haryana,REWARI,Bajra,Kharif     
Haryana,ROHTAK,Bajra,Kharif     
Haryana,SIRSA,Bajra,Kharif     
Haryana,SONIPAT,Bajra,Kharif     
Haryana,YAMUNANAGAR,Bajra,Kharif     
Haryana,FARIDABAD,Banana,Whole Year 
Haryana,JHAJJAR,Banana,Whole Year 
Haryana,KURUKSHETRA,Banana,Whole Year 
Haryana,PANIPAT,Banana,Whole Year 
Haryana,SONIPAT,Banana,Whole Year 
Haryana,AMBALA,Barley,Rabi       
Haryana,BHIWANI,Barley,Rabi       
Haryana,CHARKI DADRI,Barley,Rabi       
Haryana,FARIDABAD,Barley,Rabi       
Haryana,FATEHABAD,Barley,Rabi       
Haryana,GURGAON,Barley,Rabi       
Haryana,HISAR,Barley,Rabi       
Haryana,JHAJJAR,Barley,Rabi       
Haryana,JIND,Barley,Rabi       
Haryana,KAITHAL,Barley,Rabi       
Haryana,KARNAL,Barley,Rabi       
Haryana,KURUKSHETRA,Barley,Rabi       
Haryana,MAHENDRAGARH,Barley,Rabi       
Haryana,MEWAT,Barley,Rabi       
Haryana,PALWAL,Barley,Rabi       
Haryana,PANCHKULA,Barley,Rabi       
Haryana,PANIPAT,Barley,Rabi       
Haryana,REWARI,Barley,Rabi       
Haryana,ROHTAK,Barley,Rabi       
Haryana,SIRSA,Barley,Rabi       
Haryana,SONIPAT,Barley,Rabi       
Haryana,YAMUNANAGAR,Barley,Rabi       
Haryana,BHIWANI,Castor seed,Kharif     
Haryana,CHARKI DADRI,Castor seed,Kharif     
Haryana,FATEHABAD,Castor seed,Kharif     
Haryana,GURGAON,Castor seed,Kharif     
Haryana,HISAR,Castor seed,Kharif     
Haryana,JHAJJAR,Castor seed,Kharif     
Haryana,MAHENDRAGARH,Castor seed,Kharif     
Haryana,MEWAT,Castor seed,Kharif     
Haryana,REWARI,Castor seed,Kharif     
Haryana,ROHTAK,Castor seed,Kharif     
Haryana,SIRSA,Castor seed,Kharif     
Haryana,YAMUNANAGAR,Castor seed,Kharif     
Haryana,AMBALA,Coriander,Whole Year 
Haryana,BHIWANI,Coriander,Whole Year 
Haryana,CHARKI DADRI,Coriander,Whole Year 
Haryana,FARIDABAD,Coriander,Whole Year 
Haryana,FATEHABAD,Coriander,Whole Year 
Haryana,GURGAON,Coriander,Whole Year 
Haryana,HISAR,Coriander,Whole Year 
Haryana,JHAJJAR,Coriander,Whole Year 
Haryana,JIND,Coriander,Whole Year 
Haryana,KAITHAL,Coriander,Whole Year 
Haryana,KARNAL,Coriander,Whole Year 
Haryana,KURUKSHETRA,Coriander,Whole Year 
Haryana,MAHENDRAGARH,Coriander,Whole Year 
Haryana,MEWAT,Coriander,Whole Year 
Haryana,PALWAL,Coriander,Whole Year 
Haryana,PANCHKULA,Coriander,Whole Year 
Haryana,PANIPAT,Coriander,Whole Year 
Haryana,REWARI,Coriander,Whole Year 
Haryana,ROHTAK,Coriander,Whole Year 
Haryana,SIRSA,Coriander,Whole Year 
Haryana,SONIPAT,Coriander,Whole Year 
Haryana,YAMUNANAGAR,Coriander,Whole Year 
Haryana,AMBALA,Cotton(lint),Kharif     
Haryana,BHIWANI,Cotton(lint),Whole Year 
Haryana,CHARKI DADRI,Cotton(lint),Kharif     
Haryana,FARIDABAD,Cotton(lint),Kharif     
Haryana,FATEHABAD,Cotton(lint),Whole Year 
Haryana,GURGAON,Cotton(lint),Kharif     
Haryana,HISAR,Cotton(lint),Whole Year 
Haryana,JHAJJAR,Cotton(lint),Whole Year 
Haryana,JIND,Cotton(lint),Whole Year 
Haryana,KAITHAL,Cotton(lint),Whole Year 
Haryana,KARNAL,Cotton(lint),Kharif     
Haryana,KURUKSHETRA,Cotton(lint),Kharif     
Haryana,MAHENDRAGARH,Cotton(lint),Whole Year 
Haryana,MEWAT,Cotton(lint),Kharif     
Haryana,PALWAL,Cotton(lint),Kharif     
Haryana,PANCHKULA,Cotton(lint),Kharif     
Haryana,PANIPAT,Cotton(lint),Kharif     
Haryana,REWARI,Cotton(lint),Whole Year 
Haryana,ROHTAK,Cotton(lint),Whole Year 
Haryana,SIRSA,Cotton(lint),Whole Year 
Haryana,SONIPAT,Cotton(lint),Whole Year 
Haryana,YAMUNANAGAR,Cotton(lint),Kharif     
Haryana,AMBALA,Dry chillies,Whole Year 
Haryana,BHIWANI,Dry chillies,Whole Year 
Haryana,FARIDABAD,Dry chillies,Whole Year 
Haryana,FATEHABAD,Dry chillies,Whole Year 
Haryana,GURGAON,Dry chillies,Whole Year 
Haryana,HISAR,Dry chillies,Whole Year 
Haryana,JIND,Dry chillies,Whole Year 
Haryana,KAITHAL,Dry chillies,Whole Year 
Haryana,KARNAL,Dry chillies,Whole Year 
Haryana,KURUKSHETRA,Dry chillies,Whole Year 
Haryana,MAHENDRAGARH,Dry chillies,Whole Year 
Haryana,MEWAT,Dry chillies,Whole Year 
Haryana,PANCHKULA,Dry chillies,Whole Year 
Haryana,PANIPAT,Dry chillies,Whole Year 
Haryana,REWARI,Dry chillies,Whole Year 
Haryana,ROHTAK,Dry chillies,Whole Year 
Haryana,SIRSA,Dry chillies,Whole Year 
Haryana,SONIPAT,Dry chillies,Whole Year 
Haryana,YAMUNANAGAR,Dry chillies,Whole Year 
Haryana,AMBALA,Garlic,Whole Year 
Haryana,BHIWANI,Garlic,Whole Year 
Haryana,CHARKI DADRI,Garlic,Whole Year 
Haryana,FARIDABAD,Garlic,Whole Year 
Haryana,FATEHABAD,Garlic,Whole Year 
Haryana,GURGAON,Garlic,Whole Year 
Haryana,HISAR,Garlic,Whole Year 
Haryana,JHAJJAR,Garlic,Whole Year 
Haryana,JIND,Garlic,Whole Year 
Haryana,KAITHAL,Garlic,Whole Year 
Haryana,KARNAL,Garlic,Whole Year 
Haryana,KURUKSHETRA,Garlic,Whole Year 
Haryana,MAHENDRAGARH,Garlic,Whole Year 
Haryana,MEWAT,Garlic,Whole Year 
Haryana,PALWAL,Garlic,Whole Year 
Haryana,PANCHKULA,Garlic,Whole Year 
Haryana,PANIPAT,Garlic,Whole Year 
Haryana,REWARI,Garlic,Whole Year 
Haryana,ROHTAK,Garlic,Whole Year 
Haryana,SIRSA,Garlic,Whole Year 
Haryana,SONIPAT,Garlic,Whole Year 
Haryana,YAMUNANAGAR,Garlic,Whole Year 
Haryana,AMBALA,Ginger,Kharif     
Haryana,KAITHAL,Ginger,Kharif     
Haryana,PANCHKULA,Ginger,Kharif     
Haryana,SONIPAT,Ginger,Whole Year 
Haryana,YAMUNANAGAR,Ginger,Kharif     
Haryana,AMBALA,Gram,Rabi       
Haryana,BHIWANI,Gram,Rabi       
Haryana,CHARKI DADRI,Gram,Rabi       
Haryana,FARIDABAD,Gram,Rabi       
Haryana,FATEHABAD,Gram,Rabi       
Haryana,GURGAON,Gram,Rabi       
Haryana,HISAR,Gram,Kharif     
Haryana,JHAJJAR,Gram,Rabi       
Haryana,JIND,Gram,Rabi       
Haryana,KAITHAL,Gram,Rabi       
Haryana,KARNAL,Gram,Rabi       
Haryana,KURUKSHETRA,Gram,Rabi       
Haryana,MAHENDRAGARH,Gram,Rabi       
Haryana,MEWAT,Gram,Rabi       
Haryana,PALWAL,Gram,Rabi       
Haryana,PANCHKULA,Gram,Rabi       
Haryana,PANIPAT,Gram,Rabi       
Haryana,REWARI,Gram,Rabi       
Haryana,ROHTAK,Gram,Rabi       
Haryana,SIRSA,Gram,Rabi       
Haryana,SONIPAT,Gram,Rabi       
Haryana,YAMUNANAGAR,Gram,Rabi       
Haryana,AMBALA,Groundnut,Kharif     
Haryana,BHIWANI,Groundnut,Kharif     
Haryana,CHARKI DADRI,Groundnut,Kharif     
Haryana,FARIDABAD,Groundnut,Kharif     
Haryana,FATEHABAD,Groundnut,Kharif     
Haryana,GURGAON,Groundnut,Kharif     
Haryana,HISAR,Groundnut,Kharif     
Haryana,JHAJJAR,Groundnut,Kharif     
Haryana,KAITHAL,Groundnut,Kharif     
Haryana,KARNAL,Groundnut,Kharif     
Haryana,MAHENDRAGARH,Groundnut,Kharif     
Haryana,MEWAT,Groundnut,Kharif     
Haryana,PANCHKULA,Groundnut,Kharif     
Haryana,PANIPAT,Groundnut,Kharif     
Haryana,REWARI,Groundnut,Kharif     
Haryana,SIRSA,Groundnut,Kharif     
Haryana,SONIPAT,Groundnut,Kharif     
Haryana,YAMUNANAGAR,Groundnut,Kharif     
Haryana,BHIWANI,Guar seed,Whole Year 
Haryana,CHARKI DADRI,Guar seed,Kharif     
Haryana,FARIDABAD,Guar seed,Kharif     
Haryana,FATEHABAD,Guar seed,Whole Year 
Haryana,GURGAON,Guar seed,Whole Year 
Haryana,HISAR,Guar seed,Whole Year 
Haryana,JHAJJAR,Guar seed,Whole Year 
Haryana,JIND,Guar seed,Whole Year 
Haryana,KAITHAL,Guar seed,Whole Year 
Haryana,KARNAL,Guar seed,Whole Year 
Haryana,MAHENDRAGARH,Guar seed,Whole Year 
Haryana,MEWAT,Guar seed,Whole Year 
Haryana,PALWAL,Guar seed,Kharif     
Haryana,PANCHKULA,Guar seed,Whole Year 
Haryana,PANIPAT,Guar seed,Whole Year 
Haryana,REWARI,Guar seed,Whole Year 
Haryana,ROHTAK,Guar seed,Whole Year 
Haryana,SIRSA,Guar seed,Whole Year 
Haryana,SONIPAT,Guar seed,Whole Year 
Haryana,AMBALA,Horse-gram,Kharif     
Haryana,BHIWANI,Horse-gram,Kharif     
Haryana,FARIDABAD,Horse-gram,Kharif     
Haryana,HISAR,Horse-gram,Kharif     
Haryana,KARNAL,Horse-gram,Kharif     
Haryana,MAHENDRAGARH,Horse-gram,Kharif     
Haryana,MEWAT,Horse-gram,Kharif     
Haryana,PALWAL,Horse-gram,Kharif     
Haryana,PANCHKULA,Horse-gram,Kharif     
Haryana,ROHTAK,Horse-gram,Kharif     
Haryana,YAMUNANAGAR,Horse-gram,Kharif     
Haryana,AMBALA,Jowar,Kharif     
Haryana,BHIWANI,Jowar,Kharif     
Haryana,CHARKI DADRI,Jowar,Kharif     
Haryana,FARIDABAD,Jowar,Kharif     
Haryana,GURGAON,Jowar,Kharif     
Haryana,HISAR,Jowar,Kharif     
Haryana,JHAJJAR,Jowar,Kharif     
Haryana,JIND,Jowar,Kharif     
Haryana,KAITHAL,Jowar,Kharif     
Haryana,KARNAL,Jowar,Kharif     
Haryana,KURUKSHETRA,Jowar,Kharif     
Haryana,MAHENDRAGARH,Jowar,Kharif     
Haryana,MEWAT,Jowar,Kharif     
Haryana,PALWAL,Jowar,Kharif     
Haryana,PANCHKULA,Jowar,Kharif     
Haryana,PANIPAT,Jowar,Kharif     
Haryana,REWARI,Jowar,Kharif     
Haryana,ROHTAK,Jowar,Kharif     
Haryana,SIRSA,Jowar,Kharif     
Haryana,SONIPAT,Jowar,Kharif     
Haryana,YAMUNANAGAR,Jowar,Kharif     
Haryana,ROHTAK,Jute,Kharif     
Haryana,AMBALA,Maize,Kharif     
Haryana,BHIWANI,Maize,Kharif     
Haryana,CHARKI DADRI,Maize,Kharif     
Haryana,FARIDABAD,Maize,Kharif     
Haryana,FATEHABAD,Maize,Kharif     
Haryana,GURGAON,Maize,Kharif     
Haryana,HISAR,Maize,Kharif     
Haryana,JHAJJAR,Maize,Kharif     
Haryana,JIND,Maize,Kharif     
Haryana,KAITHAL,Maize,Kharif     
Haryana,KARNAL,Maize,Kharif     
Haryana,KURUKSHETRA,Maize,Kharif     
Haryana,MAHENDRAGARH,Maize,Kharif     
Haryana,MEWAT,Maize,Kharif     
Haryana,PALWAL,Maize,Kharif     
Haryana,PANCHKULA,Maize,Kharif     
Haryana,PANIPAT,Maize,Kharif     
Haryana,REWARI,Maize,Kharif     
Haryana,ROHTAK,Maize,Kharif     
Haryana,SIRSA,Maize,Kharif     
Haryana,SONIPAT,Maize,Kharif     
Haryana,YAMUNANAGAR,Maize,Kharif     
Haryana,AMBALA,Masoor,Rabi       
Haryana,BHIWANI,Masoor,Rabi       
Haryana,FARIDABAD,Masoor,Rabi       
Haryana,FATEHABAD,Masoor,Rabi       
Haryana,GURGAON,Masoor,Rabi       
Haryana,HISAR,Masoor,Rabi       
Haryana,JHAJJAR,Masoor,Rabi       
Haryana,JIND,Masoor,Rabi       
Haryana,KAITHAL,Masoor,Rabi       
Haryana,KARNAL,Masoor,Rabi       
Haryana,KURUKSHETRA,Masoor,Rabi       
Haryana,MAHENDRAGARH,Masoor,Rabi       
Haryana,MEWAT,Masoor,Rabi       
Haryana,PALWAL,Masoor,Rabi       
Haryana,PANCHKULA,Masoor,Rabi       
Haryana,PANIPAT,Masoor,Rabi       
Haryana,ROHTAK,Masoor,Rabi       
Haryana,SIRSA,Masoor,Rabi       
Haryana,SONIPAT,Masoor,Rabi       
Haryana,YAMUNANAGAR,Masoor,Rabi       
Haryana,AMBALA,Moong(Green Gram),Kharif     
Haryana,BHIWANI,Moong(Green Gram),Kharif     
Haryana,CHARKI DADRI,Moong(Green Gram),Kharif     
Haryana,FARIDABAD,Moong(Green Gram),Kharif     
Haryana,FATEHABAD,Moong(Green Gram),Kharif     
Haryana,GURGAON,Moong(Green Gram),Kharif     
Haryana,HISAR,Moong(Green Gram),Kharif     
Haryana,JHAJJAR,Moong(Green Gram),Kharif     
Haryana,JIND,Moong(Green Gram),Kharif     
Haryana,KAITHAL,Moong(Green Gram),Kharif     
Haryana,KARNAL,Moong(Green Gram),Kharif     
Haryana,KURUKSHETRA,Moong(Green Gram),Kharif     
Haryana,MAHENDRAGARH,Moong(Green Gram),Kharif     
Haryana,MEWAT,Moong(Green Gram),Kharif     
Haryana,PALWAL,Moong(Green Gram),Kharif     
Haryana,PANCHKULA,Moong(Green Gram),Kharif     
Haryana,PANIPAT,Moong(Green Gram),Kharif     
Haryana,REWARI,Moong(Green Gram),Kharif     
Haryana,ROHTAK,Moong(Green Gram),Kharif     
Haryana,SIRSA,Moong(Green Gram),Kharif     
Haryana,SONIPAT,Moong(Green Gram),Kharif     
Haryana,YAMUNANAGAR,Moong(Green Gram),Kharif     
Haryana,AMBALA,Moth,Kharif     
Haryana,BHIWANI,Moth,Kharif     
Haryana,CHARKI DADRI,Moth,Kharif     
Haryana,FARIDABAD,Moth,Kharif     
Haryana,FATEHABAD,Moth,Kharif     
Haryana,GURGAON,Moth,Kharif     
Haryana,HISAR,Moth,Kharif     
Haryana,JIND,Moth,Kharif     
Haryana,KARNAL,Moth,Kharif     
Haryana,KURUKSHETRA,Moth,Kharif     
Haryana,MAHENDRAGARH,Moth,Kharif     
Haryana,MEWAT,Moth,Kharif     
Haryana,PALWAL,Moth,Kharif     
Haryana,PANCHKULA,Moth,Kharif     
Haryana,PANIPAT,Moth,Kharif     
Haryana,REWARI,Moth,Kharif     
Haryana,ROHTAK,Moth,Kharif     
Haryana,SIRSA,Moth,Kharif     
Haryana,SONIPAT,Moth,Kharif     
Haryana,YAMUNANAGAR,Moth,Kharif     
Haryana,AMBALA,Onion,Whole Year 
Haryana,BHIWANI,Onion,Whole Year 
Haryana,CHARKI DADRI,Onion,Whole Year 
Haryana,FARIDABAD,Onion,Whole Year 
Haryana,FATEHABAD,Onion,Whole Year 
Haryana,GURGAON,Onion,Whole Year 
Haryana,HISAR,Onion,Whole Year 
Haryana,JHAJJAR,Onion,Whole Year 
Haryana,JIND,Onion,Whole Year 
Haryana,KAITHAL,Onion,Whole Year 
Haryana,KARNAL,Onion,Whole Year 
Haryana,KURUKSHETRA,Onion,Whole Year 
Haryana,MAHENDRAGARH,Onion,Whole Year 
Haryana,MEWAT,Onion,Whole Year 
Haryana,PALWAL,Onion,Whole Year 
Haryana,PANCHKULA,Onion,Whole Year 
Haryana,PANIPAT,Onion,Whole Year 
Haryana,REWARI,Onion,Whole Year 
Haryana,ROHTAK,Onion,Whole Year 
Haryana,SIRSA,Onion,Whole Year 
Haryana,SONIPAT,Onion,Whole Year 
Haryana,YAMUNANAGAR,Onion,Whole Year 
Haryana,AMBALA,Other  Rabi pulses,Rabi       
Haryana,FARIDABAD,Other  Rabi pulses,Rabi       
Haryana,GURGAON,Other  Rabi pulses,Rabi       
Haryana,HISAR,Other  Rabi pulses,Rabi       
Haryana,JHAJJAR,Other  Rabi pulses,Rabi       
Haryana,JIND,Other  Rabi pulses,Rabi       
Haryana,KAITHAL,Other  Rabi pulses,Rabi       
Haryana,KARNAL,Other  Rabi pulses,Rabi       
Haryana,KURUKSHETRA,Other  Rabi pulses,Rabi       
Haryana,PANCHKULA,Other  Rabi pulses,Rabi       
Haryana,PANIPAT,Other  Rabi pulses,Rabi       
Haryana,ROHTAK,Other  Rabi pulses,Rabi       
Haryana,YAMUNANAGAR,Other  Rabi pulses,Rabi       
Haryana,AMBALA,Other Kharif pulses,Kharif     
Haryana,BHIWANI,Other Kharif pulses,Kharif     
Haryana,FARIDABAD,Other Kharif pulses,Kharif     
Haryana,FATEHABAD,Other Kharif pulses,Kharif     
Haryana,GURGAON,Other Kharif pulses,Kharif     
Haryana,HISAR,Other Kharif pulses,Kharif     
Haryana,JHAJJAR,Other Kharif pulses,Kharif     
Haryana,JIND,Other Kharif pulses,Kharif     
Haryana,KAITHAL,Other Kharif pulses,Kharif     
Haryana,KARNAL,Other Kharif pulses,Kharif     
Haryana,KURUKSHETRA,Other Kharif pulses,Kharif     
Haryana,MAHENDRAGARH,Other Kharif pulses,Kharif     
Haryana,PANCHKULA,Other Kharif pulses,Kharif     
Haryana,PANIPAT,Other Kharif pulses,Kharif     
Haryana,REWARI,Other Kharif pulses,Kharif     
Haryana,ROHTAK,Other Kharif pulses,Kharif     
Haryana,SIRSA,Other Kharif pulses,Kharif     
Haryana,SONIPAT,Other Kharif pulses,Kharif     
Haryana,YAMUNANAGAR,Other Kharif pulses,Kharif     
Haryana,AMBALA,other oilseeds,Rabi       
Haryana,BHIWANI,other oilseeds,Rabi       
Haryana,FATEHABAD,other oilseeds,Rabi       
Haryana,HISAR,other oilseeds,Rabi       
Haryana,KARNAL,other oilseeds,Rabi       
Haryana,KURUKSHETRA,other oilseeds,Rabi       
Haryana,MAHENDRAGARH,other oilseeds,Rabi       
Haryana,PANCHKULA,other oilseeds,Rabi       
Haryana,PANIPAT,other oilseeds,Rabi       
Haryana,REWARI,other oilseeds,Rabi       
Haryana,SIRSA,other oilseeds,Rabi       
Haryana,YAMUNANAGAR,other oilseeds,Rabi       
Haryana,AMBALA,Peas & beans (Pulses),Rabi       
Haryana,BHIWANI,Peas & beans (Pulses),Rabi       
Haryana,CHARKI DADRI,Peas & beans (Pulses),Kharif     
Haryana,FARIDABAD,Peas & beans (Pulses),Rabi       
Haryana,FATEHABAD,Peas & beans (Pulses),Rabi       
Haryana,GURGAON,Peas & beans (Pulses),Rabi       
Haryana,HISAR,Peas & beans (Pulses),Rabi       
Haryana,JHAJJAR,Peas & beans (Pulses),Rabi       
Haryana,JIND,Peas & beans (Pulses),Rabi       
Haryana,KAITHAL,Peas & beans (Pulses),Rabi       
Haryana,KARNAL,Peas & beans (Pulses),Rabi       
Haryana,KURUKSHETRA,Peas & beans (Pulses),Rabi       
Haryana,MAHENDRAGARH,Peas & beans (Pulses),Rabi       
Haryana,MEWAT,Peas & beans (Pulses),Rabi       
Haryana,PALWAL,Peas & beans (Pulses),Rabi       
Haryana,PANCHKULA,Peas & beans (Pulses),Rabi       
Haryana,PANIPAT,Peas & beans (Pulses),Rabi       
Haryana,REWARI,Peas & beans (Pulses),Rabi       
Haryana,ROHTAK,Peas & beans (Pulses),Rabi       
Haryana,SIRSA,Peas & beans (Pulses),Rabi       
Haryana,SONIPAT,Peas & beans (Pulses),Rabi       
Haryana,YAMUNANAGAR,Peas & beans (Pulses),Rabi       
Haryana,AMBALA,Potato,Whole Year 
Haryana,BHIWANI,Potato,Whole Year 
Haryana,CHARKI DADRI,Potato,Whole Year 
Haryana,FARIDABAD,Potato,Whole Year 
Haryana,FATEHABAD,Potato,Whole Year 
Haryana,GURGAON,Potato,Whole Year 
Haryana,HISAR,Potato,Whole Year 
Haryana,JHAJJAR,Potato,Whole Year 
Haryana,JIND,Potato,Whole Year 
Haryana,KAITHAL,Potato,Whole Year 
Haryana,KARNAL,Potato,Whole Year 
Haryana,KURUKSHETRA,Potato,Whole Year 
Haryana,MAHENDRAGARH,Potato,Whole Year 
Haryana,MEWAT,Potato,Whole Year 
Haryana,PALWAL,Potato,Whole Year 
Haryana,PANCHKULA,Potato,Whole Year 
Haryana,PANIPAT,Potato,Whole Year 
Haryana,REWARI,Potato,Whole Year 
Haryana,ROHTAK,Potato,Whole Year 
Haryana,SIRSA,Potato,Whole Year 
Haryana,SONIPAT,Potato,Whole Year 
Haryana,YAMUNANAGAR,Potato,Whole Year 
Haryana,AMBALA,Rapeseed &Mustard,Rabi       
Haryana,BHIWANI,Rapeseed &Mustard,Rabi       
Haryana,CHARKI DADRI,Rapeseed &Mustard,Rabi       
Haryana,FARIDABAD,Rapeseed &Mustard,Rabi       
Haryana,FATEHABAD,Rapeseed &Mustard,Rabi       
Haryana,GURGAON,Rapeseed &Mustard,Rabi       
Haryana,HISAR,Rapeseed &Mustard,Rabi       
Haryana,JHAJJAR,Rapeseed &Mustard,Rabi       
Haryana,JIND,Rapeseed &Mustard,Rabi       
Haryana,KAITHAL,Rapeseed &Mustard,Rabi       
Haryana,KARNAL,Rapeseed &Mustard,Rabi       
Haryana,KURUKSHETRA,Rapeseed &Mustard,Rabi       
Haryana,MAHENDRAGARH,Rapeseed &Mustard,Rabi       
Haryana,MEWAT,Rapeseed &Mustard,Rabi       
Haryana,PALWAL,Rapeseed &Mustard,Rabi       
Haryana,PANCHKULA,Rapeseed &Mustard,Rabi       
Haryana,PANIPAT,Rapeseed &Mustard,Rabi       
Haryana,REWARI,Rapeseed &Mustard,Rabi       
Haryana,ROHTAK,Rapeseed &Mustard,Rabi       
Haryana,SIRSA,Rapeseed &Mustard,Rabi       
Haryana,SONIPAT,Rapeseed &Mustard,Rabi       
Haryana,YAMUNANAGAR,Rapeseed &Mustard,Rabi       
Haryana,AMBALA,Rice,Kharif     
Haryana,BHIWANI,Rice,Kharif     
Haryana,CHARKI DADRI,Rice,Kharif     
Haryana,FARIDABAD,Rice,Kharif     
Haryana,FATEHABAD,Rice,Kharif     
Haryana,GURGAON,Rice,Kharif     
Haryana,HISAR,Rice,Kharif     
Haryana,JHAJJAR,Rice,Kharif     
Haryana,JIND,Rice,Kharif     
Haryana,KAITHAL,Rice,Kharif     
Haryana,KARNAL,Rice,Kharif     
Haryana,KURUKSHETRA,Rice,Kharif     
Haryana,MAHENDRAGARH,Rice,Kharif     
Haryana,MEWAT,Rice,Kharif     
Haryana,PALWAL,Rice,Kharif     
Haryana,PANCHKULA,Rice,Kharif     
Haryana,PANIPAT,Rice,Kharif     
Haryana,REWARI,Rice,Kharif     
Haryana,ROHTAK,Rice,Kharif     
Haryana,SIRSA,Rice,Kharif     
Haryana,SONIPAT,Rice,Kharif     
Haryana,YAMUNANAGAR,Rice,Kharif     
Haryana,AMBALA,Sannhamp,Whole Year 
Haryana,BHIWANI,Sannhamp,Whole Year 
Haryana,FARIDABAD,Sannhamp,Whole Year 
Haryana,FATEHABAD,Sannhamp,Whole Year 
Haryana,GURGAON,Sannhamp,Whole Year 
Haryana,HISAR,Sannhamp,Whole Year 
Haryana,JHAJJAR,Sannhamp,Whole Year 
Haryana,JIND,Sannhamp,Whole Year 
Haryana,KAITHAL,Sannhamp,Whole Year 
Haryana,KARNAL,Sannhamp,Whole Year 
Haryana,KURUKSHETRA,Sannhamp,Whole Year 
Haryana,MAHENDRAGARH,Sannhamp,Whole Year 
Haryana,PANCHKULA,Sannhamp,Whole Year 
Haryana,PANIPAT,Sannhamp,Whole Year 
Haryana,REWARI,Sannhamp,Whole Year 
Haryana,ROHTAK,Sannhamp,Whole Year 
Haryana,SIRSA,Sannhamp,Whole Year 
Haryana,SONIPAT,Sannhamp,Whole Year 
Haryana,AMBALA,Sesamum,Kharif     
Haryana,BHIWANI,Sesamum,Kharif     
Haryana,CHARKI DADRI,Sesamum,Kharif     
Haryana,FARIDABAD,Sesamum,Kharif     
Haryana,FATEHABAD,Sesamum,Kharif     
Haryana,GURGAON,Sesamum,Kharif     
Haryana,HISAR,Sesamum,Kharif     
Haryana,JHAJJAR,Sesamum,Kharif     
Haryana,JIND,Sesamum,Kharif     
Haryana,KAITHAL,Sesamum,Kharif     
Haryana,KARNAL,Sesamum,Kharif     
Haryana,KURUKSHETRA,Sesamum,Kharif     
Haryana,MAHENDRAGARH,Sesamum,Kharif     
Haryana,MEWAT,Sesamum,Kharif     
Haryana,PALWAL,Sesamum,Kharif     
Haryana,PANCHKULA,Sesamum,Kharif     
Haryana,PANIPAT,Sesamum,Kharif     
Haryana,REWARI,Sesamum,Kharif     
Haryana,ROHTAK,Sesamum,Kharif     
Haryana,SIRSA,Sesamum,Kharif     
Haryana,SONIPAT,Sesamum,Kharif     
Haryana,YAMUNANAGAR,Sesamum,Kharif     
Haryana,AMBALA,Soyabean,Kharif     
Haryana,JHAJJAR,Soyabean,Kharif     
Haryana,AMBALA,Sugarcane,Whole Year 
Haryana,BHIWANI,Sugarcane,Whole Year 
Haryana,CHARKI DADRI,Sugarcane,Whole Year 
Haryana,FARIDABAD,Sugarcane,Whole Year 
Haryana,FATEHABAD,Sugarcane,Whole Year 
Haryana,GURGAON,Sugarcane,Whole Year 
Haryana,HISAR,Sugarcane,Whole Year 
Haryana,JHAJJAR,Sugarcane,Whole Year 
Haryana,JIND,Sugarcane,Whole Year 
Haryana,KAITHAL,Sugarcane,Whole Year 
Haryana,KARNAL,Sugarcane,Whole Year 
Haryana,KURUKSHETRA,Sugarcane,Whole Year 
Haryana,MAHENDRAGARH,Sugarcane,Whole Year 
Haryana,MEWAT,Sugarcane,Whole Year 
Haryana,PALWAL,Sugarcane,Whole Year 
Haryana,PANCHKULA,Sugarcane,Whole Year 
Haryana,PANIPAT,Sugarcane,Whole Year 
Haryana,REWARI,Sugarcane,Whole Year 
Haryana,ROHTAK,Sugarcane,Whole Year 
Haryana,SIRSA,Sugarcane,Whole Year 
Haryana,SONIPAT,Sugarcane,Whole Year 
Haryana,YAMUNANAGAR,Sugarcane,Whole Year 
Haryana,AMBALA,Sunflower,Rabi       
Haryana,FARIDABAD,Sunflower,Rabi       
Haryana,FATEHABAD,Sunflower,Rabi       
Haryana,HISAR,Sunflower,Rabi       
Haryana,JIND,Sunflower,Rabi       
Haryana,KAITHAL,Sunflower,Rabi       
Haryana,KARNAL,Sunflower,Rabi       
Haryana,KURUKSHETRA,Sunflower,Rabi       
Haryana,PANCHKULA,Sunflower,Rabi       
Haryana,PANIPAT,Sunflower,Rabi       
Haryana,REWARI,Sunflower,Rabi       
Haryana,ROHTAK,Sunflower,Rabi       
Haryana,SIRSA,Sunflower,Rabi       
Haryana,SONIPAT,Sunflower,Rabi       
Haryana,YAMUNANAGAR,Sunflower,Rabi       
Haryana,AMBALA,Sweet potato,Whole Year 
Haryana,FARIDABAD,Sweet potato,Whole Year 
Haryana,GURGAON,Sweet potato,Whole Year 
Haryana,HISAR,Sweet potato,Whole Year 
Haryana,JHAJJAR,Sweet potato,Whole Year 
Haryana,KAITHAL,Sweet potato,Whole Year 
Haryana,KARNAL,Sweet potato,Whole Year 
Haryana,KURUKSHETRA,Sweet potato,Whole Year 
Haryana,MAHENDRAGARH,Sweet potato,Whole Year 
Haryana,MEWAT,Sweet potato,Whole Year 
Haryana,PALWAL,Sweet potato,Whole Year 
Haryana,PANIPAT,Sweet potato,Whole Year 
Haryana,REWARI,Sweet potato,Whole Year 
Haryana,ROHTAK,Sweet potato,Whole Year 
Haryana,SONIPAT,Sweet potato,Whole Year 
Haryana,KAITHAL,Tobacco,Whole Year 
Haryana,PANCHKULA,Tobacco,Whole Year 
Haryana,REWARI,Tobacco,Whole Year 
Haryana,AMBALA,Turmeric,Whole Year 
Haryana,BHIWANI,Turmeric,Whole Year 
Haryana,FATEHABAD,Turmeric,Whole Year 
Haryana,HISAR,Turmeric,Whole Year 
Haryana,JIND,Turmeric,Whole Year 
Haryana,KAITHAL,Turmeric,Whole Year 
Haryana,KARNAL,Turmeric,Whole Year 
Haryana,KURUKSHETRA,Turmeric,Whole Year 
Haryana,PALWAL,Turmeric,Whole Year 
Haryana,PANCHKULA,Turmeric,Whole Year 
Haryana,PANIPAT,Turmeric,Whole Year 
Haryana,SIRSA,Turmeric,Whole Year 
Haryana,SONIPAT,Turmeric,Whole Year 
Haryana,YAMUNANAGAR,Turmeric,Whole Year 
Haryana,AMBALA,Urad,Kharif     
Haryana,BHIWANI,Urad,Kharif     
Haryana,FARIDABAD,Urad,Kharif     
Haryana,FATEHABAD,Urad,Kharif     
Haryana,GURGAON,Urad,Kharif     
Haryana,HISAR,Urad,Kharif     
Haryana,JHAJJAR,Urad,Kharif     
Haryana,JIND,Urad,Kharif     
Haryana,KAITHAL,Urad,Kharif     
Haryana,KARNAL,Urad,Kharif     
Haryana,KURUKSHETRA,Urad,Kharif     
Haryana,MAHENDRAGARH,Urad,Kharif     
Haryana,MEWAT,Urad,Kharif     
Haryana,PALWAL,Urad,Kharif     
Haryana,PANCHKULA,Urad,Kharif     
Haryana,PANIPAT,Urad,Kharif     
Haryana,REWARI,Urad,Kharif     
Haryana,ROHTAK,Urad,Kharif     
Haryana,SIRSA,Urad,Kharif     
Haryana,SONIPAT,Urad,Kharif     
Haryana,YAMUNANAGAR,Urad,Kharif     
Haryana,AMBALA,Wheat,Rabi       
Haryana,BHIWANI,Wheat,Rabi       
Haryana,CHARKI DADRI,Wheat,Rabi       
Haryana,FARIDABAD,Wheat,Rabi       
Haryana,FATEHABAD,Wheat,Rabi       
Haryana,GURGAON,Wheat,Rabi       
Haryana,HISAR,Wheat,Rabi       
Haryana,JHAJJAR,Wheat,Rabi       
Haryana,JIND,Wheat,Rabi       
Haryana,KAITHAL,Wheat,Rabi       
Haryana,KARNAL,Wheat,Rabi       
Haryana,KURUKSHETRA,Wheat,Rabi       
Haryana,MAHENDRAGARH,Wheat,Rabi       
Haryana,MEWAT,Wheat,Rabi       
Haryana,PALWAL,Wheat,Rabi       
Haryana,PANCHKULA,Wheat,Rabi       
Haryana,PANIPAT,Wheat,Rabi       
Haryana,REWARI,Wheat,Rabi       
Haryana,ROHTAK,Wheat,Rabi       
Haryana,SIRSA,Wheat,Rabi       
Haryana,SONIPAT,Wheat,Rabi       
Haryana,YAMUNANAGAR,Wheat,Rabi       
Himachal Pradesh,BILASPUR,Arhar/Tur,Kharif     
Himachal Pradesh,CHAMBA,Arhar/Tur,Kharif     
Himachal Pradesh,KANGRA,Arhar/Tur,Kharif     
Himachal Pradesh,KULLU,Arhar/Tur,Kharif     
Himachal Pradesh,MANDI,Arhar/Tur,Kharif     
Himachal Pradesh,SHIMLA,Arhar/Tur,Kharif     
Himachal Pradesh,SIRMAUR,Arhar/Tur,Kharif     
Himachal Pradesh,SOLAN,Arhar/Tur,Kharif     
Himachal Pradesh,UNA,Arhar/Tur,Kharif     
Himachal Pradesh,BILASPUR,Bajra,Kharif     
Himachal Pradesh,CHAMBA,Bajra,Kharif     
Himachal Pradesh,HAMIRPUR,Bajra,Kharif     
Himachal Pradesh,KANGRA,Bajra,Kharif     
Himachal Pradesh,MANDI,Bajra,Kharif     
Himachal Pradesh,SHIMLA,Bajra,Kharif     
Himachal Pradesh,SIRMAUR,Bajra,Kharif     
Himachal Pradesh,SOLAN,Bajra,Kharif     
Himachal Pradesh,UNA,Bajra,Kharif     
Himachal Pradesh,BILASPUR,Barley,Rabi       
Himachal Pradesh,CHAMBA,Barley,Rabi       
Himachal Pradesh,HAMIRPUR,Barley,Rabi       
Himachal Pradesh,KANGRA,Barley,Rabi       
Himachal Pradesh,KINNAUR,Barley,Rabi       
Himachal Pradesh,KULLU,Barley,Rabi       
Himachal Pradesh,LAHUL AND SPITI,Barley,Rabi       
Himachal Pradesh,MANDI,Barley,Rabi       
Himachal Pradesh,SHIMLA,Barley,Rabi       
Himachal Pradesh,SIRMAUR,Barley,Rabi       
Himachal Pradesh,SOLAN,Barley,Rabi       
Himachal Pradesh,UNA,Barley,Rabi       
Himachal Pradesh,BILASPUR,Coriander,Rabi       
Himachal Pradesh,CHAMBA,Coriander,Rabi       
Himachal Pradesh,HAMIRPUR,Coriander,Rabi       
Himachal Pradesh,KANGRA,Coriander,Rabi       
Himachal Pradesh,KULLU,Coriander,Rabi       
Himachal Pradesh,MANDI,Coriander,Rabi       
Himachal Pradesh,SHIMLA,Coriander,Rabi       
Himachal Pradesh,SIRMAUR,Coriander,Rabi       
Himachal Pradesh,SOLAN,Coriander,Rabi       
Himachal Pradesh,UNA,Coriander,Whole Year 
Himachal Pradesh,BILASPUR,Cotton(lint),Whole Year 
Himachal Pradesh,HAMIRPUR,Cotton(lint),Whole Year 
Himachal Pradesh,KANGRA,Cotton(lint),Whole Year 
Himachal Pradesh,MANDI,Cotton(lint),Kharif     
Himachal Pradesh,SIRMAUR,Cotton(lint),Whole Year 
Himachal Pradesh,SOLAN,Cotton(lint),Whole Year 
Himachal Pradesh,UNA,Cotton(lint),Whole Year 
Himachal Pradesh,BILASPUR,Dry chillies,Whole Year 
Himachal Pradesh,CHAMBA,Dry chillies,Whole Year 
Himachal Pradesh,HAMIRPUR,Dry chillies,Whole Year 
Himachal Pradesh,KANGRA,Dry chillies,Whole Year 
Himachal Pradesh,KULLU,Dry chillies,Whole Year 
Himachal Pradesh,LAHUL AND SPITI,Dry chillies,Kharif     
Himachal Pradesh,MANDI,Dry chillies,Whole Year 
Himachal Pradesh,SHIMLA,Dry chillies,Whole Year 
Himachal Pradesh,SIRMAUR,Dry chillies,Whole Year 
Himachal Pradesh,SOLAN,Dry chillies,Whole Year 
Himachal Pradesh,UNA,Dry chillies,Whole Year 
Himachal Pradesh,BILASPUR,Garlic,Whole Year 
Himachal Pradesh,CHAMBA,Garlic,Whole Year 
Himachal Pradesh,HAMIRPUR,Garlic,Whole Year 
Himachal Pradesh,KANGRA,Garlic,Whole Year 
Himachal Pradesh,KINNAUR,Garlic,Whole Year 
Himachal Pradesh,KULLU,Garlic,Whole Year 
Himachal Pradesh,MANDI,Garlic,Whole Year 
Himachal Pradesh,SHIMLA,Garlic,Whole Year 
Himachal Pradesh,SIRMAUR,Garlic,Whole Year 
Himachal Pradesh,SOLAN,Garlic,Whole Year 
Himachal Pradesh,UNA,Garlic,Whole Year 
Himachal Pradesh,BILASPUR,Ginger,Whole Year 
Himachal Pradesh,CHAMBA,Ginger,Whole Year 
Himachal Pradesh,HAMIRPUR,Ginger,Whole Year 
Himachal Pradesh,KANGRA,Ginger,Whole Year 
Himachal Pradesh,KULLU,Ginger,Kharif     
Himachal Pradesh,LAHUL AND SPITI,Ginger,Kharif     
Himachal Pradesh,MANDI,Ginger,Whole Year 
Himachal Pradesh,SHIMLA,Ginger,Whole Year 
Himachal Pradesh,SIRMAUR,Ginger,Whole Year 
Himachal Pradesh,SOLAN,Ginger,Whole Year 
Himachal Pradesh,UNA,Ginger,Whole Year 
Himachal Pradesh,BILASPUR,Gram,Rabi       
Himachal Pradesh,CHAMBA,Gram,Rabi       
Himachal Pradesh,HAMIRPUR,Gram,Rabi       
Himachal Pradesh,KANGRA,Gram,Rabi       
Himachal Pradesh,KULLU,Gram,Rabi       
Himachal Pradesh,MANDI,Gram,Rabi       
Himachal Pradesh,SHIMLA,Gram,Rabi       
Himachal Pradesh,SIRMAUR,Gram,Rabi       
Himachal Pradesh,SOLAN,Gram,Rabi       
Himachal Pradesh,UNA,Gram,Rabi       
Himachal Pradesh,BILASPUR,Groundnut,Kharif     
Himachal Pradesh,CHAMBA,Groundnut,Kharif     
Himachal Pradesh,KULLU,Groundnut,Kharif     
Himachal Pradesh,MANDI,Groundnut,Kharif     
Himachal Pradesh,SHIMLA,Groundnut,Kharif     
Himachal Pradesh,SIRMAUR,Groundnut,Kharif     
Himachal Pradesh,SOLAN,Groundnut,Kharif     
Himachal Pradesh,UNA,Groundnut,Kharif     
Himachal Pradesh,BILASPUR,Horse-gram,Kharif     
Himachal Pradesh,CHAMBA,Horse-gram,Kharif     
Himachal Pradesh,HAMIRPUR,Horse-gram,Kharif     
Himachal Pradesh,KANGRA,Horse-gram,Kharif     
Himachal Pradesh,KULLU,Horse-gram,Kharif     
Himachal Pradesh,LAHUL AND SPITI,Horse-gram,Kharif     
Himachal Pradesh,MANDI,Horse-gram,Kharif     
Himachal Pradesh,SHIMLA,Horse-gram,Kharif     
Himachal Pradesh,SIRMAUR,Horse-gram,Kharif     
Himachal Pradesh,SOLAN,Horse-gram,Kharif     
Himachal Pradesh,UNA,Horse-gram,Kharif     
Himachal Pradesh,BILASPUR,Jowar,Kharif     
Himachal Pradesh,CHAMBA,Jowar,Kharif     
Himachal Pradesh,KANGRA,Jowar,Kharif     
Himachal Pradesh,CHAMBA,Linseed,Rabi       
Himachal Pradesh,HAMIRPUR,Linseed,Rabi       
Himachal Pradesh,KANGRA,Linseed,Rabi       
Himachal Pradesh,KULLU,Linseed,Rabi       
Himachal Pradesh,MANDI,Linseed,Rabi       
Himachal Pradesh,UNA,Linseed,Rabi       
Himachal Pradesh,BILASPUR,Maize,Kharif     
Himachal Pradesh,CHAMBA,Maize,Kharif     
Himachal Pradesh,HAMIRPUR,Maize,Kharif     
Himachal Pradesh,KANGRA,Maize,Kharif     
Himachal Pradesh,KINNAUR,Maize,Kharif     
Himachal Pradesh,KULLU,Maize,Kharif     
Himachal Pradesh,LAHUL AND SPITI,Maize,Kharif     
Himachal Pradesh,MANDI,Maize,Kharif     
Himachal Pradesh,SHIMLA,Maize,Kharif     
Himachal Pradesh,SIRMAUR,Maize,Kharif     
Himachal Pradesh,SOLAN,Maize,Kharif     
Himachal Pradesh,UNA,Maize,Kharif     
Himachal Pradesh,BILASPUR,Masoor,Rabi       
Himachal Pradesh,CHAMBA,Masoor,Rabi       
Himachal Pradesh,HAMIRPUR,Masoor,Rabi       
Himachal Pradesh,KANGRA,Masoor,Rabi       
Himachal Pradesh,KINNAUR,Masoor,Rabi       
Himachal Pradesh,KULLU,Masoor,Rabi       
Himachal Pradesh,LAHUL AND SPITI,Masoor,Kharif     
Himachal Pradesh,MANDI,Masoor,Rabi       
Himachal Pradesh,SHIMLA,Masoor,Rabi       
Himachal Pradesh,SIRMAUR,Masoor,Rabi       
Himachal Pradesh,SOLAN,Masoor,Rabi       
Himachal Pradesh,UNA,Masoor,Rabi       
Himachal Pradesh,BILASPUR,Moong(Green Gram),Kharif     
Himachal Pradesh,CHAMBA,Moong(Green Gram),Kharif     
Himachal Pradesh,HAMIRPUR,Moong(Green Gram),Kharif     
Himachal Pradesh,KANGRA,Moong(Green Gram),Kharif     
Himachal Pradesh,KULLU,Moong(Green Gram),Kharif     
Himachal Pradesh,MANDI,Moong(Green Gram),Kharif     
Himachal Pradesh,SHIMLA,Moong(Green Gram),Kharif     
Himachal Pradesh,SIRMAUR,Moong(Green Gram),Kharif     
Himachal Pradesh,SOLAN,Moong(Green Gram),Kharif     
Himachal Pradesh,UNA,Moong(Green Gram),Kharif     
Himachal Pradesh,CHAMBA,Moth,Kharif     
Himachal Pradesh,KANGRA,Moth,Kharif     
Himachal Pradesh,MANDI,Moth,Kharif     
Himachal Pradesh,SOLAN,Moth,Kharif     
Himachal Pradesh,UNA,Moth,Kharif     
Himachal Pradesh,BILASPUR,Onion,Whole Year 
Himachal Pradesh,CHAMBA,Onion,Whole Year 
Himachal Pradesh,HAMIRPUR,Onion,Whole Year 
Himachal Pradesh,KANGRA,Onion,Whole Year 
Himachal Pradesh,KULLU,Onion,Whole Year 
Himachal Pradesh,MANDI,Onion,Whole Year 
Himachal Pradesh,SHIMLA,Onion,Whole Year 
Himachal Pradesh,SIRMAUR,Onion,Whole Year 
Himachal Pradesh,SOLAN,Onion,Whole Year 
Himachal Pradesh,UNA,Onion,Whole Year 
Himachal Pradesh,BILASPUR,Other  Rabi pulses,Rabi       
Himachal Pradesh,CHAMBA,Other  Rabi pulses,Rabi       
Himachal Pradesh,HAMIRPUR,Other  Rabi pulses,Rabi       
Himachal Pradesh,KANGRA,Other  Rabi pulses,Rabi       
Himachal Pradesh,KINNAUR,Other  Rabi pulses,Rabi       
Himachal Pradesh,KULLU,Other  Rabi pulses,Rabi       
Himachal Pradesh,MANDI,Other  Rabi pulses,Rabi       
Himachal Pradesh,SHIMLA,Other  Rabi pulses,Rabi       
Himachal Pradesh,SIRMAUR,Other  Rabi pulses,Rabi       
Himachal Pradesh,SOLAN,Other  Rabi pulses,Rabi       
Himachal Pradesh,UNA,Other  Rabi pulses,Rabi       
Himachal Pradesh,BILASPUR,Other Kharif pulses,Kharif     
Himachal Pradesh,CHAMBA,Other Kharif pulses,Kharif     
Himachal Pradesh,HAMIRPUR,Other Kharif pulses,Kharif     
Himachal Pradesh,KANGRA,Other Kharif pulses,Kharif     
Himachal Pradesh,KINNAUR,Other Kharif pulses,Kharif     
Himachal Pradesh,KULLU,Other Kharif pulses,Kharif     
Himachal Pradesh,LAHUL AND SPITI,Other Kharif pulses,Kharif     
Himachal Pradesh,MANDI,Other Kharif pulses,Kharif     
Himachal Pradesh,SHIMLA,Other Kharif pulses,Kharif     
Himachal Pradesh,SIRMAUR,Other Kharif pulses,Kharif     
Himachal Pradesh,SOLAN,Other Kharif pulses,Kharif     
Himachal Pradesh,UNA,Other Kharif pulses,Kharif     
Himachal Pradesh,BILASPUR,Peas & beans (Pulses),Kharif     
Himachal Pradesh,CHAMBA,Peas & beans (Pulses),Rabi       
Himachal Pradesh,HAMIRPUR,Peas & beans (Pulses),Rabi       
Himachal Pradesh,KANGRA,Peas & beans (Pulses),Kharif     
Himachal Pradesh,KINNAUR,Peas & beans (Pulses),Kharif     
Himachal Pradesh,KULLU,Peas & beans (Pulses),Rabi       
Himachal Pradesh,LAHUL AND SPITI,Peas & beans (Pulses),Rabi       
Himachal Pradesh,MANDI,Peas & beans (Pulses),Kharif     
Himachal Pradesh,SHIMLA,Peas & beans (Pulses),Kharif     
Himachal Pradesh,SIRMAUR,Peas & beans (Pulses),Rabi       
Himachal Pradesh,SOLAN,Peas & beans (Pulses),Rabi       
Himachal Pradesh,UNA,Peas & beans (Pulses),Kharif     
Himachal Pradesh,BILASPUR,Potato,Rabi       
Himachal Pradesh,CHAMBA,Potato,Kharif     
Himachal Pradesh,HAMIRPUR,Potato,Rabi       
Himachal Pradesh,KANGRA,Potato,Kharif     
Himachal Pradesh,KINNAUR,Potato,Kharif     
Himachal Pradesh,KULLU,Potato,Kharif     
Himachal Pradesh,LAHUL AND SPITI,Potato,Kharif     
Himachal Pradesh,MANDI,Potato,Kharif     
Himachal Pradesh,SHIMLA,Potato,Kharif     
Himachal Pradesh,SIRMAUR,Potato,Kharif     
Himachal Pradesh,SOLAN,Potato,Kharif     
Himachal Pradesh,UNA,Potato,Kharif     
Himachal Pradesh,BILASPUR,Ragi,Kharif     
Himachal Pradesh,CHAMBA,Ragi,Kharif     
Himachal Pradesh,HAMIRPUR,Ragi,Kharif     
Himachal Pradesh,KANGRA,Ragi,Kharif     
Himachal Pradesh,KINNAUR,Ragi,Kharif     
Himachal Pradesh,KULLU,Ragi,Kharif     
Himachal Pradesh,MANDI,Ragi,Kharif     
Himachal Pradesh,SHIMLA,Ragi,Kharif     
Himachal Pradesh,SIRMAUR,Ragi,Kharif     
Himachal Pradesh,BILASPUR,Rapeseed &Mustard,Rabi       
Himachal Pradesh,CHAMBA,Rapeseed &Mustard,Rabi       
Himachal Pradesh,HAMIRPUR,Rapeseed &Mustard,Rabi       
Himachal Pradesh,KANGRA,Rapeseed &Mustard,Rabi       
Himachal Pradesh,KINNAUR,Rapeseed &Mustard,Rabi       
Himachal Pradesh,KULLU,Rapeseed &Mustard,Rabi       
Himachal Pradesh,LAHUL AND SPITI,Rapeseed &Mustard,Rabi       
Himachal Pradesh,MANDI,Rapeseed &Mustard,Rabi       
Himachal Pradesh,SHIMLA,Rapeseed &Mustard,Rabi       
Himachal Pradesh,SIRMAUR,Rapeseed &Mustard,Rabi       
Himachal Pradesh,SOLAN,Rapeseed &Mustard,Rabi       
Himachal Pradesh,UNA,Rapeseed &Mustard,Rabi       
Himachal Pradesh,BILASPUR,Rice,Kharif     
Himachal Pradesh,CHAMBA,Rice,Kharif     
Himachal Pradesh,HAMIRPUR,Rice,Kharif     
Himachal Pradesh,KANGRA,Rice,Kharif     
Himachal Pradesh,KINNAUR,Rice,Kharif     
Himachal Pradesh,KULLU,Rice,Kharif     
Himachal Pradesh,MANDI,Rice,Kharif     
Himachal Pradesh,SHIMLA,Rice,Kharif     
Himachal Pradesh,SIRMAUR,Rice,Kharif     
Himachal Pradesh,SOLAN,Rice,Kharif     
Himachal Pradesh,UNA,Rice,Kharif     
Himachal Pradesh,BILASPUR,Sannhamp,Whole Year 
Himachal Pradesh,HAMIRPUR,Sannhamp,Kharif     
Himachal Pradesh,KANGRA,Sannhamp,Whole Year 
Himachal Pradesh,SIRMAUR,Sannhamp,Kharif     
Himachal Pradesh,SOLAN,Sannhamp,Kharif     
Himachal Pradesh,UNA,Sannhamp,Whole Year 
Himachal Pradesh,BILASPUR,Sesamum,Kharif     
Himachal Pradesh,CHAMBA,Sesamum,Kharif     
Himachal Pradesh,HAMIRPUR,Sesamum,Kharif     
Himachal Pradesh,KANGRA,Sesamum,Kharif     
Himachal Pradesh,KINNAUR,Sesamum,Kharif     
Himachal Pradesh,MANDI,Sesamum,Kharif     
Himachal Pradesh,SHIMLA,Sesamum,Kharif     
Himachal Pradesh,SIRMAUR,Sesamum,Kharif     
Himachal Pradesh,SOLAN,Sesamum,Kharif     
Himachal Pradesh,UNA,Sesamum,Kharif     
Himachal Pradesh,BILASPUR,Small millets,Kharif     
Himachal Pradesh,CHAMBA,Small millets,Kharif     
Himachal Pradesh,HAMIRPUR,Small millets,Kharif     
Himachal Pradesh,KANGRA,Small millets,Kharif     
Himachal Pradesh,KINNAUR,Small millets,Kharif     
Himachal Pradesh,KULLU,Small millets,Kharif     
Himachal Pradesh,LAHUL AND SPITI,Small millets,Kharif     
Himachal Pradesh,MANDI,Small millets,Kharif     
Himachal Pradesh,SHIMLA,Small millets,Kharif     
Himachal Pradesh,SIRMAUR,Small millets,Kharif     
Himachal Pradesh,SOLAN,Small millets,Kharif     
Himachal Pradesh,UNA,Small millets,Kharif     
Himachal Pradesh,BILASPUR,Soyabean,Kharif     
Himachal Pradesh,CHAMBA,Soyabean,Kharif     
Himachal Pradesh,HAMIRPUR,Soyabean,Kharif     
Himachal Pradesh,KANGRA,Soyabean,Kharif     
Himachal Pradesh,KULLU,Soyabean,Kharif     
Himachal Pradesh,MANDI,Soyabean,Kharif     
Himachal Pradesh,SHIMLA,Soyabean,Kharif     
Himachal Pradesh,SIRMAUR,Soyabean,Kharif     
Himachal Pradesh,SOLAN,Soyabean,Kharif     
Himachal Pradesh,BILASPUR,Sugarcane,Whole Year 
Himachal Pradesh,HAMIRPUR,Sugarcane,Whole Year 
Himachal Pradesh,KANGRA,Sugarcane,Whole Year 
Himachal Pradesh,MANDI,Sugarcane,Whole Year 
Himachal Pradesh,SHIMLA,Sugarcane,Kharif     
Himachal Pradesh,SIRMAUR,Sugarcane,Whole Year 
Himachal Pradesh,SOLAN,Sugarcane,Whole Year 
Himachal Pradesh,UNA,Sugarcane,Whole Year 
Himachal Pradesh,BILASPUR,Sweet potato,Whole Year 
Himachal Pradesh,KANGRA,Sweet potato,Whole Year 
Himachal Pradesh,BILASPUR,Tobacco,Whole Year 
Himachal Pradesh,CHAMBA,Tobacco,Whole Year 
Himachal Pradesh,HAMIRPUR,Tobacco,Kharif     
Himachal Pradesh,KANGRA,Tobacco,Kharif     
Himachal Pradesh,KULLU,Tobacco,Whole Year 
Himachal Pradesh,SIRMAUR,Tobacco,Whole Year 
Himachal Pradesh,SOLAN,Tobacco,Kharif     
Himachal Pradesh,BILASPUR,Turmeric,Whole Year 
Himachal Pradesh,HAMIRPUR,Turmeric,Whole Year 
Himachal Pradesh,KANGRA,Turmeric,Whole Year 
Himachal Pradesh,KULLU,Turmeric,Kharif     
Himachal Pradesh,MANDI,Turmeric,Whole Year 
Himachal Pradesh,SHIMLA,Turmeric,Whole Year 
Himachal Pradesh,SIRMAUR,Turmeric,Whole Year 
Himachal Pradesh,SOLAN,Turmeric,Whole Year 
Himachal Pradesh,UNA,Turmeric,Whole Year 
Himachal Pradesh,BILASPUR,Urad,Kharif     
Himachal Pradesh,CHAMBA,Urad,Kharif     
Himachal Pradesh,HAMIRPUR,Urad,Kharif     
Himachal Pradesh,KANGRA,Urad,Kharif     
Himachal Pradesh,KINNAUR,Urad,Kharif     
Himachal Pradesh,KULLU,Urad,Kharif     
Himachal Pradesh,MANDI,Urad,Kharif     
Himachal Pradesh,SHIMLA,Urad,Kharif     
Himachal Pradesh,SIRMAUR,Urad,Kharif     
Himachal Pradesh,SOLAN,Urad,Kharif     
Himachal Pradesh,UNA,Urad,Kharif     
Himachal Pradesh,BILASPUR,Wheat,Rabi       
Himachal Pradesh,CHAMBA,Wheat,Rabi       
Himachal Pradesh,HAMIRPUR,Wheat,Rabi       
Himachal Pradesh,KANGRA,Wheat,Rabi       
Himachal Pradesh,KINNAUR,Wheat,Rabi       
Himachal Pradesh,KULLU,Wheat,Rabi       
Himachal Pradesh,LAHUL AND SPITI,Wheat,Rabi       
Himachal Pradesh,MANDI,Wheat,Rabi       
Himachal Pradesh,SHIMLA,Wheat,Rabi       
Himachal Pradesh,SIRMAUR,Wheat,Rabi       
Himachal Pradesh,SOLAN,Wheat,Rabi       
Himachal Pradesh,UNA,Wheat,Rabi       
Jammu and Kashmir,JAMMU,Arhar/Tur,Rabi       
Jammu and Kashmir,SAMBA,Arhar/Tur,Rabi       
Jammu and Kashmir,BANDIPORA,Bajra,Kharif     
Jammu and Kashmir,DODA,Bajra,Kharif     
Jammu and Kashmir,JAMMU,Bajra,Kharif     
Jammu and Kashmir,KATHUA,Bajra,Kharif     
Jammu and Kashmir,KISHTWAR,Bajra,Kharif     
Jammu and Kashmir,KUPWARA,Bajra,Kharif     
Jammu and Kashmir,LEH LADAKH,Bajra,Rabi       
Jammu and Kashmir,RAJAURI,Bajra,Kharif     
Jammu and Kashmir,REASI,Bajra,Kharif     
Jammu and Kashmir,SAMBA,Bajra,Kharif     
Jammu and Kashmir,UDHAMPUR,Bajra,Kharif     
Jammu and Kashmir,BANDIPORA,Barley,Rabi       
Jammu and Kashmir,BARAMULLA,Barley,Rabi       
Jammu and Kashmir,DODA,Barley,Kharif     
Jammu and Kashmir,GANDERBAL,Barley,Kharif     
Jammu and Kashmir,JAMMU,Barley,Rabi       
Jammu and Kashmir,KATHUA,Barley,Rabi       
Jammu and Kashmir,KISHTWAR,Barley,Kharif     
Jammu and Kashmir,LEH LADAKH,Barley,Rabi       
Jammu and Kashmir,RAJAURI,Barley,Rabi       
Jammu and Kashmir,RAMBAN,Barley,Rabi       
Jammu and Kashmir,REASI,Barley,Rabi       
Jammu and Kashmir,SAMBA,Barley,Kharif     
Jammu and Kashmir,SRINAGAR,Barley,Rabi       
Jammu and Kashmir,UDHAMPUR,Barley,Rabi       
Jammu and Kashmir,JAMMU,Coriander,Rabi       
Jammu and Kashmir,RAJAURI,Coriander,Rabi       
Jammu and Kashmir,JAMMU,Cotton(lint),Kharif     
Jammu and Kashmir,KATHUA,Cotton(lint),Kharif     
Jammu and Kashmir,RAJAURI,Cotton(lint),Kharif     
Jammu and Kashmir,REASI,Cotton(lint),Kharif     
Jammu and Kashmir,SAMBA,Cotton(lint),Kharif     
Jammu and Kashmir,UDHAMPUR,Cotton(lint),Kharif     
Jammu and Kashmir,BADGAM,Cowpea(Lobia),Kharif     
Jammu and Kashmir,BANDIPORA,Cowpea(Lobia),Kharif     
Jammu and Kashmir,BARAMULLA,Cowpea(Lobia),Kharif     
Jammu and Kashmir,JAMMU,Cowpea(Lobia),Rabi       
Jammu and Kashmir,KATHUA,Cowpea(Lobia),Rabi       
Jammu and Kashmir,KISHTWAR,Cowpea(Lobia),Rabi       
Jammu and Kashmir,SAMBA,Cowpea(Lobia),Rabi       
Jammu and Kashmir,ANANTNAG,Dry chillies,Whole Year 
Jammu and Kashmir,BADGAM,Dry chillies,Whole Year 
Jammu and Kashmir,BARAMULLA,Dry chillies,Kharif     
Jammu and Kashmir,JAMMU,Dry chillies,Kharif     
Jammu and Kashmir,KATHUA,Dry chillies,Whole Year 
Jammu and Kashmir,KULGAM,Dry chillies,Kharif     
Jammu and Kashmir,POONCH,Dry chillies,Whole Year 
Jammu and Kashmir,PULWAMA,Dry chillies,Whole Year 
Jammu and Kashmir,RAJAURI,Dry chillies,Whole Year 
Jammu and Kashmir,REASI,Dry chillies,Kharif     
Jammu and Kashmir,SAMBA,Dry chillies,Kharif     
Jammu and Kashmir,SRINAGAR,Dry chillies,Whole Year 
Jammu and Kashmir,UDHAMPUR,Dry chillies,Whole Year 
Jammu and Kashmir,ANANTNAG,Garlic,Rabi       
Jammu and Kashmir,BADGAM,Garlic,Whole Year 
Jammu and Kashmir,DODA,Garlic,Whole Year 
Jammu and Kashmir,JAMMU,Garlic,Whole Year 
Jammu and Kashmir,KATHUA,Garlic,Whole Year 
Jammu and Kashmir,KISHTWAR,Garlic,Rabi       
Jammu and Kashmir,POONCH,Garlic,Whole Year 
Jammu and Kashmir,PULWAMA,Garlic,Rabi       
Jammu and Kashmir,RAJAURI,Garlic,Whole Year 
Jammu and Kashmir,REASI,Garlic,Rabi       
Jammu and Kashmir,SRINAGAR,Garlic,Whole Year 
Jammu and Kashmir,UDHAMPUR,Garlic,Whole Year 
Jammu and Kashmir,JAMMU,Ginger,Kharif     
Jammu and Kashmir,KATHUA,Ginger,Kharif     
Jammu and Kashmir,POONCH,Ginger,Kharif     
Jammu and Kashmir,RAJAURI,Ginger,Kharif     
Jammu and Kashmir,REASI,Ginger,Kharif     
Jammu and Kashmir,SAMBA,Ginger,Kharif     
Jammu and Kashmir,UDHAMPUR,Ginger,Kharif     
Jammu and Kashmir,BARAMULLA,Gram,Rabi       
Jammu and Kashmir,DODA,Gram,Rabi       
Jammu and Kashmir,JAMMU,Gram,Rabi       
Jammu and Kashmir,KATHUA,Gram,Rabi       
Jammu and Kashmir,RAJAURI,Gram,Rabi       
Jammu and Kashmir,SAMBA,Gram,Rabi       
Jammu and Kashmir,JAMMU,Groundnut,Kharif     
Jammu and Kashmir,KATHUA,Groundnut,Kharif     
Jammu and Kashmir,SAMBA,Groundnut,Kharif     
Jammu and Kashmir,DODA,Horse-gram,Kharif     
Jammu and Kashmir,JAMMU,Horse-gram,Kharif     
Jammu and Kashmir,KATHUA,Horse-gram,Kharif     
Jammu and Kashmir,KISHTWAR,Horse-gram,Kharif     
Jammu and Kashmir,LEH LADAKH,Horse-gram,Rabi       
Jammu and Kashmir,RAJAURI,Horse-gram,Kharif     
Jammu and Kashmir,REASI,Horse-gram,Kharif     
Jammu and Kashmir,SAMBA,Horse-gram,Kharif     
Jammu and Kashmir,UDHAMPUR,Horse-gram,Kharif     
Jammu and Kashmir,JAMMU,Jowar,Kharif     
Jammu and Kashmir,KATHUA,Jowar,Kharif     
Jammu and Kashmir,RAJAURI,Jowar,Kharif     
Jammu and Kashmir,SAMBA,Jowar,Kharif     
Jammu and Kashmir,BADGAM,Linseed,Rabi       
Jammu and Kashmir,BANDIPORA,Linseed,Rabi       
Jammu and Kashmir,BARAMULLA,Linseed,Rabi       
Jammu and Kashmir,DODA,Linseed,Rabi       
Jammu and Kashmir,JAMMU,Linseed,Rabi       
Jammu and Kashmir,KATHUA,Linseed,Rabi       
Jammu and Kashmir,LEH LADAKH,Linseed,Rabi       
Jammu and Kashmir,POONCH,Linseed,Rabi       
Jammu and Kashmir,PULWAMA,Linseed,Rabi       
Jammu and Kashmir,RAJAURI,Linseed,Rabi       
Jammu and Kashmir,REASI,Linseed,Rabi       
Jammu and Kashmir,SAMBA,Linseed,Rabi       
Jammu and Kashmir,SRINAGAR,Linseed,Rabi       
Jammu and Kashmir,UDHAMPUR,Linseed,Rabi       
Jammu and Kashmir,ANANTNAG,Maize,Kharif     
Jammu and Kashmir,BADGAM,Maize,Kharif     
Jammu and Kashmir,BANDIPORA,Maize,Kharif     
Jammu and Kashmir,BARAMULLA,Maize,Kharif     
Jammu and Kashmir,DODA,Maize,Kharif     
Jammu and Kashmir,GANDERBAL,Maize,Kharif     
Jammu and Kashmir,JAMMU,Maize,Kharif     
Jammu and Kashmir,KATHUA,Maize,Kharif     
Jammu and Kashmir,KISHTWAR,Maize,Kharif     
Jammu and Kashmir,KULGAM,Maize,Kharif     
Jammu and Kashmir,KUPWARA,Maize,Kharif     
Jammu and Kashmir,POONCH,Maize,Kharif     
Jammu and Kashmir,PULWAMA,Maize,Kharif     
Jammu and Kashmir,RAJAURI,Maize,Kharif     
Jammu and Kashmir,RAMBAN,Maize,Kharif     
Jammu and Kashmir,REASI,Maize,Kharif     
Jammu and Kashmir,SAMBA,Maize,Kharif     
Jammu and Kashmir,SHOPIAN,Maize,Kharif     
Jammu and Kashmir,SRINAGAR,Maize,Kharif     
Jammu and Kashmir,UDHAMPUR,Maize,Kharif     
Jammu and Kashmir,BADGAM,Masoor,Kharif     
Jammu and Kashmir,BANDIPORA,Masoor,Kharif     
Jammu and Kashmir,BARAMULLA,Masoor,Kharif     
Jammu and Kashmir,DODA,Masoor,Rabi       
Jammu and Kashmir,JAMMU,Masoor,Rabi       
Jammu and Kashmir,KATHUA,Masoor,Rabi       
Jammu and Kashmir,KISHTWAR,Masoor,Rabi       
Jammu and Kashmir,LEH LADAKH,Masoor,Rabi       
Jammu and Kashmir,PULWAMA,Masoor,Rabi       
Jammu and Kashmir,RAJAURI,Masoor,Rabi       
Jammu and Kashmir,REASI,Masoor,Rabi       
Jammu and Kashmir,SAMBA,Masoor,Rabi       
Jammu and Kashmir,UDHAMPUR,Masoor,Rabi       
Jammu and Kashmir,ANANTNAG,Moong(Green Gram),Kharif     
Jammu and Kashmir,BADGAM,Moong(Green Gram),Kharif     
Jammu and Kashmir,BANDIPORA,Moong(Green Gram),Kharif     
Jammu and Kashmir,BARAMULLA,Moong(Green Gram),Kharif     
Jammu and Kashmir,DODA,Moong(Green Gram),Kharif     
Jammu and Kashmir,GANDERBAL,Moong(Green Gram),Kharif     
Jammu and Kashmir,JAMMU,Moong(Green Gram),Kharif     
Jammu and Kashmir,KATHUA,Moong(Green Gram),Kharif     
Jammu and Kashmir,KISHTWAR,Moong(Green Gram),Kharif     
Jammu and Kashmir,KULGAM,Moong(Green Gram),Kharif     
Jammu and Kashmir,PULWAMA,Moong(Green Gram),Kharif     
Jammu and Kashmir,RAJAURI,Moong(Green Gram),Kharif     
Jammu and Kashmir,REASI,Moong(Green Gram),Kharif     
Jammu and Kashmir,SAMBA,Moong(Green Gram),Kharif     
Jammu and Kashmir,SRINAGAR,Moong(Green Gram),Kharif     
Jammu and Kashmir,UDHAMPUR,Moong(Green Gram),Kharif     
Jammu and Kashmir,ANANTNAG,Moth,Kharif     
Jammu and Kashmir,BADGAM,Moth,Kharif     
Jammu and Kashmir,BANDIPORA,Moth,Kharif     
Jammu and Kashmir,BARAMULLA,Moth,Kharif     
Jammu and Kashmir,DODA,Moth,Kharif     
Jammu and Kashmir,GANDERBAL,Moth,Kharif     
Jammu and Kashmir,JAMMU,Moth,Kharif     
Jammu and Kashmir,KATHUA,Moth,Kharif     
Jammu and Kashmir,KULGAM,Moth,Kharif     
Jammu and Kashmir,KUPWARA,Moth,Kharif     
Jammu and Kashmir,POONCH,Moth,Kharif     
Jammu and Kashmir,PULWAMA,Moth,Kharif     
Jammu and Kashmir,RAJAURI,Moth,Rabi       
Jammu and Kashmir,REASI,Moth,Kharif     
Jammu and Kashmir,SHOPIAN,Moth,Kharif     
Jammu and Kashmir,SRINAGAR,Moth,Kharif     
Jammu and Kashmir,UDHAMPUR,Moth,Kharif     
Jammu and Kashmir,ANANTNAG,Onion,Whole Year 
Jammu and Kashmir,BADGAM,Onion,Whole Year 
Jammu and Kashmir,BARAMULLA,Onion,Kharif     
Jammu and Kashmir,DODA,Onion,Whole Year 
Jammu and Kashmir,GANDERBAL,Onion,Rabi       
Jammu and Kashmir,JAMMU,Onion,Whole Year 
Jammu and Kashmir,KATHUA,Onion,Whole Year 
Jammu and Kashmir,KISHTWAR,Onion,Rabi       
Jammu and Kashmir,KULGAM,Onion,Kharif     
Jammu and Kashmir,KUPWARA,Onion,Kharif     
Jammu and Kashmir,LEH LADAKH,Onion,Rabi       
Jammu and Kashmir,POONCH,Onion,Kharif     
Jammu and Kashmir,PULWAMA,Onion,Whole Year 
Jammu and Kashmir,RAMBAN,Onion,Rabi       
Jammu and Kashmir,REASI,Onion,Rabi       
Jammu and Kashmir,SAMBA,Onion,Kharif     
Jammu and Kashmir,SHOPIAN,Onion,Rabi       
Jammu and Kashmir,SRINAGAR,Onion,Whole Year 
Jammu and Kashmir,UDHAMPUR,Onion,Whole Year 
Jammu and Kashmir,BADGAM,Other  Rabi pulses,Rabi       
Jammu and Kashmir,BARAMULLA,Other  Rabi pulses,Rabi       
Jammu and Kashmir,DODA,Other  Rabi pulses,Rabi       
Jammu and Kashmir,JAMMU,Other  Rabi pulses,Rabi       
Jammu and Kashmir,KARGIL,Other  Rabi pulses,Rabi       
Jammu and Kashmir,KATHUA,Other  Rabi pulses,Rabi       
Jammu and Kashmir,KISHTWAR,Other  Rabi pulses,Rabi       
Jammu and Kashmir,KULGAM,Other  Rabi pulses,Rabi       
Jammu and Kashmir,LEH LADAKH,Other  Rabi pulses,Rabi       
Jammu and Kashmir,POONCH,Other  Rabi pulses,Rabi       
Jammu and Kashmir,PULWAMA,Other  Rabi pulses,Rabi       
Jammu and Kashmir,RAJAURI,Other  Rabi pulses,Rabi       
Jammu and Kashmir,REASI,Other  Rabi pulses,Rabi       
Jammu and Kashmir,SAMBA,Other  Rabi pulses,Rabi       
Jammu and Kashmir,SHOPIAN,Other  Rabi pulses,Rabi       
Jammu and Kashmir,SRINAGAR,Other  Rabi pulses,Rabi       
Jammu and Kashmir,UDHAMPUR,Other  Rabi pulses,Rabi       
Jammu and Kashmir,ANANTNAG,Other Cereals,Kharif     
Jammu and Kashmir,BADGAM,Other Cereals,Rabi       
Jammu and Kashmir,BANDIPORA,Other Cereals,Rabi       
Jammu and Kashmir,BARAMULLA,Other Cereals,Kharif     
Jammu and Kashmir,DODA,Other Cereals,Kharif     
Jammu and Kashmir,GANDERBAL,Other Cereals,Kharif     
Jammu and Kashmir,JAMMU,Other Cereals,Rabi       
Jammu and Kashmir,KARGIL,Other Cereals,Rabi       
Jammu and Kashmir,KATHUA,Other Cereals,Kharif     
Jammu and Kashmir,KISHTWAR,Other Cereals,Kharif     
Jammu and Kashmir,KULGAM,Other Cereals,Kharif     
Jammu and Kashmir,KUPWARA,Other Cereals,Kharif     
Jammu and Kashmir,LEH LADAKH,Other Cereals,Kharif     
Jammu and Kashmir,RAJAURI,Other Cereals,Kharif     
Jammu and Kashmir,RAMBAN,Other Cereals,Rabi       
Jammu and Kashmir,REASI,Other Cereals,Kharif     
Jammu and Kashmir,SAMBA,Other Cereals,Rabi       
Jammu and Kashmir,SRINAGAR,Other Cereals,Kharif     
Jammu and Kashmir,UDHAMPUR,Other Cereals,Kharif     
Jammu and Kashmir,ANANTNAG,Other Kharif pulses,Kharif     
Jammu and Kashmir,BADGAM,Other Kharif pulses,Kharif     
Jammu and Kashmir,BANDIPORA,Other Kharif pulses,Kharif     
Jammu and Kashmir,BARAMULLA,Other Kharif pulses,Kharif     
Jammu and Kashmir,DODA,Other Kharif pulses,Kharif     
Jammu and Kashmir,GANDERBAL,Other Kharif pulses,Kharif     
Jammu and Kashmir,JAMMU,Other Kharif pulses,Kharif     
Jammu and Kashmir,KATHUA,Other Kharif pulses,Kharif     
Jammu and Kashmir,KISHTWAR,Other Kharif pulses,Kharif     
Jammu and Kashmir,KULGAM,Other Kharif pulses,Kharif     
Jammu and Kashmir,KUPWARA,Other Kharif pulses,Kharif     
Jammu and Kashmir,POONCH,Other Kharif pulses,Kharif     
Jammu and Kashmir,PULWAMA,Other Kharif pulses,Kharif     
Jammu and Kashmir,RAJAURI,Other Kharif pulses,Kharif     
Jammu and Kashmir,REASI,Other Kharif pulses,Kharif     
Jammu and Kashmir,SAMBA,Other Kharif pulses,Kharif     
Jammu and Kashmir,SHOPIAN,Other Kharif pulses,Kharif     
Jammu and Kashmir,SRINAGAR,Other Kharif pulses,Kharif     
Jammu and Kashmir,UDHAMPUR,Other Kharif pulses,Kharif     
Jammu and Kashmir,BADGAM,other oilseeds,Rabi       
Jammu and Kashmir,BARAMULLA,other oilseeds,Rabi       
Jammu and Kashmir,DODA,other oilseeds,Rabi       
Jammu and Kashmir,JAMMU,other oilseeds,Kharif     
Jammu and Kashmir,KATHUA,other oilseeds,Rabi       
Jammu and Kashmir,LEH LADAKH,other oilseeds,Rabi       
Jammu and Kashmir,POONCH,other oilseeds,Rabi       
Jammu and Kashmir,RAJAURI,other oilseeds,Kharif     
Jammu and Kashmir,REASI,other oilseeds,Kharif     
Jammu and Kashmir,SAMBA,other oilseeds,Kharif     
Jammu and Kashmir,SRINAGAR,other oilseeds,Rabi       
Jammu and Kashmir,UDHAMPUR,other oilseeds,Rabi       
Jammu and Kashmir,ANANTNAG,Peas & beans (Pulses),Rabi       
Jammu and Kashmir,BADGAM,Peas & beans (Pulses),Rabi       
Jammu and Kashmir,BANDIPORA,Peas & beans (Pulses),Kharif     
Jammu and Kashmir,BARAMULLA,Peas & beans (Pulses),Kharif     
Jammu and Kashmir,DODA,Peas & beans (Pulses),Rabi       
Jammu and Kashmir,JAMMU,Peas & beans (Pulses),Rabi       
Jammu and Kashmir,KARGIL,Peas & beans (Pulses),Rabi       
Jammu and Kashmir,KATHUA,Peas & beans (Pulses),Rabi       
Jammu and Kashmir,KISHTWAR,Peas & beans (Pulses),Rabi       
Jammu and Kashmir,KULGAM,Peas & beans (Pulses),Rabi       
Jammu and Kashmir,LEH LADAKH,Peas & beans (Pulses),Rabi       
Jammu and Kashmir,PULWAMA,Peas & beans (Pulses),Rabi       
Jammu and Kashmir,RAJAURI,Peas & beans (Pulses),Rabi       
Jammu and Kashmir,RAMBAN,Peas & beans (Pulses),Rabi       
Jammu and Kashmir,REASI,Peas & beans (Pulses),Rabi       
Jammu and Kashmir,SAMBA,Peas & beans (Pulses),Rabi       
Jammu and Kashmir,SHOPIAN,Peas & beans (Pulses),Rabi       
Jammu and Kashmir,SRINAGAR,Peas & beans (Pulses),Rabi       
Jammu and Kashmir,UDHAMPUR,Peas & beans (Pulses),Rabi       
Jammu and Kashmir,ANANTNAG,Potato,Whole Year 
Jammu and Kashmir,BADGAM,Potato,Whole Year 
Jammu and Kashmir,BANDIPORA,Potato,Kharif     
Jammu and Kashmir,BARAMULLA,Potato,Whole Year 
Jammu and Kashmir,DODA,Potato,Whole Year 
Jammu and Kashmir,GANDERBAL,Potato,Kharif     
Jammu and Kashmir,JAMMU,Potato,Whole Year 
Jammu and Kashmir,KARGIL,Potato,Rabi       
Jammu and Kashmir,KATHUA,Potato,Whole Year 
Jammu and Kashmir,KISHTWAR,Potato,Kharif     
Jammu and Kashmir,KULGAM,Potato,Kharif     
Jammu and Kashmir,KUPWARA,Potato,Whole Year 
Jammu and Kashmir,LEH LADAKH,Potato,Rabi       
Jammu and Kashmir,POONCH,Potato,Whole Year 
Jammu and Kashmir,PULWAMA,Potato,Whole Year 
Jammu and Kashmir,RAJAURI,Potato,Whole Year 
Jammu and Kashmir,REASI,Potato,Rabi       
Jammu and Kashmir,SAMBA,Potato,Kharif     
Jammu and Kashmir,SHOPIAN,Potato,Kharif     
Jammu and Kashmir,SRINAGAR,Potato,Whole Year 
Jammu and Kashmir,UDHAMPUR,Potato,Whole Year 
Jammu and Kashmir,BANDIPORA,Ragi,Kharif     
Jammu and Kashmir,KARGIL,Ragi,Rabi       
Jammu and Kashmir,KISHTWAR,Ragi,Kharif     
Jammu and Kashmir,LEH LADAKH,Ragi,Rabi       
Jammu and Kashmir,UDHAMPUR,Ragi,Kharif     
Jammu and Kashmir,ANANTNAG,Rapeseed &Mustard,Rabi       
Jammu and Kashmir,BADGAM,Rapeseed &Mustard,Rabi       
Jammu and Kashmir,BANDIPORA,Rapeseed &Mustard,Rabi       
Jammu and Kashmir,BARAMULLA,Rapeseed &Mustard,Rabi       
Jammu and Kashmir,DODA,Rapeseed &Mustard,Rabi       
Jammu and Kashmir,GANDERBAL,Rapeseed &Mustard,Rabi       
Jammu and Kashmir,JAMMU,Rapeseed &Mustard,Rabi       
Jammu and Kashmir,KATHUA,Rapeseed &Mustard,Rabi       
Jammu and Kashmir,KISHTWAR,Rapeseed &Mustard,Rabi       
Jammu and Kashmir,KULGAM,Rapeseed &Mustard,Rabi       
Jammu and Kashmir,KUPWARA,Rapeseed &Mustard,Rabi       
Jammu and Kashmir,LEH LADAKH,Rapeseed &Mustard,Rabi       
Jammu and Kashmir,POONCH,Rapeseed &Mustard,Rabi       
Jammu and Kashmir,PULWAMA,Rapeseed &Mustard,Rabi       
Jammu and Kashmir,RAJAURI,Rapeseed &Mustard,Rabi       
Jammu and Kashmir,RAMBAN,Rapeseed &Mustard,Rabi       
Jammu and Kashmir,REASI,Rapeseed &Mustard,Rabi       
Jammu and Kashmir,SAMBA,Rapeseed &Mustard,Rabi       
Jammu and Kashmir,SHOPIAN,Rapeseed &Mustard,Rabi       
Jammu and Kashmir,SRINAGAR,Rapeseed &Mustard,Rabi       
Jammu and Kashmir,UDHAMPUR,Rapeseed &Mustard,Rabi       
Jammu and Kashmir,ANANTNAG,Rice,Kharif     
Jammu and Kashmir,BADGAM,Rice,Kharif     
Jammu and Kashmir,BANDIPORA,Rice,Kharif     
Jammu and Kashmir,BARAMULLA,Rice,Kharif     
Jammu and Kashmir,DODA,Rice,Kharif     
Jammu and Kashmir,GANDERBAL,Rice,Kharif     
Jammu and Kashmir,JAMMU,Rice,Kharif     
Jammu and Kashmir,KATHUA,Rice,Kharif     
Jammu and Kashmir,KISHTWAR,Rice,Kharif     
Jammu and Kashmir,KULGAM,Rice,Kharif     
Jammu and Kashmir,KUPWARA,Rice,Kharif     
Jammu and Kashmir,POONCH,Rice,Kharif     
Jammu and Kashmir,PULWAMA,Rice,Kharif     
Jammu and Kashmir,RAJAURI,Rice,Kharif     
Jammu and Kashmir,RAMBAN,Rice,Kharif     
Jammu and Kashmir,REASI,Rice,Kharif     
Jammu and Kashmir,SAMBA,Rice,Kharif     
Jammu and Kashmir,SHOPIAN,Rice,Kharif     
Jammu and Kashmir,SRINAGAR,Rice,Kharif     
Jammu and Kashmir,UDHAMPUR,Rice,Kharif     
Jammu and Kashmir,ANANTNAG,Sannhamp,Kharif     
Jammu and Kashmir,JAMMU,Sannhamp,Whole Year 
Jammu and Kashmir,KATHUA,Sannhamp,Whole Year 
Jammu and Kashmir,POONCH,Sannhamp,Whole Year 
Jammu and Kashmir,RAJAURI,Sannhamp,Whole Year 
Jammu and Kashmir,REASI,Sannhamp,Kharif     
Jammu and Kashmir,SAMBA,Sannhamp,Kharif     
Jammu and Kashmir,UDHAMPUR,Sannhamp,Whole Year 
Jammu and Kashmir,DODA,Sesamum,Kharif     
Jammu and Kashmir,GANDERBAL,Sesamum,Kharif     
Jammu and Kashmir,JAMMU,Sesamum,Kharif     
Jammu and Kashmir,KATHUA,Sesamum,Kharif     
Jammu and Kashmir,LEH LADAKH,Sesamum,Kharif     
Jammu and Kashmir,RAJAURI,Sesamum,Kharif     
Jammu and Kashmir,REASI,Sesamum,Kharif     
Jammu and Kashmir,SAMBA,Sesamum,Kharif     
Jammu and Kashmir,UDHAMPUR,Sesamum,Kharif     
Jammu and Kashmir,BANDIPORA,Small millets,Kharif     
Jammu and Kashmir,BARAMULLA,Small millets,Kharif     
Jammu and Kashmir,DODA,Small millets,Kharif     
Jammu and Kashmir,GANDERBAL,Small millets,Kharif     
Jammu and Kashmir,JAMMU,Small millets,Rabi       
Jammu and Kashmir,KARGIL,Small millets,Kharif     
Jammu and Kashmir,KATHUA,Small millets,Kharif     
Jammu and Kashmir,KISHTWAR,Small millets,Kharif     
Jammu and Kashmir,KUPWARA,Small millets,Kharif     
Jammu and Kashmir,LEH LADAKH,Small millets,Kharif     
Jammu and Kashmir,RAJAURI,Small millets,Kharif     
Jammu and Kashmir,REASI,Small millets,Kharif     
Jammu and Kashmir,SAMBA,Small millets,Rabi       
Jammu and Kashmir,SRINAGAR,Small millets,Kharif     
Jammu and Kashmir,UDHAMPUR,Small millets,Kharif     
Jammu and Kashmir,JAMMU,Sugarcane,Whole Year 
Jammu and Kashmir,KATHUA,Sugarcane,Whole Year 
Jammu and Kashmir,KISHTWAR,Sugarcane,Whole Year 
Jammu and Kashmir,RAJAURI,Sugarcane,Whole Year 
Jammu and Kashmir,SAMBA,Sugarcane,Kharif     
Jammu and Kashmir,UDHAMPUR,Sugarcane,Whole Year 
Jammu and Kashmir,JAMMU,Tobacco,Whole Year 
Jammu and Kashmir,KATHUA,Tobacco,Whole Year 
Jammu and Kashmir,RAJAURI,Tobacco,Whole Year 
Jammu and Kashmir,UDHAMPUR,Tobacco,Whole Year 
Jammu and Kashmir,JAMMU,Turmeric,Kharif     
Jammu and Kashmir,KATHUA,Turmeric,Whole Year 
Jammu and Kashmir,POONCH,Turmeric,Kharif     
Jammu and Kashmir,RAJAURI,Turmeric,Whole Year 
Jammu and Kashmir,REASI,Turmeric,Kharif     
Jammu and Kashmir,UDHAMPUR,Turmeric,Whole Year 
Jammu and Kashmir,ANANTNAG,Urad,Kharif     
Jammu and Kashmir,BADGAM,Urad,Kharif     
Jammu and Kashmir,BANDIPORA,Urad,Kharif     
Jammu and Kashmir,BARAMULLA,Urad,Kharif     
Jammu and Kashmir,DODA,Urad,Kharif     
Jammu and Kashmir,JAMMU,Urad,Kharif     
Jammu and Kashmir,KATHUA,Urad,Kharif     
Jammu and Kashmir,KISHTWAR,Urad,Kharif     
Jammu and Kashmir,KULGAM,Urad,Kharif     
Jammu and Kashmir,POONCH,Urad,Kharif     
Jammu and Kashmir,PULWAMA,Urad,Kharif     
Jammu and Kashmir,RAJAURI,Urad,Kharif     
Jammu and Kashmir,REASI,Urad,Kharif     
Jammu and Kashmir,SAMBA,Urad,Kharif     
Jammu and Kashmir,SRINAGAR,Urad,Kharif     
Jammu and Kashmir,UDHAMPUR,Urad,Kharif     
Jammu and Kashmir,ANANTNAG,Wheat,Rabi       
Jammu and Kashmir,BADGAM,Wheat,Rabi       
Jammu and Kashmir,BARAMULLA,Wheat,Rabi       
Jammu and Kashmir,DODA,Wheat,Rabi       
Jammu and Kashmir,JAMMU,Wheat,Rabi       
Jammu and Kashmir,KARGIL,Wheat,Rabi       
Jammu and Kashmir,KATHUA,Wheat,Rabi       
Jammu and Kashmir,KISHTWAR,Wheat,Kharif     
Jammu and Kashmir,KULGAM,Wheat,Rabi       
Jammu and Kashmir,KUPWARA,Wheat,Rabi       
Jammu and Kashmir,LEH LADAKH,Wheat,Rabi       
Jammu and Kashmir,POONCH,Wheat,Rabi       
Jammu and Kashmir,PULWAMA,Wheat,Rabi       
Jammu and Kashmir,RAJAURI,Wheat,Rabi       
Jammu and Kashmir,RAMBAN,Wheat,Rabi       
Jammu and Kashmir,REASI,Wheat,Rabi       
Jammu and Kashmir,SAMBA,Wheat,Rabi       
Jammu and Kashmir,SRINAGAR,Wheat,Rabi       
Jammu and Kashmir,UDHAMPUR,Wheat,Rabi       
Jharkhand,BOKARO,Arhar/Tur,Rabi       
Jharkhand,CHATRA,Arhar/Tur,Rabi       
Jharkhand,DEOGHAR,Arhar/Tur,Rabi       
Jharkhand,DHANBAD,Arhar/Tur,Rabi       
Jharkhand,DUMKA,Arhar/Tur,Rabi       
Jharkhand,EAST SINGHBUM,Arhar/Tur,Rabi       
Jharkhand,GARHWA,Arhar/Tur,Rabi       
Jharkhand,GIRIDIH,Arhar/Tur,Rabi       
Jharkhand,GODDA,Arhar/Tur,Rabi       
Jharkhand,GUMLA,Arhar/Tur,Rabi       
Jharkhand,HAZARIBAGH,Arhar/Tur,Rabi       
Jharkhand,JAMTARA,Arhar/Tur,Rabi       
Jharkhand,KHUNTI,Arhar/Tur,Rabi       
Jharkhand,KODERMA,Arhar/Tur,Rabi       
Jharkhand,LATEHAR,Arhar/Tur,Kharif     
Jharkhand,LOHARDAGA,Arhar/Tur,Rabi       
Jharkhand,PAKUR,Arhar/Tur,Rabi       
Jharkhand,PALAMU,Arhar/Tur,Rabi       
Jharkhand,RAMGARH,Arhar/Tur,Rabi       
Jharkhand,RANCHI,Arhar/Tur,Rabi       
Jharkhand,SAHEBGANJ,Arhar/Tur,Kharif     
Jharkhand,SARAIKELA KHARSAWAN,Arhar/Tur,Kharif     
Jharkhand,SIMDEGA,Arhar/Tur,Kharif     
Jharkhand,WEST SINGHBHUM,Arhar/Tur,Rabi       
Jharkhand,BOKARO,Bajra,Kharif     
Jharkhand,DHANBAD,Bajra,Kharif     
Jharkhand,DUMKA,Bajra,Kharif     
Jharkhand,EAST SINGHBUM,Bajra,Kharif     
Jharkhand,GIRIDIH,Bajra,Kharif     
Jharkhand,GODDA,Bajra,Kharif     
Jharkhand,HAZARIBAGH,Bajra,Kharif     
Jharkhand,JAMTARA,Bajra,Kharif     
Jharkhand,KHUNTI,Bajra,Kharif     
Jharkhand,KODERMA,Bajra,Kharif     
Jharkhand,PALAMU,Bajra,Kharif     
Jharkhand,RAMGARH,Bajra,Kharif     
Jharkhand,SAHEBGANJ,Bajra,Kharif     
Jharkhand,SARAIKELA KHARSAWAN,Bajra,Kharif     
Jharkhand,SIMDEGA,Bajra,Kharif     
Jharkhand,WEST SINGHBHUM,Bajra,Kharif     
Jharkhand,GARHWA,Barley,Rabi       
Jharkhand,GODDA,Barley,Rabi       
Jharkhand,HAZARIBAGH,Barley,Rabi       
Jharkhand,PALAMU,Barley,Rabi       
Jharkhand,BOKARO,Castor seed,Kharif     
Jharkhand,DEOGHAR,Castor seed,Kharif     
Jharkhand,DUMKA,Castor seed,Kharif     
Jharkhand,EAST SINGHBUM,Castor seed,Kharif     
Jharkhand,GODDA,Castor seed,Kharif     
Jharkhand,PALAMU,Castor seed,Kharif     
Jharkhand,SIMDEGA,Castor seed,Kharif     
Jharkhand,BOKARO,Gram,Rabi       
Jharkhand,CHATRA,Gram,Rabi       
Jharkhand,DEOGHAR,Gram,Rabi       
Jharkhand,DHANBAD,Gram,Rabi       
Jharkhand,DUMKA,Gram,Rabi       
Jharkhand,EAST SINGHBUM,Gram,Rabi       
Jharkhand,GARHWA,Gram,Rabi       
Jharkhand,GIRIDIH,Gram,Rabi       
Jharkhand,GODDA,Gram,Rabi       
Jharkhand,GUMLA,Gram,Rabi       
Jharkhand,HAZARIBAGH,Gram,Rabi       
Jharkhand,JAMTARA,Gram,Rabi       
Jharkhand,KHUNTI,Gram,Rabi       
Jharkhand,KODERMA,Gram,Rabi       
Jharkhand,LATEHAR,Gram,Rabi       
Jharkhand,LOHARDAGA,Gram,Rabi       
Jharkhand,PAKUR,Gram,Rabi       
Jharkhand,PALAMU,Gram,Rabi       
Jharkhand,RAMGARH,Gram,Rabi       
Jharkhand,RANCHI,Gram,Rabi       
Jharkhand,SAHEBGANJ,Gram,Rabi       
Jharkhand,SARAIKELA KHARSAWAN,Gram,Rabi       
Jharkhand,SIMDEGA,Gram,Rabi       
Jharkhand,WEST SINGHBHUM,Gram,Rabi       
Jharkhand,BOKARO,Groundnut,Kharif     
Jharkhand,CHATRA,Groundnut,Kharif     
Jharkhand,DEOGHAR,Groundnut,Kharif     
Jharkhand,DHANBAD,Groundnut,Kharif     
Jharkhand,DUMKA,Groundnut,Kharif     
Jharkhand,EAST SINGHBUM,Groundnut,Kharif     
Jharkhand,GARHWA,Groundnut,Kharif     
Jharkhand,GIRIDIH,Groundnut,Kharif     
Jharkhand,GODDA,Groundnut,Kharif     
Jharkhand,GUMLA,Groundnut,Kharif     
Jharkhand,HAZARIBAGH,Groundnut,Kharif     
Jharkhand,JAMTARA,Groundnut,Kharif     
Jharkhand,KHUNTI,Groundnut,Kharif     
Jharkhand,KODERMA,Groundnut,Kharif     
Jharkhand,LATEHAR,Groundnut,Kharif     
Jharkhand,LOHARDAGA,Groundnut,Kharif     
Jharkhand,PAKUR,Groundnut,Kharif     
Jharkhand,PALAMU,Groundnut,Kharif     
Jharkhand,RAMGARH,Groundnut,Kharif     
Jharkhand,RANCHI,Groundnut,Kharif     
Jharkhand,SAHEBGANJ,Groundnut,Kharif     
Jharkhand,SARAIKELA KHARSAWAN,Groundnut,Kharif     
Jharkhand,SIMDEGA,Groundnut,Kharif     
Jharkhand,WEST SINGHBHUM,Groundnut,Kharif     
Jharkhand,BOKARO,Horse-gram,Kharif     
Jharkhand,CHATRA,Horse-gram,Kharif     
Jharkhand,DEOGHAR,Horse-gram,Kharif     
Jharkhand,DHANBAD,Horse-gram,Kharif     
Jharkhand,DUMKA,Horse-gram,Kharif     
Jharkhand,EAST SINGHBUM,Horse-gram,Kharif     
Jharkhand,GARHWA,Horse-gram,Kharif     
Jharkhand,GIRIDIH,Horse-gram,Kharif     
Jharkhand,GODDA,Horse-gram,Kharif     
Jharkhand,GUMLA,Horse-gram,Kharif     
Jharkhand,HAZARIBAGH,Horse-gram,Kharif     
Jharkhand,JAMTARA,Horse-gram,Kharif     
Jharkhand,KHUNTI,Horse-gram,Kharif     
Jharkhand,KODERMA,Horse-gram,Kharif     
Jharkhand,LATEHAR,Horse-gram,Kharif     
Jharkhand,LOHARDAGA,Horse-gram,Kharif     
Jharkhand,PAKUR,Horse-gram,Kharif     
Jharkhand,PALAMU,Horse-gram,Kharif     
Jharkhand,RAMGARH,Horse-gram,Kharif     
Jharkhand,RANCHI,Horse-gram,Kharif     
Jharkhand,SAHEBGANJ,Horse-gram,Kharif     
Jharkhand,SARAIKELA KHARSAWAN,Horse-gram,Kharif     
Jharkhand,SIMDEGA,Horse-gram,Kharif     
Jharkhand,WEST SINGHBHUM,Horse-gram,Kharif     
Jharkhand,BOKARO,Jowar,Kharif     
Jharkhand,CHATRA,Jowar,Kharif     
Jharkhand,DHANBAD,Jowar,Kharif     
Jharkhand,DUMKA,Jowar,Kharif     
Jharkhand,EAST SINGHBUM,Jowar,Kharif     
Jharkhand,GARHWA,Jowar,Kharif     
Jharkhand,GIRIDIH,Jowar,Kharif     
Jharkhand,GODDA,Jowar,Kharif     
Jharkhand,GUMLA,Jowar,Kharif     
Jharkhand,HAZARIBAGH,Jowar,Kharif     
Jharkhand,JAMTARA,Jowar,Kharif     
Jharkhand,KHUNTI,Jowar,Kharif     
Jharkhand,KODERMA,Jowar,Kharif     
Jharkhand,LATEHAR,Jowar,Kharif     
Jharkhand,LOHARDAGA,Jowar,Kharif     
Jharkhand,PAKUR,Jowar,Kharif     
Jharkhand,PALAMU,Jowar,Kharif     
Jharkhand,RAMGARH,Jowar,Kharif     
Jharkhand,RANCHI,Jowar,Kharif     
Jharkhand,SAHEBGANJ,Jowar,Kharif     
Jharkhand,SARAIKELA KHARSAWAN,Jowar,Kharif     
Jharkhand,SIMDEGA,Jowar,Kharif     
Jharkhand,WEST SINGHBHUM,Jowar,Kharif     
Jharkhand,BOKARO,Linseed,Rabi       
Jharkhand,CHATRA,Linseed,Rabi       
Jharkhand,DEOGHAR,Linseed,Rabi       
Jharkhand,DHANBAD,Linseed,Rabi       
Jharkhand,DUMKA,Linseed,Rabi       
Jharkhand,EAST SINGHBUM,Linseed,Rabi       
Jharkhand,GARHWA,Linseed,Rabi       
Jharkhand,GIRIDIH,Linseed,Rabi       
Jharkhand,GODDA,Linseed,Rabi       
Jharkhand,GUMLA,Linseed,Rabi       
Jharkhand,HAZARIBAGH,Linseed,Rabi       
Jharkhand,JAMTARA,Linseed,Rabi       
Jharkhand,KHUNTI,Linseed,Rabi       
Jharkhand,KODERMA,Linseed,Rabi       
Jharkhand,LATEHAR,Linseed,Rabi       
Jharkhand,LOHARDAGA,Linseed,Rabi       
Jharkhand,PAKUR,Linseed,Rabi       
Jharkhand,PALAMU,Linseed,Rabi       
Jharkhand,RAMGARH,Linseed,Rabi       
Jharkhand,RANCHI,Linseed,Rabi       
Jharkhand,SAHEBGANJ,Linseed,Rabi       
Jharkhand,SARAIKELA KHARSAWAN,Linseed,Rabi       
Jharkhand,SIMDEGA,Linseed,Rabi       
Jharkhand,WEST SINGHBHUM,Linseed,Rabi       
Jharkhand,BOKARO,Maize,Autumn     
Jharkhand,CHATRA,Maize,Autumn     
Jharkhand,DEOGHAR,Maize,Autumn     
Jharkhand,DHANBAD,Maize,Autumn     
Jharkhand,DUMKA,Maize,Autumn     
Jharkhand,EAST SINGHBUM,Maize,Autumn     
Jharkhand,GARHWA,Maize,Autumn     
Jharkhand,GIRIDIH,Maize,Autumn     
Jharkhand,GODDA,Maize,Autumn     
Jharkhand,GUMLA,Maize,Autumn     
Jharkhand,HAZARIBAGH,Maize,Autumn     
Jharkhand,JAMTARA,Maize,Autumn     
Jharkhand,KHUNTI,Maize,Autumn     
Jharkhand,KODERMA,Maize,Autumn     
Jharkhand,LATEHAR,Maize,Autumn     
Jharkhand,LOHARDAGA,Maize,Autumn     
Jharkhand,PAKUR,Maize,Autumn     
Jharkhand,PALAMU,Maize,Autumn     
Jharkhand,RAMGARH,Maize,Autumn     
Jharkhand,RANCHI,Maize,Autumn     
Jharkhand,SAHEBGANJ,Maize,Autumn     
Jharkhand,SARAIKELA KHARSAWAN,Maize,Autumn     
Jharkhand,SIMDEGA,Maize,Autumn     
Jharkhand,WEST SINGHBHUM,Maize,Autumn     
Jharkhand,BOKARO,Masoor,Rabi       
Jharkhand,CHATRA,Masoor,Rabi       
Jharkhand,DEOGHAR,Masoor,Rabi       
Jharkhand,DHANBAD,Masoor,Rabi       
Jharkhand,DUMKA,Masoor,Rabi       
Jharkhand,EAST SINGHBUM,Masoor,Rabi       
Jharkhand,GARHWA,Masoor,Rabi       
Jharkhand,GIRIDIH,Masoor,Rabi       
Jharkhand,GODDA,Masoor,Rabi       
Jharkhand,GUMLA,Masoor,Rabi       
Jharkhand,HAZARIBAGH,Masoor,Rabi       
Jharkhand,JAMTARA,Masoor,Rabi       
Jharkhand,KHUNTI,Masoor,Rabi       
Jharkhand,KODERMA,Masoor,Rabi       
Jharkhand,LATEHAR,Masoor,Rabi       
Jharkhand,LOHARDAGA,Masoor,Rabi       
Jharkhand,PAKUR,Masoor,Rabi       
Jharkhand,PALAMU,Masoor,Rabi       
Jharkhand,RAMGARH,Masoor,Rabi       
Jharkhand,RANCHI,Masoor,Rabi       
Jharkhand,SAHEBGANJ,Masoor,Rabi       
Jharkhand,SARAIKELA KHARSAWAN,Masoor,Rabi       
Jharkhand,SIMDEGA,Masoor,Rabi       
Jharkhand,WEST SINGHBHUM,Masoor,Rabi       
Jharkhand,BOKARO,Moong(Green Gram),Kharif     
Jharkhand,CHATRA,Moong(Green Gram),Kharif     
Jharkhand,DEOGHAR,Moong(Green Gram),Kharif     
Jharkhand,DHANBAD,Moong(Green Gram),Kharif     
Jharkhand,DUMKA,Moong(Green Gram),Kharif     
Jharkhand,EAST SINGHBUM,Moong(Green Gram),Kharif     
Jharkhand,GARHWA,Moong(Green Gram),Kharif     
Jharkhand,GIRIDIH,Moong(Green Gram),Kharif     
Jharkhand,GODDA,Moong(Green Gram),Kharif     
Jharkhand,GUMLA,Moong(Green Gram),Kharif     
Jharkhand,HAZARIBAGH,Moong(Green Gram),Kharif     
Jharkhand,JAMTARA,Moong(Green Gram),Kharif     
Jharkhand,KHUNTI,Moong(Green Gram),Kharif     
Jharkhand,KODERMA,Moong(Green Gram),Kharif     
Jharkhand,LATEHAR,Moong(Green Gram),Kharif     
Jharkhand,LOHARDAGA,Moong(Green Gram),Kharif     
Jharkhand,PAKUR,Moong(Green Gram),Kharif     
Jharkhand,PALAMU,Moong(Green Gram),Kharif     
Jharkhand,RAMGARH,Moong(Green Gram),Kharif     
Jharkhand,RANCHI,Moong(Green Gram),Kharif     
Jharkhand,SAHEBGANJ,Moong(Green Gram),Kharif     
Jharkhand,SARAIKELA KHARSAWAN,Moong(Green Gram),Kharif     
Jharkhand,SIMDEGA,Moong(Green Gram),Kharif     
Jharkhand,WEST SINGHBHUM,Moong(Green Gram),Kharif     
Jharkhand,BOKARO,Niger seed,Kharif     
Jharkhand,CHATRA,Niger seed,Kharif     
Jharkhand,DEOGHAR,Niger seed,Kharif     
Jharkhand,DUMKA,Niger seed,Kharif     
Jharkhand,EAST SINGHBUM,Niger seed,Kharif     
Jharkhand,GARHWA,Niger seed,Kharif     
Jharkhand,GIRIDIH,Niger seed,Kharif     
Jharkhand,GODDA,Niger seed,Kharif     
Jharkhand,GUMLA,Niger seed,Kharif     
Jharkhand,HAZARIBAGH,Niger seed,Kharif     
Jharkhand,KHUNTI,Niger seed,Kharif     
Jharkhand,KODERMA,Niger seed,Kharif     
Jharkhand,LATEHAR,Niger seed,Kharif     
Jharkhand,LOHARDAGA,Niger seed,Kharif     
Jharkhand,PAKUR,Niger seed,Kharif     
Jharkhand,PALAMU,Niger seed,Kharif     
Jharkhand,RAMGARH,Niger seed,Kharif     
Jharkhand,RANCHI,Niger seed,Kharif     
Jharkhand,SARAIKELA KHARSAWAN,Niger seed,Kharif     
Jharkhand,SIMDEGA,Niger seed,Kharif     
Jharkhand,WEST SINGHBHUM,Niger seed,Kharif     
Jharkhand,BOKARO,Onion,Rabi       
Jharkhand,CHATRA,Onion,Rabi       
Jharkhand,DEOGHAR,Onion,Rabi       
Jharkhand,DHANBAD,Onion,Rabi       
Jharkhand,DUMKA,Onion,Rabi       
Jharkhand,EAST SINGHBUM,Onion,Rabi       
Jharkhand,GARHWA,Onion,Whole Year 
Jharkhand,GIRIDIH,Onion,Whole Year 
Jharkhand,GODDA,Onion,Rabi       
Jharkhand,GUMLA,Onion,Rabi       
Jharkhand,HAZARIBAGH,Onion,Whole Year 
Jharkhand,JAMTARA,Onion,Rabi       
Jharkhand,KHUNTI,Onion,Rabi       
Jharkhand,KODERMA,Onion,Rabi       
Jharkhand,LATEHAR,Onion,Rabi       
Jharkhand,LOHARDAGA,Onion,Rabi       
Jharkhand,PAKUR,Onion,Rabi       
Jharkhand,PALAMU,Onion,Rabi       
Jharkhand,RAMGARH,Onion,Rabi       
Jharkhand,RANCHI,Onion,Whole Year 
Jharkhand,SAHEBGANJ,Onion,Rabi       
Jharkhand,SARAIKELA KHARSAWAN,Onion,Rabi       
Jharkhand,SIMDEGA,Onion,Rabi       
Jharkhand,WEST SINGHBHUM,Onion,Rabi       
Jharkhand,BOKARO,Other  Rabi pulses,Rabi       
Jharkhand,CHATRA,Other  Rabi pulses,Rabi       
Jharkhand,DEOGHAR,Other  Rabi pulses,Rabi       
Jharkhand,DHANBAD,Other  Rabi pulses,Rabi       
Jharkhand,DUMKA,Other  Rabi pulses,Rabi       
Jharkhand,EAST SINGHBUM,Other  Rabi pulses,Rabi       
Jharkhand,GARHWA,Other  Rabi pulses,Rabi       
Jharkhand,GIRIDIH,Other  Rabi pulses,Rabi       
Jharkhand,GODDA,Other  Rabi pulses,Rabi       
Jharkhand,GUMLA,Other  Rabi pulses,Rabi       
Jharkhand,HAZARIBAGH,Other  Rabi pulses,Rabi       
Jharkhand,JAMTARA,Other  Rabi pulses,Rabi       
Jharkhand,KHUNTI,Other  Rabi pulses,Rabi       
Jharkhand,KODERMA,Other  Rabi pulses,Rabi       
Jharkhand,LATEHAR,Other  Rabi pulses,Rabi       
Jharkhand,LOHARDAGA,Other  Rabi pulses,Rabi       
Jharkhand,PAKUR,Other  Rabi pulses,Rabi       
Jharkhand,PALAMU,Other  Rabi pulses,Rabi       
Jharkhand,RAMGARH,Other  Rabi pulses,Rabi       
Jharkhand,RANCHI,Other  Rabi pulses,Rabi       
Jharkhand,SAHEBGANJ,Other  Rabi pulses,Rabi       
Jharkhand,SARAIKELA KHARSAWAN,Other  Rabi pulses,Rabi       
Jharkhand,SIMDEGA,Other  Rabi pulses,Rabi       
Jharkhand,WEST SINGHBHUM,Other  Rabi pulses,Rabi       
Jharkhand,BOKARO,Other Kharif pulses,Kharif     
Jharkhand,CHATRA,Other Kharif pulses,Kharif     
Jharkhand,DEOGHAR,Other Kharif pulses,Kharif     
Jharkhand,DHANBAD,Other Kharif pulses,Kharif     
Jharkhand,DUMKA,Other Kharif pulses,Kharif     
Jharkhand,EAST SINGHBUM,Other Kharif pulses,Kharif     
Jharkhand,GARHWA,Other Kharif pulses,Kharif     
Jharkhand,GIRIDIH,Other Kharif pulses,Kharif     
Jharkhand,GODDA,Other Kharif pulses,Kharif     
Jharkhand,GUMLA,Other Kharif pulses,Kharif     
Jharkhand,HAZARIBAGH,Other Kharif pulses,Kharif     
Jharkhand,JAMTARA,Other Kharif pulses,Kharif     
Jharkhand,KHUNTI,Other Kharif pulses,Kharif     
Jharkhand,KODERMA,Other Kharif pulses,Kharif     
Jharkhand,LATEHAR,Other Kharif pulses,Kharif     
Jharkhand,LOHARDAGA,Other Kharif pulses,Kharif     
Jharkhand,PAKUR,Other Kharif pulses,Kharif     
Jharkhand,PALAMU,Other Kharif pulses,Kharif     
Jharkhand,RAMGARH,Other Kharif pulses,Kharif     
Jharkhand,RANCHI,Other Kharif pulses,Kharif     
Jharkhand,SAHEBGANJ,Other Kharif pulses,Kharif     
Jharkhand,SARAIKELA KHARSAWAN,Other Kharif pulses,Kharif     
Jharkhand,SIMDEGA,Other Kharif pulses,Kharif     
Jharkhand,WEST SINGHBHUM,Other Kharif pulses,Kharif     
Jharkhand,BOKARO,Peas & beans (Pulses),Rabi       
Jharkhand,CHATRA,Peas & beans (Pulses),Rabi       
Jharkhand,DEOGHAR,Peas & beans (Pulses),Rabi       
Jharkhand,DHANBAD,Peas & beans (Pulses),Rabi       
Jharkhand,DUMKA,Peas & beans (Pulses),Rabi       
Jharkhand,EAST SINGHBUM,Peas & beans (Pulses),Rabi       
Jharkhand,GARHWA,Peas & beans (Pulses),Rabi       
Jharkhand,GIRIDIH,Peas & beans (Pulses),Rabi       
Jharkhand,GODDA,Peas & beans (Pulses),Rabi       
Jharkhand,GUMLA,Peas & beans (Pulses),Rabi       
Jharkhand,HAZARIBAGH,Peas & beans (Pulses),Rabi       
Jharkhand,JAMTARA,Peas & beans (Pulses),Rabi       
Jharkhand,KHUNTI,Peas & beans (Pulses),Rabi       
Jharkhand,KODERMA,Peas & beans (Pulses),Rabi       
Jharkhand,LATEHAR,Peas & beans (Pulses),Rabi       
Jharkhand,LOHARDAGA,Peas & beans (Pulses),Rabi       
Jharkhand,PAKUR,Peas & beans (Pulses),Rabi       
Jharkhand,PALAMU,Peas & beans (Pulses),Rabi       
Jharkhand,RAMGARH,Peas & beans (Pulses),Rabi       
Jharkhand,RANCHI,Peas & beans (Pulses),Rabi       
Jharkhand,SAHEBGANJ,Peas & beans (Pulses),Rabi       
Jharkhand,SARAIKELA KHARSAWAN,Peas & beans (Pulses),Rabi       
Jharkhand,SIMDEGA,Peas & beans (Pulses),Rabi       
Jharkhand,WEST SINGHBHUM,Peas & beans (Pulses),Rabi       
Jharkhand,BOKARO,Potato,Rabi       
Jharkhand,CHATRA,Potato,Winter     
Jharkhand,DEOGHAR,Potato,Rabi       
Jharkhand,DHANBAD,Potato,Rabi       
Jharkhand,DUMKA,Potato,Rabi       
Jharkhand,EAST SINGHBUM,Potato,Rabi       
Jharkhand,GARHWA,Potato,Rabi       
Jharkhand,GIRIDIH,Potato,Rabi       
Jharkhand,GODDA,Potato,Rabi       
Jharkhand,GUMLA,Potato,Rabi       
Jharkhand,HAZARIBAGH,Potato,Rabi       
Jharkhand,JAMTARA,Potato,Rabi       
Jharkhand,KHUNTI,Potato,Rabi       
Jharkhand,KODERMA,Potato,Rabi       
Jharkhand,LATEHAR,Potato,Rabi       
Jharkhand,LOHARDAGA,Potato,Rabi       
Jharkhand,PAKUR,Potato,Rabi       
Jharkhand,PALAMU,Potato,Rabi       
Jharkhand,RAMGARH,Potato,Rabi       
Jharkhand,RANCHI,Potato,Rabi       
Jharkhand,SAHEBGANJ,Potato,Rabi       
Jharkhand,SARAIKELA KHARSAWAN,Potato,Rabi       
Jharkhand,SIMDEGA,Potato,Rabi       
Jharkhand,WEST SINGHBHUM,Potato,Rabi       
Jharkhand,BOKARO,Ragi,Autumn     
Jharkhand,CHATRA,Ragi,Autumn     
Jharkhand,DEOGHAR,Ragi,Autumn     
Jharkhand,DHANBAD,Ragi,Autumn     
Jharkhand,DUMKA,Ragi,Autumn     
Jharkhand,EAST SINGHBUM,Ragi,Autumn     
Jharkhand,GARHWA,Ragi,Autumn     
Jharkhand,GIRIDIH,Ragi,Autumn     
Jharkhand,GODDA,Ragi,Autumn     
Jharkhand,GUMLA,Ragi,Autumn     
Jharkhand,HAZARIBAGH,Ragi,Autumn     
Jharkhand,JAMTARA,Ragi,Autumn     
Jharkhand,KHUNTI,Ragi,Autumn     
Jharkhand,KODERMA,Ragi,Autumn     
Jharkhand,LATEHAR,Ragi,Autumn     
Jharkhand,LOHARDAGA,Ragi,Autumn     
Jharkhand,PAKUR,Ragi,Autumn     
Jharkhand,PALAMU,Ragi,Autumn     
Jharkhand,RAMGARH,Ragi,Autumn     
Jharkhand,RANCHI,Ragi,Autumn     
Jharkhand,SAHEBGANJ,Ragi,Autumn     
Jharkhand,SARAIKELA KHARSAWAN,Ragi,Autumn     
Jharkhand,SIMDEGA,Ragi,Autumn     
Jharkhand,WEST SINGHBHUM,Ragi,Autumn     
Jharkhand,BOKARO,Rapeseed &Mustard,Rabi       
Jharkhand,CHATRA,Rapeseed &Mustard,Rabi       
Jharkhand,DEOGHAR,Rapeseed &Mustard,Rabi       
Jharkhand,DHANBAD,Rapeseed &Mustard,Rabi       
Jharkhand,DUMKA,Rapeseed &Mustard,Rabi       
Jharkhand,EAST SINGHBUM,Rapeseed &Mustard,Rabi       
Jharkhand,GARHWA,Rapeseed &Mustard,Rabi       
Jharkhand,GIRIDIH,Rapeseed &Mustard,Rabi       
Jharkhand,GODDA,Rapeseed &Mustard,Rabi       
Jharkhand,GUMLA,Rapeseed &Mustard,Rabi       
Jharkhand,HAZARIBAGH,Rapeseed &Mustard,Rabi       
Jharkhand,JAMTARA,Rapeseed &Mustard,Rabi       
Jharkhand,KHUNTI,Rapeseed &Mustard,Rabi       
Jharkhand,KODERMA,Rapeseed &Mustard,Rabi       
Jharkhand,LATEHAR,Rapeseed &Mustard,Rabi       
Jharkhand,LOHARDAGA,Rapeseed &Mustard,Rabi       
Jharkhand,PAKUR,Rapeseed &Mustard,Rabi       
Jharkhand,PALAMU,Rapeseed &Mustard,Rabi       
Jharkhand,RAMGARH,Rapeseed &Mustard,Rabi       
Jharkhand,RANCHI,Rapeseed &Mustard,Rabi       
Jharkhand,SAHEBGANJ,Rapeseed &Mustard,Rabi       
Jharkhand,SARAIKELA KHARSAWAN,Rapeseed &Mustard,Rabi       
Jharkhand,SIMDEGA,Rapeseed &Mustard,Rabi       
Jharkhand,WEST SINGHBHUM,Rapeseed &Mustard,Rabi       
Jharkhand,BOKARO,Rice,Winter     
Jharkhand,CHATRA,Rice,Winter     
Jharkhand,DEOGHAR,Rice,Autumn     
Jharkhand,DHANBAD,Rice,Winter     
Jharkhand,DUMKA,Rice,Autumn     
Jharkhand,EAST SINGHBUM,Rice,Autumn     
Jharkhand,GARHWA,Rice,Winter     
Jharkhand,GIRIDIH,Rice,Autumn     
Jharkhand,GODDA,Rice,Autumn     
Jharkhand,GUMLA,Rice,Autumn     
Jharkhand,HAZARIBAGH,Rice,Autumn     
Jharkhand,JAMTARA,Rice,Winter     
Jharkhand,KHUNTI,Rice,Autumn     
Jharkhand,KODERMA,Rice,Winter     
Jharkhand,LATEHAR,Rice,Autumn     
Jharkhand,LOHARDAGA,Rice,Autumn     
Jharkhand,PAKUR,Rice,Autumn     
Jharkhand,PALAMU,Rice,Autumn     
Jharkhand,RAMGARH,Rice,Autumn     
Jharkhand,RANCHI,Rice,Autumn     
Jharkhand,SAHEBGANJ,Rice,Winter     
Jharkhand,SARAIKELA KHARSAWAN,Rice,Winter     
Jharkhand,SIMDEGA,Rice,Autumn     
Jharkhand,WEST SINGHBHUM,Rice,Autumn     
Jharkhand,DEOGHAR,Safflower,Rabi       
Jharkhand,DUMKA,Safflower,Rabi       
Jharkhand,EAST SINGHBUM,Safflower,Rabi       
Jharkhand,GIRIDIH,Safflower,Rabi       
Jharkhand,GODDA,Safflower,Rabi       
Jharkhand,GUMLA,Safflower,Rabi       
Jharkhand,HAZARIBAGH,Safflower,Rabi       
Jharkhand,KHUNTI,Safflower,Rabi       
Jharkhand,KODERMA,Safflower,Rabi       
Jharkhand,PAKUR,Safflower,Rabi       
Jharkhand,PALAMU,Safflower,Rabi       
Jharkhand,RAMGARH,Safflower,Rabi       
Jharkhand,RANCHI,Safflower,Rabi       
Jharkhand,SARAIKELA KHARSAWAN,Safflower,Rabi       
Jharkhand,SIMDEGA,Safflower,Rabi       
Jharkhand,BOKARO,Sesamum,Kharif     
Jharkhand,CHATRA,Sesamum,Kharif     
Jharkhand,DEOGHAR,Sesamum,Kharif     
Jharkhand,DHANBAD,Sesamum,Kharif     
Jharkhand,DUMKA,Sesamum,Kharif     
Jharkhand,EAST SINGHBUM,Sesamum,Kharif     
Jharkhand,GARHWA,Sesamum,Kharif     
Jharkhand,GIRIDIH,Sesamum,Kharif     
Jharkhand,GODDA,Sesamum,Kharif     
Jharkhand,GUMLA,Sesamum,Kharif     
Jharkhand,HAZARIBAGH,Sesamum,Kharif     
Jharkhand,JAMTARA,Sesamum,Kharif     
Jharkhand,KHUNTI,Sesamum,Kharif     
Jharkhand,KODERMA,Sesamum,Kharif     
Jharkhand,LATEHAR,Sesamum,Kharif     
Jharkhand,PAKUR,Sesamum,Kharif     
Jharkhand,PALAMU,Sesamum,Kharif     
Jharkhand,RAMGARH,Sesamum,Kharif     
Jharkhand,RANCHI,Sesamum,Kharif     
Jharkhand,SAHEBGANJ,Sesamum,Kharif     
Jharkhand,SARAIKELA KHARSAWAN,Sesamum,Kharif     
Jharkhand,SIMDEGA,Sesamum,Kharif     
Jharkhand,WEST SINGHBHUM,Sesamum,Kharif     
Jharkhand,BOKARO,Soyabean,Kharif     
Jharkhand,CHATRA,Soyabean,Kharif     
Jharkhand,DEOGHAR,Soyabean,Kharif     
Jharkhand,DUMKA,Soyabean,Kharif     
Jharkhand,EAST SINGHBUM,Soyabean,Kharif     
Jharkhand,GARHWA,Soyabean,Kharif     
Jharkhand,GIRIDIH,Soyabean,Kharif     
Jharkhand,GODDA,Soyabean,Kharif     
Jharkhand,HAZARIBAGH,Soyabean,Kharif     
Jharkhand,JAMTARA,Soyabean,Kharif     
Jharkhand,KHUNTI,Soyabean,Kharif     
Jharkhand,KODERMA,Soyabean,Kharif     
Jharkhand,LATEHAR,Soyabean,Kharif     
Jharkhand,LOHARDAGA,Soyabean,Kharif     
Jharkhand,PAKUR,Soyabean,Kharif     
Jharkhand,PALAMU,Soyabean,Kharif     
Jharkhand,RAMGARH,Soyabean,Kharif     
Jharkhand,RANCHI,Soyabean,Kharif     
Jharkhand,SAHEBGANJ,Soyabean,Kharif     
Jharkhand,SARAIKELA KHARSAWAN,Soyabean,Kharif     
Jharkhand,SIMDEGA,Soyabean,Kharif     
Jharkhand,WEST SINGHBHUM,Soyabean,Kharif     
Jharkhand,CHATRA,Sugarcane,Whole Year 
Jharkhand,EAST SINGHBUM,Sugarcane,Whole Year 
Jharkhand,GARHWA,Sugarcane,Whole Year 
Jharkhand,GODDA,Sugarcane,Whole Year 
Jharkhand,GUMLA,Sugarcane,Whole Year 
Jharkhand,HAZARIBAGH,Sugarcane,Whole Year 
Jharkhand,KODERMA,Sugarcane,Whole Year 
Jharkhand,LATEHAR,Sugarcane,Whole Year 
Jharkhand,LOHARDAGA,Sugarcane,Whole Year 
Jharkhand,PAKUR,Sugarcane,Whole Year 
Jharkhand,PALAMU,Sugarcane,Whole Year 
Jharkhand,SAHEBGANJ,Sugarcane,Whole Year 
Jharkhand,SARAIKELA KHARSAWAN,Sugarcane,Whole Year 
Jharkhand,SIMDEGA,Sugarcane,Whole Year 
Jharkhand,BOKARO,Sunflower,Kharif     
Jharkhand,CHATRA,Sunflower,Rabi       
Jharkhand,DEOGHAR,Sunflower,Kharif     
Jharkhand,DUMKA,Sunflower,Kharif     
Jharkhand,EAST SINGHBUM,Sunflower,Kharif     
Jharkhand,GARHWA,Sunflower,Kharif     
Jharkhand,GIRIDIH,Sunflower,Kharif     
Jharkhand,GODDA,Sunflower,Kharif     
Jharkhand,KHUNTI,Sunflower,Rabi       
Jharkhand,KODERMA,Sunflower,Kharif     
Jharkhand,LATEHAR,Sunflower,Kharif     
Jharkhand,PAKUR,Sunflower,Rabi       
Jharkhand,PALAMU,Sunflower,Kharif     
Jharkhand,RANCHI,Sunflower,Rabi       
Jharkhand,SARAIKELA KHARSAWAN,Sunflower,Rabi       
Jharkhand,SIMDEGA,Sunflower,Kharif     
Jharkhand,BOKARO,Urad,Autumn     
Jharkhand,CHATRA,Urad,Autumn     
Jharkhand,DEOGHAR,Urad,Kharif     
Jharkhand,DHANBAD,Urad,Kharif     
Jharkhand,DUMKA,Urad,Autumn     
Jharkhand,EAST SINGHBUM,Urad,Autumn     
Jharkhand,GARHWA,Urad,Autumn     
Jharkhand,GIRIDIH,Urad,Autumn     
Jharkhand,GODDA,Urad,Kharif     
Jharkhand,GUMLA,Urad,Autumn     
Jharkhand,HAZARIBAGH,Urad,Autumn     
Jharkhand,JAMTARA,Urad,Kharif     
Jharkhand,KHUNTI,Urad,Autumn     
Jharkhand,KODERMA,Urad,Autumn     
Jharkhand,LATEHAR,Urad,Autumn     
Jharkhand,LOHARDAGA,Urad,Autumn     
Jharkhand,PAKUR,Urad,Autumn     
Jharkhand,PALAMU,Urad,Autumn     
Jharkhand,RAMGARH,Urad,Kharif     
Jharkhand,RANCHI,Urad,Autumn     
Jharkhand,SAHEBGANJ,Urad,Autumn     
Jharkhand,SARAIKELA KHARSAWAN,Urad,Autumn     
Jharkhand,SIMDEGA,Urad,Autumn     
Jharkhand,WEST SINGHBHUM,Urad,Autumn     
Jharkhand,BOKARO,Wheat,Rabi       
Jharkhand,CHATRA,Wheat,Rabi       
Jharkhand,DEOGHAR,Wheat,Rabi       
Jharkhand,DHANBAD,Wheat,Rabi       
Jharkhand,DUMKA,Wheat,Rabi       
Jharkhand,EAST SINGHBUM,Wheat,Rabi       
Jharkhand,GARHWA,Wheat,Rabi       
Jharkhand,GIRIDIH,Wheat,Rabi       
Jharkhand,GODDA,Wheat,Rabi       
Jharkhand,GUMLA,Wheat,Rabi       
Jharkhand,HAZARIBAGH,Wheat,Rabi       
Jharkhand,JAMTARA,Wheat,Rabi       
Jharkhand,KHUNTI,Wheat,Rabi       
Jharkhand,KODERMA,Wheat,Rabi       
Jharkhand,LATEHAR,Wheat,Rabi       
Jharkhand,LOHARDAGA,Wheat,Rabi       
Jharkhand,PAKUR,Wheat,Rabi       
Jharkhand,PALAMU,Wheat,Rabi       
Jharkhand,RAMGARH,Wheat,Rabi       
Jharkhand,RANCHI,Wheat,Rabi       
Jharkhand,SAHEBGANJ,Wheat,Rabi       
Jharkhand,SARAIKELA KHARSAWAN,Wheat,Rabi       
Jharkhand,SIMDEGA,Wheat,Rabi       
Jharkhand,WEST SINGHBHUM,Wheat,Rabi       
Karnataka,BAGALKOTE,Arecanut,Whole Year 
Karnataka,BALLARI,Arecanut,Whole Year 
Karnataka,BANGALORE RURAL,Arecanut,Whole Year 
Karnataka,BELAGAVI,Arecanut,Whole Year 
Karnataka,BENGALURU URBAN,Arecanut,Whole Year 
Karnataka,CHAMARAJANAGARA,Arecanut,Whole Year 
Karnataka,CHIKKABALLAPURA,Arecanut,Whole Year 
Karnataka,CHIKKAMAGALURU,Arecanut,Whole Year 
Karnataka,CHITRADURGA,Arecanut,Whole Year 
Karnataka,DAKSHINA KANNADA,Arecanut,Whole Year 
Karnataka,DAVANGERE,Arecanut,Whole Year 
Karnataka,DHARWAD,Arecanut,Whole Year 
Karnataka,GADAG,Arecanut,Whole Year 
Karnataka,HASSAN,Arecanut,Whole Year 
Karnataka,HAVERI,Arecanut,Whole Year 
Karnataka,KALABURAGI,Arecanut,Whole Year 
Karnataka,KODAGU,Arecanut,Whole Year 
Karnataka,KOLAR,Arecanut,Whole Year 
Karnataka,MANDYA,Arecanut,Whole Year 
Karnataka,MYSURU,Arecanut,Whole Year 
Karnataka,RAMANAGARA,Arecanut,Whole Year 
Karnataka,SHIVAMOGGA,Arecanut,Whole Year 
Karnataka,TUMAKURU,Arecanut,Whole Year 
Karnataka,UDUPI,Arecanut,Whole Year 
Karnataka,UTTARA KANNADA,Arecanut,Whole Year 
Karnataka,VIJAYAPURA,Arecanut,Whole Year 
Karnataka,BAGALKOTE,Arhar/Tur,Kharif     
Karnataka,BALLARI,Arhar/Tur,Kharif     
Karnataka,BANGALORE RURAL,Arhar/Tur,Kharif     
Karnataka,BELAGAVI,Arhar/Tur,Kharif     
Karnataka,BENGALURU URBAN,Arhar/Tur,Kharif     
Karnataka,BIDAR,Arhar/Tur,Kharif     
Karnataka,CHAMARAJANAGARA,Arhar/Tur,Kharif     
Karnataka,CHIKKABALLAPURA,Arhar/Tur,Kharif     
Karnataka,CHIKKAMAGALURU,Arhar/Tur,Kharif     
Karnataka,CHITRADURGA,Arhar/Tur,Kharif     
Karnataka,DAKSHINA KANNADA,Arhar/Tur,Kharif     
Karnataka,DAVANGERE,Arhar/Tur,Kharif     
Karnataka,DHARWAD,Arhar/Tur,Kharif     
Karnataka,GADAG,Arhar/Tur,Kharif     
Karnataka,HASSAN,Arhar/Tur,Kharif     
Karnataka,HAVERI,Arhar/Tur,Kharif     
Karnataka,KALABURAGI,Arhar/Tur,Kharif     
Karnataka,KODAGU,Arhar/Tur,Kharif     
Karnataka,KOLAR,Arhar/Tur,Kharif     
Karnataka,KOPPAL,Arhar/Tur,Kharif     
Karnataka,MANDYA,Arhar/Tur,Kharif     
Karnataka,MYSURU,Arhar/Tur,Kharif     
Karnataka,RAICHUR,Arhar/Tur,Kharif     
Karnataka,RAMANAGARA,Arhar/Tur,Kharif     
Karnataka,SHIVAMOGGA,Arhar/Tur,Kharif     
Karnataka,TUMAKURU,Arhar/Tur,Kharif     
Karnataka,UDUPI,Arhar/Tur,Kharif     
Karnataka,UTTARA KANNADA,Arhar/Tur,Kharif     
Karnataka,VIJAYAPURA,Arhar/Tur,Kharif     
Karnataka,YADAGIRI,Arhar/Tur,Kharif     
Karnataka,BAGALKOTE,Bajra,Kharif     
Karnataka,BALLARI,Bajra,Kharif     
Karnataka,BANGALORE RURAL,Bajra,Kharif     
Karnataka,BELAGAVI,Bajra,Kharif     
Karnataka,BENGALURU URBAN,Bajra,Kharif     
Karnataka,BIDAR,Bajra,Kharif     
Karnataka,CHAMARAJANAGARA,Bajra,Kharif     
Karnataka,CHIKKABALLAPURA,Bajra,Kharif     
Karnataka,CHIKKAMAGALURU,Bajra,Kharif     
Karnataka,CHITRADURGA,Bajra,Kharif     
Karnataka,DAKSHINA KANNADA,Bajra,Kharif     
Karnataka,DAVANGERE,Bajra,Kharif     
Karnataka,DHARWAD,Bajra,Kharif     
Karnataka,GADAG,Bajra,Kharif     
Karnataka,HASSAN,Bajra,Kharif     
Karnataka,HAVERI,Bajra,Kharif     
Karnataka,KALABURAGI,Bajra,Kharif     
Karnataka,KODAGU,Bajra,Kharif     
Karnataka,KOLAR,Bajra,Kharif     
Karnataka,KOPPAL,Bajra,Kharif     
Karnataka,MANDYA,Bajra,Kharif     
Karnataka,MYSURU,Bajra,Kharif     
Karnataka,RAICHUR,Bajra,Kharif     
Karnataka,RAMANAGARA,Bajra,Kharif     
Karnataka,SHIVAMOGGA,Bajra,Kharif     
Karnataka,TUMAKURU,Bajra,Kharif     
Karnataka,UDUPI,Bajra,Kharif     
Karnataka,UTTARA KANNADA,Bajra,Kharif     
Karnataka,VIJAYAPURA,Bajra,Kharif     
Karnataka,YADAGIRI,Bajra,Kharif     
Karnataka,BAGALKOTE,Banana,Whole Year 
Karnataka,BALLARI,Banana,Whole Year 
Karnataka,BANGALORE RURAL,Banana,Whole Year 
Karnataka,BELAGAVI,Banana,Whole Year 
Karnataka,BENGALURU URBAN,Banana,Whole Year 
Karnataka,BIDAR,Banana,Whole Year 
Karnataka,CHAMARAJANAGARA,Banana,Whole Year 
Karnataka,CHIKKABALLAPURA,Banana,Whole Year 
Karnataka,CHIKKAMAGALURU,Banana,Whole Year 
Karnataka,CHITRADURGA,Banana,Whole Year 
Karnataka,DAKSHINA KANNADA,Banana,Whole Year 
Karnataka,DAVANGERE,Banana,Whole Year 
Karnataka,DHARWAD,Banana,Whole Year 
Karnataka,GADAG,Banana,Whole Year 
Karnataka,HASSAN,Banana,Whole Year 
Karnataka,HAVERI,Banana,Whole Year 
Karnataka,KALABURAGI,Banana,Whole Year 
Karnataka,KODAGU,Banana,Whole Year 
Karnataka,KOLAR,Banana,Whole Year 
Karnataka,KOPPAL,Banana,Whole Year 
Karnataka,MANDYA,Banana,Whole Year 
Karnataka,MYSURU,Banana,Whole Year 
Karnataka,RAICHUR,Banana,Whole Year 
Karnataka,RAMANAGARA,Banana,Whole Year 
Karnataka,SHIVAMOGGA,Banana,Whole Year 
Karnataka,TUMAKURU,Banana,Whole Year 
Karnataka,UDUPI,Banana,Whole Year 
Karnataka,UTTARA KANNADA,Banana,Whole Year 
Karnataka,VIJAYAPURA,Banana,Whole Year 
Karnataka,BAGALKOTE,Black pepper,Whole Year 
Karnataka,BANGALORE RURAL,Black pepper,Whole Year 
Karnataka,BELAGAVI,Black pepper,Whole Year 
Karnataka,BENGALURU URBAN,Black pepper,Kharif     
Karnataka,BIDAR,Black pepper,Whole Year 
Karnataka,CHAMARAJANAGARA,Black pepper,Whole Year 
Karnataka,CHIKKAMAGALURU,Black pepper,Kharif     
Karnataka,CHITRADURGA,Black pepper,Whole Year 
Karnataka,DAKSHINA KANNADA,Black pepper,Kharif     
Karnataka,DAVANGERE,Black pepper,Whole Year 
Karnataka,DHARWAD,Black pepper,Whole Year 
Karnataka,GADAG,Black pepper,Whole Year 
Karnataka,HASSAN,Black pepper,Kharif     
Karnataka,HAVERI,Black pepper,Whole Year 
Karnataka,KALABURAGI,Black pepper,Whole Year 
Karnataka,KODAGU,Black pepper,Kharif     
Karnataka,MANDYA,Black pepper,Whole Year 
Karnataka,MYSURU,Black pepper,Kharif     
Karnataka,RAMANAGARA,Black pepper,Whole Year 
Karnataka,SHIVAMOGGA,Black pepper,Kharif     
Karnataka,TUMAKURU,Black pepper,Whole Year 
Karnataka,UDUPI,Black pepper,Whole Year 
Karnataka,UTTARA KANNADA,Black pepper,Kharif     
Karnataka,BAGALKOTE,Cardamom,Whole Year 
Karnataka,BANGALORE RURAL,Cardamom,Whole Year 
Karnataka,BELAGAVI,Cardamom,Whole Year 
Karnataka,BENGALURU URBAN,Cardamom,Whole Year 
Karnataka,BIDAR,Cardamom,Whole Year 
Karnataka,CHAMARAJANAGARA,Cardamom,Whole Year 
Karnataka,CHIKKAMAGALURU,Cardamom,Whole Year 
Karnataka,CHITRADURGA,Cardamom,Whole Year 
Karnataka,DAKSHINA KANNADA,Cardamom,Whole Year 
Karnataka,DAVANGERE,Cardamom,Whole Year 
Karnataka,HASSAN,Cardamom,Whole Year 
Karnataka,HAVERI,Cardamom,Whole Year 
Karnataka,KODAGU,Cardamom,Whole Year 
Karnataka,KOLAR,Cardamom,Whole Year 
Karnataka,MANDYA,Cardamom,Whole Year 
Karnataka,MYSURU,Cardamom,Whole Year 
Karnataka,RAMANAGARA,Cardamom,Whole Year 
Karnataka,SHIVAMOGGA,Cardamom,Whole Year 
Karnataka,TUMAKURU,Cardamom,Whole Year 
Karnataka,UDUPI,Cardamom,Whole Year 
Karnataka,UTTARA KANNADA,Cardamom,Whole Year 
Karnataka,BAGALKOTE,Cashewnut,Whole Year 
Karnataka,BALLARI,Cashewnut,Whole Year 
Karnataka,BANGALORE RURAL,Cashewnut,Whole Year 
Karnataka,BELAGAVI,Cashewnut,Whole Year 
Karnataka,BENGALURU URBAN,Cashewnut,Whole Year 
Karnataka,BIDAR,Cashewnut,Whole Year 
Karnataka,CHAMARAJANAGARA,Cashewnut,Whole Year 
Karnataka,CHIKKABALLAPURA,Cashewnut,Whole Year 
Karnataka,CHIKKAMAGALURU,Cashewnut,Whole Year 
Karnataka,CHITRADURGA,Cashewnut,Whole Year 
Karnataka,DAKSHINA KANNADA,Cashewnut,Whole Year 
Karnataka,DAVANGERE,Cashewnut,Whole Year 
Karnataka,DHARWAD,Cashewnut,Whole Year 
Karnataka,GADAG,Cashewnut,Whole Year 
Karnataka,HASSAN,Cashewnut,Whole Year 
Karnataka,HAVERI,Cashewnut,Whole Year 
Karnataka,KALABURAGI,Cashewnut,Whole Year 
Karnataka,KODAGU,Cashewnut,Whole Year 
Karnataka,KOLAR,Cashewnut,Whole Year 
Karnataka,KOPPAL,Cashewnut,Whole Year 
Karnataka,MANDYA,Cashewnut,Whole Year 
Karnataka,MYSURU,Cashewnut,Whole Year 
Karnataka,RAMANAGARA,Cashewnut,Whole Year 
Karnataka,SHIVAMOGGA,Cashewnut,Whole Year 
Karnataka,TUMAKURU,Cashewnut,Whole Year 
Karnataka,UDUPI,Cashewnut,Whole Year 
Karnataka,UTTARA KANNADA,Cashewnut,Whole Year 
Karnataka,YADAGIRI,Cashewnut,Whole Year 
Karnataka,BAGALKOTE,Castor seed,Kharif     
Karnataka,BALLARI,Castor seed,Kharif     
Karnataka,BANGALORE RURAL,Castor seed,Kharif     
Karnataka,BELAGAVI,Castor seed,Kharif     
Karnataka,BENGALURU URBAN,Castor seed,Kharif     
Karnataka,BIDAR,Castor seed,Kharif     
Karnataka,CHAMARAJANAGARA,Castor seed,Kharif     
Karnataka,CHIKKABALLAPURA,Castor seed,Kharif     
Karnataka,CHIKKAMAGALURU,Castor seed,Kharif     
Karnataka,CHITRADURGA,Castor seed,Kharif     
Karnataka,DAVANGERE,Castor seed,Kharif     
Karnataka,DHARWAD,Castor seed,Kharif     
Karnataka,GADAG,Castor seed,Kharif     
Karnataka,HASSAN,Castor seed,Kharif     
Karnataka,HAVERI,Castor seed,Kharif     
Karnataka,KALABURAGI,Castor seed,Kharif     
Karnataka,KODAGU,Castor seed,Kharif     
Karnataka,KOLAR,Castor seed,Kharif     
Karnataka,KOPPAL,Castor seed,Kharif     
Karnataka,MANDYA,Castor seed,Kharif     
Karnataka,MYSURU,Castor seed,Kharif     
Karnataka,RAICHUR,Castor seed,Kharif     
Karnataka,RAMANAGARA,Castor seed,Kharif     
Karnataka,SHIVAMOGGA,Castor seed,Kharif     
Karnataka,TUMAKURU,Castor seed,Kharif     
Karnataka,VIJAYAPURA,Castor seed,Kharif     
Karnataka,YADAGIRI,Castor seed,Kharif     
Karnataka,BAGALKOTE,Coconut ,Whole Year 
Karnataka,BALLARI,Coconut ,Whole Year 
Karnataka,BANGALORE RURAL,Coconut ,Whole Year 
Karnataka,BELAGAVI,Coconut ,Whole Year 
Karnataka,BENGALURU URBAN,Coconut ,Whole Year 
Karnataka,BIDAR,Coconut ,Whole Year 
Karnataka,CHAMARAJANAGARA,Coconut ,Whole Year 
Karnataka,CHIKKABALLAPURA,Coconut ,Whole Year 
Karnataka,CHIKKAMAGALURU,Coconut ,Whole Year 
Karnataka,CHITRADURGA,Coconut ,Whole Year 
Karnataka,DAKSHINA KANNADA,Coconut ,Whole Year 
Karnataka,DAVANGERE,Coconut ,Whole Year 
Karnataka,DHARWAD,Coconut ,Whole Year 
Karnataka,GADAG,Coconut ,Whole Year 
Karnataka,HASSAN,Coconut ,Whole Year 
Karnataka,HAVERI,Coconut ,Whole Year 
Karnataka,KALABURAGI,Coconut ,Whole Year 
Karnataka,KODAGU,Coconut ,Whole Year 
Karnataka,KOLAR,Coconut ,Whole Year 
Karnataka,KOPPAL,Coconut ,Whole Year 
Karnataka,MANDYA,Coconut ,Whole Year 
Karnataka,MYSURU,Coconut ,Whole Year 
Karnataka,RAICHUR,Coconut ,Whole Year 
Karnataka,RAMANAGARA,Coconut ,Whole Year 
Karnataka,SHIVAMOGGA,Coconut ,Whole Year 
Karnataka,TUMAKURU,Coconut ,Whole Year 
Karnataka,UDUPI,Coconut ,Whole Year 
Karnataka,UTTARA KANNADA,Coconut ,Whole Year 
Karnataka,VIJAYAPURA,Coconut ,Whole Year 
Karnataka,YADAGIRI,Coconut ,Whole Year 
Karnataka,BAGALKOTE,Coriander,Whole Year 
Karnataka,BALLARI,Coriander,Whole Year 
Karnataka,BANGALORE RURAL,Coriander,Whole Year 
Karnataka,BELAGAVI,Coriander,Whole Year 
Karnataka,BENGALURU URBAN,Coriander,Whole Year 
Karnataka,BIDAR,Coriander,Whole Year 
Karnataka,CHAMARAJANAGARA,Coriander,Whole Year 
Karnataka,CHIKKABALLAPURA,Coriander,Whole Year 
Karnataka,CHIKKAMAGALURU,Coriander,Whole Year 
Karnataka,CHITRADURGA,Coriander,Whole Year 
Karnataka,DAKSHINA KANNADA,Coriander,Whole Year 
Karnataka,DAVANGERE,Coriander,Whole Year 
Karnataka,DHARWAD,Coriander,Whole Year 
Karnataka,GADAG,Coriander,Whole Year 
Karnataka,HASSAN,Coriander,Whole Year 
Karnataka,HAVERI,Coriander,Whole Year 
Karnataka,KALABURAGI,Coriander,Whole Year 
Karnataka,KODAGU,Coriander,Whole Year 
Karnataka,KOLAR,Coriander,Whole Year 
Karnataka,KOPPAL,Coriander,Whole Year 
Karnataka,MANDYA,Coriander,Whole Year 
Karnataka,MYSURU,Coriander,Whole Year 
Karnataka,RAICHUR,Coriander,Whole Year 
Karnataka,RAMANAGARA,Coriander,Whole Year 
Karnataka,SHIVAMOGGA,Coriander,Whole Year 
Karnataka,TUMAKURU,Coriander,Whole Year 
Karnataka,UDUPI,Coriander,Whole Year 
Karnataka,UTTARA KANNADA,Coriander,Whole Year 
Karnataka,VIJAYAPURA,Coriander,Whole Year 
Karnataka,YADAGIRI,Coriander,Whole Year 
Karnataka,BAGALKOTE,Cotton(lint),Kharif     
Karnataka,BALLARI,Cotton(lint),Kharif     
Karnataka,BANGALORE RURAL,Cotton(lint),Kharif     
Karnataka,BELAGAVI,Cotton(lint),Kharif     
Karnataka,BENGALURU URBAN,Cotton(lint),Kharif     
Karnataka,BIDAR,Cotton(lint),Kharif     
Karnataka,CHAMARAJANAGARA,Cotton(lint),Kharif     
Karnataka,CHIKKABALLAPURA,Cotton(lint),Kharif     
Karnataka,CHIKKAMAGALURU,Cotton(lint),Kharif     
Karnataka,CHITRADURGA,Cotton(lint),Kharif     
Karnataka,DAKSHINA KANNADA,Cotton(lint),Kharif     
Karnataka,DAVANGERE,Cotton(lint),Kharif     
Karnataka,DHARWAD,Cotton(lint),Kharif     
Karnataka,GADAG,Cotton(lint),Kharif     
Karnataka,HASSAN,Cotton(lint),Kharif     
Karnataka,HAVERI,Cotton(lint),Kharif     
Karnataka,KALABURAGI,Cotton(lint),Kharif     
Karnataka,KODAGU,Cotton(lint),Kharif     
Karnataka,KOLAR,Cotton(lint),Kharif     
Karnataka,KOPPAL,Cotton(lint),Kharif     
Karnataka,MANDYA,Cotton(lint),Kharif     
Karnataka,MYSURU,Cotton(lint),Kharif     
Karnataka,RAICHUR,Cotton(lint),Kharif     
Karnataka,RAMANAGARA,Cotton(lint),Kharif     
Karnataka,SHIVAMOGGA,Cotton(lint),Kharif     
Karnataka,TUMAKURU,Cotton(lint),Kharif     
Karnataka,UTTARA KANNADA,Cotton(lint),Kharif     
Karnataka,VIJAYAPURA,Cotton(lint),Kharif     
Karnataka,YADAGIRI,Cotton(lint),Kharif     
Karnataka,BAGALKOTE,Cowpea(Lobia),Kharif     
Karnataka,BALLARI,Cowpea(Lobia),Kharif     
Karnataka,BANGALORE RURAL,Cowpea(Lobia),Kharif     
Karnataka,BELAGAVI,Cowpea(Lobia),Kharif     
Karnataka,BENGALURU URBAN,Cowpea(Lobia),Kharif     
Karnataka,BIDAR,Cowpea(Lobia),Kharif     
Karnataka,CHAMARAJANAGARA,Cowpea(Lobia),Kharif     
Karnataka,CHIKKABALLAPURA,Cowpea(Lobia),Kharif     
Karnataka,CHIKKAMAGALURU,Cowpea(Lobia),Kharif     
Karnataka,CHITRADURGA,Cowpea(Lobia),Kharif     
Karnataka,DAKSHINA KANNADA,Cowpea(Lobia),Rabi       
Karnataka,DAVANGERE,Cowpea(Lobia),Kharif     
Karnataka,DHARWAD,Cowpea(Lobia),Kharif     
Karnataka,GADAG,Cowpea(Lobia),Kharif     
Karnataka,HASSAN,Cowpea(Lobia),Kharif     
Karnataka,HAVERI,Cowpea(Lobia),Kharif     
Karnataka,KALABURAGI,Cowpea(Lobia),Kharif     
Karnataka,KODAGU,Cowpea(Lobia),Rabi       
Karnataka,KOLAR,Cowpea(Lobia),Kharif     
Karnataka,KOPPAL,Cowpea(Lobia),Kharif     
Karnataka,MANDYA,Cowpea(Lobia),Kharif     
Karnataka,MYSURU,Cowpea(Lobia),Kharif     
Karnataka,RAICHUR,Cowpea(Lobia),Kharif     
Karnataka,RAMANAGARA,Cowpea(Lobia),Kharif     
Karnataka,SHIVAMOGGA,Cowpea(Lobia),Kharif     
Karnataka,TUMAKURU,Cowpea(Lobia),Kharif     
Karnataka,UDUPI,Cowpea(Lobia),Rabi       
Karnataka,UTTARA KANNADA,Cowpea(Lobia),Rabi       
Karnataka,VIJAYAPURA,Cowpea(Lobia),Kharif     
Karnataka,YADAGIRI,Cowpea(Lobia),Kharif     
Karnataka,BAGALKOTE,Dry chillies,Whole Year 
Karnataka,BALLARI,Dry chillies,Kharif     
Karnataka,BANGALORE RURAL,Dry chillies,Whole Year 
Karnataka,BELAGAVI,Dry chillies,Kharif     
Karnataka,BENGALURU URBAN,Dry chillies,Kharif     
Karnataka,BIDAR,Dry chillies,Kharif     
Karnataka,CHAMARAJANAGARA,Dry chillies,Whole Year 
Karnataka,CHIKKABALLAPURA,Dry chillies,Kharif     
Karnataka,CHIKKAMAGALURU,Dry chillies,Kharif     
Karnataka,CHITRADURGA,Dry chillies,Kharif     
Karnataka,DAKSHINA KANNADA,Dry chillies,Kharif     
Karnataka,DAVANGERE,Dry chillies,Whole Year 
Karnataka,DHARWAD,Dry chillies,Kharif     
Karnataka,GADAG,Dry chillies,Whole Year 
Karnataka,HASSAN,Dry chillies,Kharif     
Karnataka,HAVERI,Dry chillies,Whole Year 
Karnataka,KALABURAGI,Dry chillies,Kharif     
Karnataka,KODAGU,Dry chillies,Rabi       
Karnataka,KOLAR,Dry chillies,Kharif     
Karnataka,KOPPAL,Dry chillies,Whole Year 
Karnataka,MANDYA,Dry chillies,Kharif     
Karnataka,MYSURU,Dry chillies,Kharif     
Karnataka,RAICHUR,Dry chillies,Kharif     
Karnataka,RAMANAGARA,Dry chillies,Kharif     
Karnataka,SHIVAMOGGA,Dry chillies,Kharif     
Karnataka,TUMAKURU,Dry chillies,Kharif     
Karnataka,UDUPI,Dry chillies,Whole Year 
Karnataka,UTTARA KANNADA,Dry chillies,Kharif     
Karnataka,VIJAYAPURA,Dry chillies,Kharif     
Karnataka,YADAGIRI,Dry chillies,Kharif     
Karnataka,BAGALKOTE,Garlic,Whole Year 
Karnataka,BALLARI,Garlic,Whole Year 
Karnataka,BANGALORE RURAL,Garlic,Whole Year 
Karnataka,BELAGAVI,Garlic,Whole Year 
Karnataka,BENGALURU URBAN,Garlic,Whole Year 
Karnataka,BIDAR,Garlic,Whole Year 
Karnataka,CHAMARAJANAGARA,Garlic,Whole Year 
Karnataka,CHIKKABALLAPURA,Garlic,Whole Year 
Karnataka,CHIKKAMAGALURU,Garlic,Whole Year 
Karnataka,CHITRADURGA,Garlic,Whole Year 
Karnataka,DAKSHINA KANNADA,Garlic,Whole Year 
Karnataka,DAVANGERE,Garlic,Whole Year 
Karnataka,DHARWAD,Garlic,Whole Year 
Karnataka,GADAG,Garlic,Whole Year 
Karnataka,HASSAN,Garlic,Whole Year 
Karnataka,HAVERI,Garlic,Whole Year 
Karnataka,KALABURAGI,Garlic,Whole Year 
Karnataka,KOLAR,Garlic,Whole Year 
Karnataka,KOPPAL,Garlic,Whole Year 
Karnataka,MANDYA,Garlic,Whole Year 
Karnataka,MYSURU,Garlic,Whole Year 
Karnataka,RAICHUR,Garlic,Whole Year 
Karnataka,RAMANAGARA,Garlic,Whole Year 
Karnataka,SHIVAMOGGA,Garlic,Whole Year 
Karnataka,TUMAKURU,Garlic,Whole Year 
Karnataka,VIJAYAPURA,Garlic,Whole Year 
Karnataka,YADAGIRI,Garlic,Whole Year 
Karnataka,BAGALKOTE,Ginger,Whole Year 
Karnataka,BALLARI,Ginger,Kharif     
Karnataka,BANGALORE RURAL,Ginger,Kharif     
Karnataka,BELAGAVI,Ginger,Whole Year 
Karnataka,BENGALURU URBAN,Ginger,Kharif     
Karnataka,BIDAR,Ginger,Kharif     
Karnataka,CHAMARAJANAGARA,Ginger,Whole Year 
Karnataka,CHIKKABALLAPURA,Ginger,Whole Year 
Karnataka,CHIKKAMAGALURU,Ginger,Kharif     
Karnataka,CHITRADURGA,Ginger,Kharif     
Karnataka,DAKSHINA KANNADA,Ginger,Kharif     
Karnataka,DAVANGERE,Ginger,Kharif     
Karnataka,DHARWAD,Ginger,Kharif     
Karnataka,GADAG,Ginger,Kharif     
Karnataka,HASSAN,Ginger,Kharif     
Karnataka,HAVERI,Ginger,Kharif     
Karnataka,KALABURAGI,Ginger,Kharif     
Karnataka,KODAGU,Ginger,Kharif     
Karnataka,KOLAR,Ginger,Kharif     
Karnataka,KOPPAL,Ginger,Whole Year 
Karnataka,MANDYA,Ginger,Kharif     
Karnataka,MYSURU,Ginger,Kharif     
Karnataka,RAICHUR,Ginger,Kharif     
Karnataka,RAMANAGARA,Ginger,Whole Year 
Karnataka,SHIVAMOGGA,Ginger,Kharif     
Karnataka,TUMAKURU,Ginger,Kharif     
Karnataka,UDUPI,Ginger,Kharif     
Karnataka,UTTARA KANNADA,Ginger,Kharif     
Karnataka,VIJAYAPURA,Ginger,Whole Year 
Karnataka,YADAGIRI,Ginger,Whole Year 
Karnataka,BAGALKOTE,Gram,Rabi       
Karnataka,BALLARI,Gram,Rabi       
Karnataka,BANGALORE RURAL,Gram,Rabi       
Karnataka,BELAGAVI,Gram,Rabi       
Karnataka,BENGALURU URBAN,Gram,Rabi       
Karnataka,BIDAR,Gram,Rabi       
Karnataka,CHAMARAJANAGARA,Gram,Rabi       
Karnataka,CHIKKABALLAPURA,Gram,Rabi       
Karnataka,CHIKKAMAGALURU,Gram,Rabi       
Karnataka,CHITRADURGA,Gram,Rabi       
Karnataka,DAKSHINA KANNADA,Gram,Rabi       
Karnataka,DAVANGERE,Gram,Rabi       
Karnataka,DHARWAD,Gram,Rabi       
Karnataka,GADAG,Gram,Rabi       
Karnataka,HASSAN,Gram,Rabi       
Karnataka,HAVERI,Gram,Rabi       
Karnataka,KALABURAGI,Gram,Rabi       
Karnataka,KODAGU,Gram,Rabi       
Karnataka,KOLAR,Gram,Rabi       
Karnataka,KOPPAL,Gram,Rabi       
Karnataka,MANDYA,Gram,Rabi       
Karnataka,MYSURU,Gram,Rabi       
Karnataka,RAICHUR,Gram,Rabi       
Karnataka,RAMANAGARA,Gram,Rabi       
Karnataka,SHIVAMOGGA,Gram,Rabi       
Karnataka,TUMAKURU,Gram,Rabi       
Karnataka,UDUPI,Gram,Rabi       
Karnataka,UTTARA KANNADA,Gram,Rabi       
Karnataka,VIJAYAPURA,Gram,Rabi       
Karnataka,YADAGIRI,Gram,Rabi       
Karnataka,BAGALKOTE,Groundnut,Kharif     
Karnataka,BALLARI,Groundnut,Kharif     
Karnataka,BANGALORE RURAL,Groundnut,Kharif     
Karnataka,BELAGAVI,Groundnut,Kharif     
Karnataka,BENGALURU URBAN,Groundnut,Kharif     
Karnataka,BIDAR,Groundnut,Kharif     
Karnataka,CHAMARAJANAGARA,Groundnut,Kharif     
Karnataka,CHIKKABALLAPURA,Groundnut,Kharif     
Karnataka,CHIKKAMAGALURU,Groundnut,Kharif     
Karnataka,CHITRADURGA,Groundnut,Kharif     
Karnataka,DAKSHINA KANNADA,Groundnut,Rabi       
Karnataka,DAVANGERE,Groundnut,Kharif     
Karnataka,DHARWAD,Groundnut,Kharif     
Karnataka,GADAG,Groundnut,Kharif     
Karnataka,HASSAN,Groundnut,Kharif     
Karnataka,HAVERI,Groundnut,Kharif     
Karnataka,KALABURAGI,Groundnut,Kharif     
Karnataka,KODAGU,Groundnut,Rabi       
Karnataka,KOLAR,Groundnut,Kharif     
Karnataka,KOPPAL,Groundnut,Kharif     
Karnataka,MANDYA,Groundnut,Kharif     
Karnataka,MYSURU,Groundnut,Kharif     
Karnataka,RAICHUR,Groundnut,Kharif     
Karnataka,RAMANAGARA,Groundnut,Kharif     
Karnataka,SHIVAMOGGA,Groundnut,Kharif     
Karnataka,TUMAKURU,Groundnut,Kharif     
Karnataka,UDUPI,Groundnut,Kharif     
Karnataka,UTTARA KANNADA,Groundnut,Kharif     
Karnataka,VIJAYAPURA,Groundnut,Kharif     
Karnataka,YADAGIRI,Groundnut,Kharif     
Karnataka,BAGALKOTE,Horse-gram,Kharif     
Karnataka,BALLARI,Horse-gram,Kharif     
Karnataka,BANGALORE RURAL,Horse-gram,Kharif     
Karnataka,BELAGAVI,Horse-gram,Kharif     
Karnataka,BENGALURU URBAN,Horse-gram,Kharif     
Karnataka,BIDAR,Horse-gram,Kharif     
Karnataka,CHAMARAJANAGARA,Horse-gram,Kharif     
Karnataka,CHIKKABALLAPURA,Horse-gram,Kharif     
Karnataka,CHIKKAMAGALURU,Horse-gram,Kharif     
Karnataka,CHITRADURGA,Horse-gram,Kharif     
Karnataka,DAKSHINA KANNADA,Horse-gram,Kharif     
Karnataka,DAVANGERE,Horse-gram,Kharif     
Karnataka,DHARWAD,Horse-gram,Kharif     
Karnataka,GADAG,Horse-gram,Kharif     
Karnataka,HASSAN,Horse-gram,Kharif     
Karnataka,HAVERI,Horse-gram,Kharif     
Karnataka,KALABURAGI,Horse-gram,Kharif     
Karnataka,KODAGU,Horse-gram,Rabi       
Karnataka,KOLAR,Horse-gram,Kharif     
Karnataka,KOPPAL,Horse-gram,Kharif     
Karnataka,MANDYA,Horse-gram,Kharif     
Karnataka,MYSURU,Horse-gram,Kharif     
Karnataka,RAICHUR,Horse-gram,Kharif     
Karnataka,RAMANAGARA,Horse-gram,Kharif     
Karnataka,SHIVAMOGGA,Horse-gram,Kharif     
Karnataka,TUMAKURU,Horse-gram,Kharif     
Karnataka,UDUPI,Horse-gram,Kharif     
Karnataka,UTTARA KANNADA,Horse-gram,Kharif     
Karnataka,VIJAYAPURA,Horse-gram,Kharif     
Karnataka,YADAGIRI,Horse-gram,Kharif     
Karnataka,BAGALKOTE,Jowar,Kharif     
Karnataka,BALLARI,Jowar,Kharif     
Karnataka,BANGALORE RURAL,Jowar,Kharif     
Karnataka,BELAGAVI,Jowar,Kharif     
Karnataka,BENGALURU URBAN,Jowar,Kharif     
Karnataka,BIDAR,Jowar,Kharif     
Karnataka,CHAMARAJANAGARA,Jowar,Kharif     
Karnataka,CHIKKABALLAPURA,Jowar,Kharif     
Karnataka,CHIKKAMAGALURU,Jowar,Kharif     
Karnataka,CHITRADURGA,Jowar,Kharif     
Karnataka,DAKSHINA KANNADA,Jowar,Rabi       
Karnataka,DAVANGERE,Jowar,Kharif     
Karnataka,DHARWAD,Jowar,Kharif     
Karnataka,GADAG,Jowar,Kharif     
Karnataka,HASSAN,Jowar,Kharif     
Karnataka,HAVERI,Jowar,Kharif     
Karnataka,KALABURAGI,Jowar,Kharif     
Karnataka,KODAGU,Jowar,Kharif     
Karnataka,KOLAR,Jowar,Kharif     
Karnataka,KOPPAL,Jowar,Kharif     
Karnataka,MANDYA,Jowar,Kharif     
Karnataka,MYSURU,Jowar,Kharif     
Karnataka,RAICHUR,Jowar,Kharif     
Karnataka,RAMANAGARA,Jowar,Rabi       
Karnataka,SHIVAMOGGA,Jowar,Kharif     
Karnataka,TUMAKURU,Jowar,Kharif     
Karnataka,UDUPI,Jowar,Kharif     
Karnataka,UTTARA KANNADA,Jowar,Kharif     
Karnataka,VIJAYAPURA,Jowar,Kharif     
Karnataka,YADAGIRI,Jowar,Kharif     
Karnataka,BAGALKOTE,Linseed,Rabi       
Karnataka,BALLARI,Linseed,Rabi       
Karnataka,BANGALORE RURAL,Linseed,Rabi       
Karnataka,BELAGAVI,Linseed,Rabi       
Karnataka,BENGALURU URBAN,Linseed,Rabi       
Karnataka,BIDAR,Linseed,Rabi       
Karnataka,CHAMARAJANAGARA,Linseed,Rabi       
Karnataka,CHIKKABALLAPURA,Linseed,Rabi       
Karnataka,CHIKKAMAGALURU,Linseed,Rabi       
Karnataka,CHITRADURGA,Linseed,Rabi       
Karnataka,DAVANGERE,Linseed,Rabi       
Karnataka,DHARWAD,Linseed,Rabi       
Karnataka,GADAG,Linseed,Rabi       
Karnataka,HASSAN,Linseed,Rabi       
Karnataka,HAVERI,Linseed,Rabi       
Karnataka,KALABURAGI,Linseed,Rabi       
Karnataka,KOPPAL,Linseed,Rabi       
Karnataka,MANDYA,Linseed,Rabi       
Karnataka,MYSURU,Linseed,Rabi       
Karnataka,RAICHUR,Linseed,Rabi       
Karnataka,SHIVAMOGGA,Linseed,Rabi       
Karnataka,TUMAKURU,Linseed,Rabi       
Karnataka,UTTARA KANNADA,Linseed,Rabi       
Karnataka,VIJAYAPURA,Linseed,Rabi       
Karnataka,YADAGIRI,Linseed,Rabi       
Karnataka,BAGALKOTE,Maize,Kharif     
Karnataka,BALLARI,Maize,Kharif     
Karnataka,BANGALORE RURAL,Maize,Kharif     
Karnataka,BELAGAVI,Maize,Kharif     
Karnataka,BENGALURU URBAN,Maize,Kharif     
Karnataka,BIDAR,Maize,Kharif     
Karnataka,CHAMARAJANAGARA,Maize,Kharif     
Karnataka,CHIKKABALLAPURA,Maize,Kharif     
Karnataka,CHIKKAMAGALURU,Maize,Kharif     
Karnataka,CHITRADURGA,Maize,Kharif     
Karnataka,DAKSHINA KANNADA,Maize,Summer     
Karnataka,DAVANGERE,Maize,Kharif     
Karnataka,DHARWAD,Maize,Kharif     
Karnataka,GADAG,Maize,Kharif     
Karnataka,HASSAN,Maize,Kharif     
Karnataka,HAVERI,Maize,Kharif     
Karnataka,KALABURAGI,Maize,Kharif     
Karnataka,KODAGU,Maize,Kharif     
Karnataka,KOLAR,Maize,Kharif     
Karnataka,KOPPAL,Maize,Kharif     
Karnataka,MANDYA,Maize,Kharif     
Karnataka,MYSURU,Maize,Kharif     
Karnataka,RAICHUR,Maize,Kharif     
Karnataka,RAMANAGARA,Maize,Kharif     
Karnataka,SHIVAMOGGA,Maize,Kharif     
Karnataka,TUMAKURU,Maize,Kharif     
Karnataka,UDUPI,Maize,Rabi       
Karnataka,UTTARA KANNADA,Maize,Kharif     
Karnataka,VIJAYAPURA,Maize,Kharif     
Karnataka,YADAGIRI,Maize,Kharif     
Karnataka,BAGALKOTE,Mesta,Kharif     
Karnataka,BALLARI,Mesta,Whole Year 
Karnataka,BANGALORE RURAL,Mesta,Whole Year 
Karnataka,BELAGAVI,Mesta,Kharif     
Karnataka,BIDAR,Mesta,Kharif     
Karnataka,DAVANGERE,Mesta,Kharif     
Karnataka,DHARWAD,Mesta,Kharif     
Karnataka,GADAG,Mesta,Kharif     
Karnataka,HASSAN,Mesta,Whole Year 
Karnataka,HAVERI,Mesta,Kharif     
Karnataka,KALABURAGI,Mesta,Kharif     
Karnataka,KOPPAL,Mesta,Whole Year 
Karnataka,MANDYA,Mesta,Whole Year 
Karnataka,MYSURU,Mesta,Whole Year 
Karnataka,RAICHUR,Mesta,Whole Year 
Karnataka,SHIVAMOGGA,Mesta,Kharif     
Karnataka,UTTARA KANNADA,Mesta,Kharif     
Karnataka,VIJAYAPURA,Mesta,Whole Year 
Karnataka,YADAGIRI,Mesta,Whole Year 
Karnataka,BAGALKOTE,Moong(Green Gram),Kharif     
Karnataka,BALLARI,Moong(Green Gram),Kharif     
Karnataka,BANGALORE RURAL,Moong(Green Gram),Kharif     
Karnataka,BELAGAVI,Moong(Green Gram),Kharif     
Karnataka,BENGALURU URBAN,Moong(Green Gram),Kharif     
Karnataka,BIDAR,Moong(Green Gram),Kharif     
Karnataka,CHAMARAJANAGARA,Moong(Green Gram),Kharif     
Karnataka,CHIKKABALLAPURA,Moong(Green Gram),Kharif     
Karnataka,CHIKKAMAGALURU,Moong(Green Gram),Kharif     
Karnataka,CHITRADURGA,Moong(Green Gram),Kharif     
Karnataka,DAKSHINA KANNADA,Moong(Green Gram),Kharif     
Karnataka,DAVANGERE,Moong(Green Gram),Kharif     
Karnataka,DHARWAD,Moong(Green Gram),Kharif     
Karnataka,GADAG,Moong(Green Gram),Kharif     
Karnataka,HASSAN,Moong(Green Gram),Kharif     
Karnataka,HAVERI,Moong(Green Gram),Kharif     
Karnataka,KALABURAGI,Moong(Green Gram),Kharif     
Karnataka,KODAGU,Moong(Green Gram),Kharif     
Karnataka,KOLAR,Moong(Green Gram),Kharif     
Karnataka,KOPPAL,Moong(Green Gram),Kharif     
Karnataka,MANDYA,Moong(Green Gram),Kharif     
Karnataka,MYSURU,Moong(Green Gram),Kharif     
Karnataka,RAICHUR,Moong(Green Gram),Kharif     
Karnataka,RAMANAGARA,Moong(Green Gram),Kharif     
Karnataka,SHIVAMOGGA,Moong(Green Gram),Kharif     
Karnataka,TUMAKURU,Moong(Green Gram),Kharif     
Karnataka,UDUPI,Moong(Green Gram),Kharif     
Karnataka,UTTARA KANNADA,Moong(Green Gram),Kharif     
Karnataka,VIJAYAPURA,Moong(Green Gram),Kharif     
Karnataka,YADAGIRI,Moong(Green Gram),Kharif     
Karnataka,BAGALKOTE,Niger seed,Kharif     
Karnataka,BALLARI,Niger seed,Kharif     
Karnataka,BANGALORE RURAL,Niger seed,Kharif     
Karnataka,BELAGAVI,Niger seed,Kharif     
Karnataka,BENGALURU URBAN,Niger seed,Kharif     
Karnataka,BIDAR,Niger seed,Kharif     
Karnataka,CHAMARAJANAGARA,Niger seed,Kharif     
Karnataka,CHIKKABALLAPURA,Niger seed,Kharif     
Karnataka,CHIKKAMAGALURU,Niger seed,Kharif     
Karnataka,CHITRADURGA,Niger seed,Kharif     
Karnataka,DAVANGERE,Niger seed,Kharif     
Karnataka,DHARWAD,Niger seed,Kharif     
Karnataka,GADAG,Niger seed,Kharif     
Karnataka,HASSAN,Niger seed,Kharif     
Karnataka,HAVERI,Niger seed,Kharif     
Karnataka,KALABURAGI,Niger seed,Kharif     
Karnataka,KODAGU,Niger seed,Kharif     
Karnataka,KOLAR,Niger seed,Kharif     
Karnataka,KOPPAL,Niger seed,Kharif     
Karnataka,MANDYA,Niger seed,Kharif     
Karnataka,MYSURU,Niger seed,Kharif     
Karnataka,RAICHUR,Niger seed,Kharif     
Karnataka,RAMANAGARA,Niger seed,Kharif     
Karnataka,SHIVAMOGGA,Niger seed,Kharif     
Karnataka,TUMAKURU,Niger seed,Kharif     
Karnataka,VIJAYAPURA,Niger seed,Kharif     
Karnataka,YADAGIRI,Niger seed,Kharif     
Karnataka,BAGALKOTE,Onion,Kharif     
Karnataka,BALLARI,Onion,Kharif     
Karnataka,BANGALORE RURAL,Onion,Kharif     
Karnataka,BELAGAVI,Onion,Kharif     
Karnataka,BENGALURU URBAN,Onion,Kharif     
Karnataka,BIDAR,Onion,Kharif     
Karnataka,CHAMARAJANAGARA,Onion,Kharif     
Karnataka,CHIKKABALLAPURA,Onion,Kharif     
Karnataka,CHIKKAMAGALURU,Onion,Kharif     
Karnataka,CHITRADURGA,Onion,Kharif     
Karnataka,DAVANGERE,Onion,Kharif     
Karnataka,DHARWAD,Onion,Kharif     
Karnataka,GADAG,Onion,Kharif     
Karnataka,HASSAN,Onion,Kharif     
Karnataka,HAVERI,Onion,Kharif     
Karnataka,KALABURAGI,Onion,Kharif     
Karnataka,KODAGU,Onion,Whole Year 
Karnataka,KOLAR,Onion,Kharif     
Karnataka,KOPPAL,Onion,Kharif     
Karnataka,MANDYA,Onion,Kharif     
Karnataka,MYSURU,Onion,Kharif     
Karnataka,RAICHUR,Onion,Kharif     
Karnataka,RAMANAGARA,Onion,Kharif     
Karnataka,SHIVAMOGGA,Onion,Whole Year 
Karnataka,TUMAKURU,Onion,Kharif     
Karnataka,UDUPI,Onion,Rabi       
Karnataka,UTTARA KANNADA,Onion,Summer     
Karnataka,VIJAYAPURA,Onion,Kharif     
Karnataka,YADAGIRI,Onion,Kharif     
Karnataka,BAGALKOTE,Other  Rabi pulses,Rabi       
Karnataka,BALLARI,Other  Rabi pulses,Rabi       
Karnataka,BANGALORE RURAL,Other  Rabi pulses,Rabi       
Karnataka,BELAGAVI,Other  Rabi pulses,Rabi       
Karnataka,BENGALURU URBAN,Other  Rabi pulses,Rabi       
Karnataka,BIDAR,Other  Rabi pulses,Rabi       
Karnataka,CHAMARAJANAGARA,Other  Rabi pulses,Rabi       
Karnataka,CHIKKABALLAPURA,Other  Rabi pulses,Rabi       
Karnataka,CHIKKAMAGALURU,Other  Rabi pulses,Rabi       
Karnataka,CHITRADURGA,Other  Rabi pulses,Rabi       
Karnataka,DAKSHINA KANNADA,Other  Rabi pulses,Rabi       
Karnataka,DAVANGERE,Other  Rabi pulses,Rabi       
Karnataka,DHARWAD,Other  Rabi pulses,Rabi       
Karnataka,GADAG,Other  Rabi pulses,Rabi       
Karnataka,HASSAN,Other  Rabi pulses,Rabi       
Karnataka,HAVERI,Other  Rabi pulses,Rabi       
Karnataka,KALABURAGI,Other  Rabi pulses,Rabi       
Karnataka,KODAGU,Other  Rabi pulses,Rabi       
Karnataka,KOLAR,Other  Rabi pulses,Rabi       
Karnataka,KOPPAL,Other  Rabi pulses,Rabi       
Karnataka,MANDYA,Other  Rabi pulses,Rabi       
Karnataka,MYSURU,Other  Rabi pulses,Rabi       
Karnataka,RAICHUR,Other  Rabi pulses,Rabi       
Karnataka,RAMANAGARA,Other  Rabi pulses,Rabi       
Karnataka,SHIVAMOGGA,Other  Rabi pulses,Rabi       
Karnataka,TUMAKURU,Other  Rabi pulses,Rabi       
Karnataka,UDUPI,Other  Rabi pulses,Rabi       
Karnataka,UTTARA KANNADA,Other  Rabi pulses,Rabi       
Karnataka,VIJAYAPURA,Other  Rabi pulses,Rabi       
Karnataka,YADAGIRI,Other  Rabi pulses,Rabi       
Karnataka,BAGALKOTE,Other Kharif pulses,Kharif     
Karnataka,BALLARI,Other Kharif pulses,Kharif     
Karnataka,BANGALORE RURAL,Other Kharif pulses,Kharif     
Karnataka,BELAGAVI,Other Kharif pulses,Kharif     
Karnataka,BENGALURU URBAN,Other Kharif pulses,Kharif     
Karnataka,BIDAR,Other Kharif pulses,Kharif     
Karnataka,CHAMARAJANAGARA,Other Kharif pulses,Kharif     
Karnataka,CHIKKABALLAPURA,Other Kharif pulses,Kharif     
Karnataka,CHIKKAMAGALURU,Other Kharif pulses,Kharif     
Karnataka,CHITRADURGA,Other Kharif pulses,Kharif     
Karnataka,DAKSHINA KANNADA,Other Kharif pulses,Kharif     
Karnataka,DAVANGERE,Other Kharif pulses,Kharif     
Karnataka,DHARWAD,Other Kharif pulses,Kharif     
Karnataka,GADAG,Other Kharif pulses,Kharif     
Karnataka,HASSAN,Other Kharif pulses,Kharif     
Karnataka,HAVERI,Other Kharif pulses,Kharif     
Karnataka,KALABURAGI,Other Kharif pulses,Kharif     
Karnataka,KODAGU,Other Kharif pulses,Kharif     
Karnataka,KOLAR,Other Kharif pulses,Kharif     
Karnataka,KOPPAL,Other Kharif pulses,Kharif     
Karnataka,MANDYA,Other Kharif pulses,Kharif     
Karnataka,MYSURU,Other Kharif pulses,Kharif     
Karnataka,RAICHUR,Other Kharif pulses,Kharif     
Karnataka,RAMANAGARA,Other Kharif pulses,Kharif     
Karnataka,SHIVAMOGGA,Other Kharif pulses,Kharif     
Karnataka,TUMAKURU,Other Kharif pulses,Kharif     
Karnataka,UDUPI,Other Kharif pulses,Kharif     
Karnataka,UTTARA KANNADA,Other Kharif pulses,Kharif     
Karnataka,VIJAYAPURA,Other Kharif pulses,Kharif     
Karnataka,YADAGIRI,Other Kharif pulses,Kharif     
Karnataka,BANGALORE RURAL,Peas & beans (Pulses),Kharif     
Karnataka,BELAGAVI,Peas & beans (Pulses),Kharif     
Karnataka,BENGALURU URBAN,Peas & beans (Pulses),Kharif     
Karnataka,BIDAR,Peas & beans (Pulses),Kharif     
Karnataka,CHAMARAJANAGARA,Peas & beans (Pulses),Kharif     
Karnataka,CHIKKABALLAPURA,Peas & beans (Pulses),Kharif     
Karnataka,CHIKKAMAGALURU,Peas & beans (Pulses),Kharif     
Karnataka,CHITRADURGA,Peas & beans (Pulses),Kharif     
Karnataka,DAVANGERE,Peas & beans (Pulses),Kharif     
Karnataka,DHARWAD,Peas & beans (Pulses),Kharif     
Karnataka,GADAG,Peas & beans (Pulses),Summer     
Karnataka,HASSAN,Peas & beans (Pulses),Kharif     
Karnataka,HAVERI,Peas & beans (Pulses),Kharif     
Karnataka,KALABURAGI,Peas & beans (Pulses),Kharif     
Karnataka,KODAGU,Peas & beans (Pulses),Kharif     
Karnataka,KOLAR,Peas & beans (Pulses),Kharif     
Karnataka,KOPPAL,Peas & beans (Pulses),Kharif     
Karnataka,MANDYA,Peas & beans (Pulses),Kharif     
Karnataka,MYSURU,Peas & beans (Pulses),Kharif     
Karnataka,RAICHUR,Peas & beans (Pulses),Whole Year 
Karnataka,RAMANAGARA,Peas & beans (Pulses),Kharif     
Karnataka,SHIVAMOGGA,Peas & beans (Pulses),Kharif     
Karnataka,TUMAKURU,Peas & beans (Pulses),Kharif     
Karnataka,VIJAYAPURA,Peas & beans (Pulses),Kharif     
Karnataka,BAGALKOTE,Potato,Kharif     
Karnataka,BALLARI,Potato,Summer     
Karnataka,BANGALORE RURAL,Potato,Kharif     
Karnataka,BELAGAVI,Potato,Kharif     
Karnataka,BENGALURU URBAN,Potato,Kharif     
Karnataka,BIDAR,Potato,Kharif     
Karnataka,CHAMARAJANAGARA,Potato,Whole Year 
Karnataka,CHIKKABALLAPURA,Potato,Kharif     
Karnataka,CHIKKAMAGALURU,Potato,Kharif     
Karnataka,CHITRADURGA,Potato,Kharif     
Karnataka,DAKSHINA KANNADA,Potato,Kharif     
Karnataka,DAVANGERE,Potato,Kharif     
Karnataka,DHARWAD,Potato,Kharif     
Karnataka,GADAG,Potato,Whole Year 
Karnataka,HASSAN,Potato,Kharif     
Karnataka,HAVERI,Potato,Whole Year 
Karnataka,KALABURAGI,Potato,Rabi       
Karnataka,KODAGU,Potato,Kharif     
Karnataka,KOLAR,Potato,Kharif     
Karnataka,KOPPAL,Potato,Whole Year 
Karnataka,MANDYA,Potato,Kharif     
Karnataka,MYSURU,Potato,Kharif     
Karnataka,RAICHUR,Potato,Kharif     
Karnataka,RAMANAGARA,Potato,Kharif     
Karnataka,SHIVAMOGGA,Potato,Kharif     
Karnataka,TUMAKURU,Potato,Kharif     
Karnataka,UDUPI,Potato,Kharif     
Karnataka,UTTARA KANNADA,Potato,Kharif     
Karnataka,VIJAYAPURA,Potato,Rabi       
Karnataka,YADAGIRI,Potato,Kharif     
Karnataka,BAGALKOTE,Ragi,Kharif     
Karnataka,BALLARI,Ragi,Kharif     
Karnataka,BANGALORE RURAL,Ragi,Kharif     
Karnataka,BELAGAVI,Ragi,Kharif     
Karnataka,BENGALURU URBAN,Ragi,Kharif     
Karnataka,BIDAR,Ragi,Kharif     
Karnataka,CHAMARAJANAGARA,Ragi,Kharif     
Karnataka,CHIKKABALLAPURA,Ragi,Kharif     
Karnataka,CHIKKAMAGALURU,Ragi,Kharif     
Karnataka,CHITRADURGA,Ragi,Kharif     
Karnataka,DAVANGERE,Ragi,Kharif     
Karnataka,DHARWAD,Ragi,Kharif     
Karnataka,GADAG,Ragi,Kharif     
Karnataka,HASSAN,Ragi,Kharif     
Karnataka,HAVERI,Ragi,Kharif     
Karnataka,KALABURAGI,Ragi,Kharif     
Karnataka,KODAGU,Ragi,Kharif     
Karnataka,KOLAR,Ragi,Kharif     
Karnataka,KOPPAL,Ragi,Kharif     
Karnataka,MANDYA,Ragi,Kharif     
Karnataka,MYSURU,Ragi,Kharif     
Karnataka,RAICHUR,Ragi,Kharif     
Karnataka,RAMANAGARA,Ragi,Kharif     
Karnataka,SHIVAMOGGA,Ragi,Kharif     
Karnataka,TUMAKURU,Ragi,Kharif     
Karnataka,UTTARA KANNADA,Ragi,Kharif     
Karnataka,VIJAYAPURA,Ragi,Kharif     
Karnataka,YADAGIRI,Ragi,Kharif     
Karnataka,BAGALKOTE,Rapeseed &Mustard,Kharif     
Karnataka,BALLARI,Rapeseed &Mustard,Kharif     
Karnataka,BANGALORE RURAL,Rapeseed &Mustard,Kharif     
Karnataka,BELAGAVI,Rapeseed &Mustard,Kharif     
Karnataka,BENGALURU URBAN,Rapeseed &Mustard,Kharif     
Karnataka,BIDAR,Rapeseed &Mustard,Kharif     
Karnataka,CHAMARAJANAGARA,Rapeseed &Mustard,Rabi       
Karnataka,CHIKKABALLAPURA,Rapeseed &Mustard,Kharif     
Karnataka,CHIKKAMAGALURU,Rapeseed &Mustard,Kharif     
Karnataka,CHITRADURGA,Rapeseed &Mustard,Kharif     
Karnataka,DAVANGERE,Rapeseed &Mustard,Kharif     
Karnataka,DHARWAD,Rapeseed &Mustard,Kharif     
Karnataka,GADAG,Rapeseed &Mustard,Rabi       
Karnataka,HASSAN,Rapeseed &Mustard,Kharif     
Karnataka,HAVERI,Rapeseed &Mustard,Kharif     
Karnataka,KALABURAGI,Rapeseed &Mustard,Rabi       
Karnataka,KOLAR,Rapeseed &Mustard,Kharif     
Karnataka,KOPPAL,Rapeseed &Mustard,Rabi       
Karnataka,MANDYA,Rapeseed &Mustard,Rabi       
Karnataka,MYSURU,Rapeseed &Mustard,Rabi       
Karnataka,RAICHUR,Rapeseed &Mustard,Rabi       
Karnataka,RAMANAGARA,Rapeseed &Mustard,Kharif     
Karnataka,SHIVAMOGGA,Rapeseed &Mustard,Kharif     
Karnataka,TUMAKURU,Rapeseed &Mustard,Kharif     
Karnataka,UDUPI,Rapeseed &Mustard,Rabi       
Karnataka,UTTARA KANNADA,Rapeseed &Mustard,Kharif     
Karnataka,VIJAYAPURA,Rapeseed &Mustard,Kharif     
Karnataka,YADAGIRI,Rapeseed &Mustard,Rabi       
Karnataka,BAGALKOTE,Rice,Kharif     
Karnataka,BALLARI,Rice,Kharif     
Karnataka,BANGALORE RURAL,Rice,Kharif     
Karnataka,BELAGAVI,Rice,Kharif     
Karnataka,BENGALURU URBAN,Rice,Kharif     
Karnataka,BIDAR,Rice,Kharif     
Karnataka,CHAMARAJANAGARA,Rice,Kharif     
Karnataka,CHIKKABALLAPURA,Rice,Kharif     
Karnataka,CHIKKAMAGALURU,Rice,Kharif     
Karnataka,CHITRADURGA,Rice,Kharif     
Karnataka,DAKSHINA KANNADA,Rice,Kharif     
Karnataka,DAVANGERE,Rice,Kharif     
Karnataka,DHARWAD,Rice,Kharif     
Karnataka,GADAG,Rice,Kharif     
Karnataka,HASSAN,Rice,Kharif     
Karnataka,HAVERI,Rice,Kharif     
Karnataka,KALABURAGI,Rice,Kharif     
Karnataka,KODAGU,Rice,Kharif     
Karnataka,KOLAR,Rice,Kharif     
Karnataka,KOPPAL,Rice,Kharif     
Karnataka,MANDYA,Rice,Kharif     
Karnataka,MYSURU,Rice,Kharif     
Karnataka,RAICHUR,Rice,Kharif     
Karnataka,RAMANAGARA,Rice,Kharif     
Karnataka,SHIVAMOGGA,Rice,Kharif     
Karnataka,TUMAKURU,Rice,Kharif     
Karnataka,UDUPI,Rice,Kharif     
Karnataka,UTTARA KANNADA,Rice,Kharif     
Karnataka,VIJAYAPURA,Rice,Kharif     
Karnataka,YADAGIRI,Rice,Kharif     
Karnataka,BAGALKOTE,Safflower,Rabi       
Karnataka,BALLARI,Safflower,Rabi       
Karnataka,BANGALORE RURAL,Safflower,Rabi       
Karnataka,BELAGAVI,Safflower,Rabi       
Karnataka,BENGALURU URBAN,Safflower,Rabi       
Karnataka,BIDAR,Safflower,Rabi       
Karnataka,CHAMARAJANAGARA,Safflower,Rabi       
Karnataka,CHIKKABALLAPURA,Safflower,Rabi       
Karnataka,CHIKKAMAGALURU,Safflower,Rabi       
Karnataka,CHITRADURGA,Safflower,Rabi       
Karnataka,DAVANGERE,Safflower,Rabi       
Karnataka,DHARWAD,Safflower,Rabi       
Karnataka,GADAG,Safflower,Rabi       
Karnataka,HASSAN,Safflower,Rabi       
Karnataka,HAVERI,Safflower,Rabi       
Karnataka,KALABURAGI,Safflower,Rabi       
Karnataka,KOLAR,Safflower,Rabi       
Karnataka,KOPPAL,Safflower,Rabi       
Karnataka,MANDYA,Safflower,Rabi       
Karnataka,MYSURU,Safflower,Rabi       
Karnataka,RAICHUR,Safflower,Rabi       
Karnataka,RAMANAGARA,Safflower,Rabi       
Karnataka,SHIVAMOGGA,Safflower,Rabi       
Karnataka,TUMAKURU,Safflower,Rabi       
Karnataka,UTTARA KANNADA,Safflower,Rabi       
Karnataka,VIJAYAPURA,Safflower,Rabi       
Karnataka,YADAGIRI,Safflower,Rabi       
Karnataka,BAGALKOTE,Sannhamp,Whole Year 
Karnataka,BALLARI,Sannhamp,Whole Year 
Karnataka,BANGALORE RURAL,Sannhamp,Whole Year 
Karnataka,BELAGAVI,Sannhamp,Whole Year 
Karnataka,BENGALURU URBAN,Sannhamp,Whole Year 
Karnataka,BIDAR,Sannhamp,Whole Year 
Karnataka,CHAMARAJANAGARA,Sannhamp,Whole Year 
Karnataka,CHIKKABALLAPURA,Sannhamp,Whole Year 
Karnataka,CHIKKAMAGALURU,Sannhamp,Whole Year 
Karnataka,CHITRADURGA,Sannhamp,Whole Year 
Karnataka,DAVANGERE,Sannhamp,Whole Year 
Karnataka,DHARWAD,Sannhamp,Whole Year 
Karnataka,GADAG,Sannhamp,Whole Year 
Karnataka,HASSAN,Sannhamp,Whole Year 
Karnataka,HAVERI,Sannhamp,Whole Year 
Karnataka,KALABURAGI,Sannhamp,Whole Year 
Karnataka,KOLAR,Sannhamp,Whole Year 
Karnataka,KOPPAL,Sannhamp,Whole Year 
Karnataka,MANDYA,Sannhamp,Whole Year 
Karnataka,MYSURU,Sannhamp,Whole Year 
Karnataka,RAICHUR,Sannhamp,Whole Year 
Karnataka,RAMANAGARA,Sannhamp,Whole Year 
Karnataka,SHIVAMOGGA,Sannhamp,Whole Year 
Karnataka,TUMAKURU,Sannhamp,Whole Year 
Karnataka,UTTARA KANNADA,Sannhamp,Whole Year 
Karnataka,VIJAYAPURA,Sannhamp,Whole Year 
Karnataka,YADAGIRI,Sannhamp,Whole Year 
Karnataka,BAGALKOTE,Sesamum,Kharif     
Karnataka,BALLARI,Sesamum,Kharif     
Karnataka,BANGALORE RURAL,Sesamum,Kharif     
Karnataka,BELAGAVI,Sesamum,Kharif     
Karnataka,BENGALURU URBAN,Sesamum,Kharif     
Karnataka,BIDAR,Sesamum,Kharif     
Karnataka,CHAMARAJANAGARA,Sesamum,Kharif     
Karnataka,CHIKKABALLAPURA,Sesamum,Kharif     
Karnataka,CHIKKAMAGALURU,Sesamum,Kharif     
Karnataka,CHITRADURGA,Sesamum,Kharif     
Karnataka,DAKSHINA KANNADA,Sesamum,Kharif     
Karnataka,DAVANGERE,Sesamum,Kharif     
Karnataka,DHARWAD,Sesamum,Kharif     
Karnataka,GADAG,Sesamum,Kharif     
Karnataka,HASSAN,Sesamum,Kharif     
Karnataka,HAVERI,Sesamum,Kharif     
Karnataka,KALABURAGI,Sesamum,Kharif     
Karnataka,KODAGU,Sesamum,Kharif     
Karnataka,KOLAR,Sesamum,Kharif     
Karnataka,KOPPAL,Sesamum,Kharif     
Karnataka,MANDYA,Sesamum,Kharif     
Karnataka,MYSURU,Sesamum,Kharif     
Karnataka,RAICHUR,Sesamum,Kharif     
Karnataka,RAMANAGARA,Sesamum,Kharif     
Karnataka,SHIVAMOGGA,Sesamum,Kharif     
Karnataka,TUMAKURU,Sesamum,Kharif     
Karnataka,UDUPI,Sesamum,Kharif     
Karnataka,UTTARA KANNADA,Sesamum,Kharif     
Karnataka,VIJAYAPURA,Sesamum,Kharif     
Karnataka,YADAGIRI,Sesamum,Kharif     
Karnataka,BAGALKOTE,Small millets,Kharif     
Karnataka,BALLARI,Small millets,Kharif     
Karnataka,BANGALORE RURAL,Small millets,Kharif     
Karnataka,BELAGAVI,Small millets,Kharif     
Karnataka,BENGALURU URBAN,Small millets,Kharif     
Karnataka,BIDAR,Small millets,Kharif     
Karnataka,CHAMARAJANAGARA,Small millets,Kharif     
Karnataka,CHIKKABALLAPURA,Small millets,Kharif     
Karnataka,CHIKKAMAGALURU,Small millets,Kharif     
Karnataka,CHITRADURGA,Small millets,Kharif     
Karnataka,DAKSHINA KANNADA,Small millets,Kharif     
Karnataka,DAVANGERE,Small millets,Kharif     
Karnataka,DHARWAD,Small millets,Kharif     
Karnataka,GADAG,Small millets,Kharif     
Karnataka,HASSAN,Small millets,Kharif     
Karnataka,HAVERI,Small millets,Kharif     
Karnataka,KALABURAGI,Small millets,Kharif     
Karnataka,KODAGU,Small millets,Kharif     
Karnataka,KOLAR,Small millets,Kharif     
Karnataka,KOPPAL,Small millets,Kharif     
Karnataka,MANDYA,Small millets,Kharif     
Karnataka,MYSURU,Small millets,Kharif     
Karnataka,RAICHUR,Small millets,Kharif     
Karnataka,RAMANAGARA,Small millets,Kharif     
Karnataka,SHIVAMOGGA,Small millets,Kharif     
Karnataka,TUMAKURU,Small millets,Kharif     
Karnataka,UTTARA KANNADA,Small millets,Kharif     
Karnataka,VIJAYAPURA,Small millets,Kharif     
Karnataka,YADAGIRI,Small millets,Kharif     
Karnataka,BAGALKOTE,Soyabean,Kharif     
Karnataka,BALLARI,Soyabean,Kharif     
Karnataka,BANGALORE RURAL,Soyabean,Kharif     
Karnataka,BELAGAVI,Soyabean,Kharif     
Karnataka,BENGALURU URBAN,Soyabean,Kharif     
Karnataka,BIDAR,Soyabean,Kharif     
Karnataka,CHAMARAJANAGARA,Soyabean,Kharif     
Karnataka,CHIKKABALLAPURA,Soyabean,Kharif     
Karnataka,CHIKKAMAGALURU,Soyabean,Kharif     
Karnataka,CHITRADURGA,Soyabean,Kharif     
Karnataka,DAVANGERE,Soyabean,Kharif     
Karnataka,DHARWAD,Soyabean,Kharif     
Karnataka,GADAG,Soyabean,Kharif     
Karnataka,HASSAN,Soyabean,Kharif     
Karnataka,HAVERI,Soyabean,Kharif     
Karnataka,KALABURAGI,Soyabean,Kharif     
Karnataka,KOLAR,Soyabean,Kharif     
Karnataka,KOPPAL,Soyabean,Kharif     
Karnataka,MANDYA,Soyabean,Kharif     
Karnataka,MYSURU,Soyabean,Kharif     
Karnataka,RAICHUR,Soyabean,Kharif     
Karnataka,RAMANAGARA,Soyabean,Kharif     
Karnataka,SHIVAMOGGA,Soyabean,Kharif     
Karnataka,TUMAKURU,Soyabean,Kharif     
Karnataka,UTTARA KANNADA,Soyabean,Kharif     
Karnataka,VIJAYAPURA,Soyabean,Kharif     
Karnataka,YADAGIRI,Soyabean,Kharif     
Karnataka,BAGALKOTE,Sugarcane,Whole Year 
Karnataka,BALLARI,Sugarcane,Whole Year 
Karnataka,BANGALORE RURAL,Sugarcane,Whole Year 
Karnataka,BELAGAVI,Sugarcane,Whole Year 
Karnataka,BENGALURU URBAN,Sugarcane,Whole Year 
Karnataka,BIDAR,Sugarcane,Whole Year 
Karnataka,CHAMARAJANAGARA,Sugarcane,Whole Year 
Karnataka,CHIKKABALLAPURA,Sugarcane,Whole Year 
Karnataka,CHIKKAMAGALURU,Sugarcane,Whole Year 
Karnataka,CHITRADURGA,Sugarcane,Whole Year 
Karnataka,DAKSHINA KANNADA,Sugarcane,Whole Year 
Karnataka,DAVANGERE,Sugarcane,Whole Year 
Karnataka,DHARWAD,Sugarcane,Whole Year 
Karnataka,GADAG,Sugarcane,Whole Year 
Karnataka,HASSAN,Sugarcane,Whole Year 
Karnataka,HAVERI,Sugarcane,Whole Year 
Karnataka,KALABURAGI,Sugarcane,Whole Year 
Karnataka,KODAGU,Sugarcane,Whole Year 
Karnataka,KOLAR,Sugarcane,Whole Year 
Karnataka,KOPPAL,Sugarcane,Whole Year 
Karnataka,MANDYA,Sugarcane,Whole Year 
Karnataka,MYSURU,Sugarcane,Whole Year 
Karnataka,RAICHUR,Sugarcane,Whole Year 
Karnataka,RAMANAGARA,Sugarcane,Whole Year 
Karnataka,SHIVAMOGGA,Sugarcane,Whole Year 
Karnataka,TUMAKURU,Sugarcane,Whole Year 
Karnataka,UDUPI,Sugarcane,Whole Year 
Karnataka,UTTARA KANNADA,Sugarcane,Whole Year 
Karnataka,VIJAYAPURA,Sugarcane,Whole Year 
Karnataka,YADAGIRI,Sugarcane,Whole Year 
Karnataka,BAGALKOTE,Sunflower,Kharif     
Karnataka,BALLARI,Sunflower,Kharif     
Karnataka,BANGALORE RURAL,Sunflower,Kharif     
Karnataka,BELAGAVI,Sunflower,Kharif     
Karnataka,BENGALURU URBAN,Sunflower,Kharif     
Karnataka,BIDAR,Sunflower,Kharif     
Karnataka,CHAMARAJANAGARA,Sunflower,Kharif     
Karnataka,CHIKKABALLAPURA,Sunflower,Kharif     
Karnataka,CHIKKAMAGALURU,Sunflower,Kharif     
Karnataka,CHITRADURGA,Sunflower,Kharif     
Karnataka,DAVANGERE,Sunflower,Kharif     
Karnataka,DHARWAD,Sunflower,Kharif     
Karnataka,GADAG,Sunflower,Kharif     
Karnataka,HASSAN,Sunflower,Kharif     
Karnataka,HAVERI,Sunflower,Kharif     
Karnataka,KALABURAGI,Sunflower,Kharif     
Karnataka,KODAGU,Sunflower,Kharif     
Karnataka,KOLAR,Sunflower,Kharif     
Karnataka,KOPPAL,Sunflower,Kharif     
Karnataka,MANDYA,Sunflower,Kharif     
Karnataka,MYSURU,Sunflower,Kharif     
Karnataka,RAICHUR,Sunflower,Kharif     
Karnataka,RAMANAGARA,Sunflower,Kharif     
Karnataka,SHIVAMOGGA,Sunflower,Kharif     
Karnataka,TUMAKURU,Sunflower,Kharif     
Karnataka,UDUPI,Sunflower,Rabi       
Karnataka,UTTARA KANNADA,Sunflower,Rabi       
Karnataka,VIJAYAPURA,Sunflower,Kharif     
Karnataka,YADAGIRI,Sunflower,Kharif     
Karnataka,BAGALKOTE,Sweet potato,Whole Year 
Karnataka,BALLARI,Sweet potato,Whole Year 
Karnataka,BANGALORE RURAL,Sweet potato,Whole Year 
Karnataka,BELAGAVI,Sweet potato,Whole Year 
Karnataka,BENGALURU URBAN,Sweet potato,Whole Year 
Karnataka,BIDAR,Sweet potato,Whole Year 
Karnataka,CHAMARAJANAGARA,Sweet potato,Whole Year 
Karnataka,CHIKKABALLAPURA,Sweet potato,Whole Year 
Karnataka,CHIKKAMAGALURU,Sweet potato,Whole Year 
Karnataka,CHITRADURGA,Sweet potato,Whole Year 
Karnataka,DAKSHINA KANNADA,Sweet potato,Whole Year 
Karnataka,DAVANGERE,Sweet potato,Whole Year 
Karnataka,DHARWAD,Sweet potato,Whole Year 
Karnataka,GADAG,Sweet potato,Whole Year 
Karnataka,HASSAN,Sweet potato,Whole Year 
Karnataka,HAVERI,Sweet potato,Whole Year 
Karnataka,KALABURAGI,Sweet potato,Whole Year 
Karnataka,KODAGU,Sweet potato,Whole Year 
Karnataka,KOLAR,Sweet potato,Whole Year 
Karnataka,KOPPAL,Sweet potato,Whole Year 
Karnataka,MANDYA,Sweet potato,Whole Year 
Karnataka,MYSURU,Sweet potato,Whole Year 
Karnataka,RAICHUR,Sweet potato,Whole Year 
Karnataka,RAMANAGARA,Sweet potato,Whole Year 
Karnataka,SHIVAMOGGA,Sweet potato,Whole Year 
Karnataka,TUMAKURU,Sweet potato,Whole Year 
Karnataka,UDUPI,Sweet potato,Whole Year 
Karnataka,UTTARA KANNADA,Sweet potato,Whole Year 
Karnataka,VIJAYAPURA,Sweet potato,Whole Year 
Karnataka,YADAGIRI,Sweet potato,Whole Year 
Karnataka,BAGALKOTE,Tapioca,Whole Year 
Karnataka,BALLARI,Tapioca,Whole Year 
Karnataka,BANGALORE RURAL,Tapioca,Whole Year 
Karnataka,BELAGAVI,Tapioca,Whole Year 
Karnataka,BENGALURU URBAN,Tapioca,Whole Year 
Karnataka,BIDAR,Tapioca,Whole Year 
Karnataka,CHAMARAJANAGARA,Tapioca,Whole Year 
Karnataka,CHIKKABALLAPURA,Tapioca,Whole Year 
Karnataka,CHIKKAMAGALURU,Tapioca,Whole Year 
Karnataka,DAKSHINA KANNADA,Tapioca,Whole Year 
Karnataka,DHARWAD,Tapioca,Whole Year 
Karnataka,GADAG,Tapioca,Whole Year 
Karnataka,HASSAN,Tapioca,Whole Year 
Karnataka,HAVERI,Tapioca,Whole Year 
Karnataka,KALABURAGI,Tapioca,Whole Year 
Karnataka,KODAGU,Tapioca,Whole Year 
Karnataka,KOLAR,Tapioca,Whole Year 
Karnataka,KOPPAL,Tapioca,Whole Year 
Karnataka,MANDYA,Tapioca,Whole Year 
Karnataka,MYSURU,Tapioca,Whole Year 
Karnataka,RAMANAGARA,Tapioca,Whole Year 
Karnataka,SHIVAMOGGA,Tapioca,Whole Year 
Karnataka,TUMAKURU,Tapioca,Whole Year 
Karnataka,UDUPI,Tapioca,Whole Year 
Karnataka,VIJAYAPURA,Tapioca,Whole Year 
Karnataka,YADAGIRI,Tapioca,Whole Year 
Karnataka,BAGALKOTE,Tobacco,Whole Year 
Karnataka,BALLARI,Tobacco,Whole Year 
Karnataka,BANGALORE RURAL,Tobacco,Whole Year 
Karnataka,BELAGAVI,Tobacco,Whole Year 
Karnataka,BENGALURU URBAN,Tobacco,Whole Year 
Karnataka,BIDAR,Tobacco,Whole Year 
Karnataka,CHAMARAJANAGARA,Tobacco,Whole Year 
Karnataka,CHIKKABALLAPURA,Tobacco,Whole Year 
Karnataka,CHIKKAMAGALURU,Tobacco,Whole Year 
Karnataka,CHITRADURGA,Tobacco,Whole Year 
Karnataka,DAKSHINA KANNADA,Tobacco,Whole Year 
Karnataka,DAVANGERE,Tobacco,Whole Year 
Karnataka,DHARWAD,Tobacco,Whole Year 
Karnataka,GADAG,Tobacco,Whole Year 
Karnataka,HASSAN,Tobacco,Whole Year 
Karnataka,HAVERI,Tobacco,Whole Year 
Karnataka,KALABURAGI,Tobacco,Whole Year 
Karnataka,KODAGU,Tobacco,Whole Year 
Karnataka,KOLAR,Tobacco,Whole Year 
Karnataka,KOPPAL,Tobacco,Whole Year 
Karnataka,MANDYA,Tobacco,Whole Year 
Karnataka,MYSURU,Tobacco,Whole Year 
Karnataka,RAICHUR,Tobacco,Whole Year 
Karnataka,RAMANAGARA,Tobacco,Whole Year 
Karnataka,SHIVAMOGGA,Tobacco,Whole Year 
Karnataka,TUMAKURU,Tobacco,Whole Year 
Karnataka,UDUPI,Tobacco,Whole Year 
Karnataka,UTTARA KANNADA,Tobacco,Whole Year 
Karnataka,VIJAYAPURA,Tobacco,Whole Year 
Karnataka,YADAGIRI,Tobacco,Whole Year 
Karnataka,BAGALKOTE,Turmeric,Whole Year 
Karnataka,BALLARI,Turmeric,Whole Year 
Karnataka,BANGALORE RURAL,Turmeric,Whole Year 
Karnataka,BELAGAVI,Turmeric,Whole Year 
Karnataka,BENGALURU URBAN,Turmeric,Whole Year 
Karnataka,BIDAR,Turmeric,Whole Year 
Karnataka,CHAMARAJANAGARA,Turmeric,Whole Year 
Karnataka,CHIKKABALLAPURA,Turmeric,Whole Year 
Karnataka,CHIKKAMAGALURU,Turmeric,Whole Year 
Karnataka,CHITRADURGA,Turmeric,Whole Year 
Karnataka,DAKSHINA KANNADA,Turmeric,Whole Year 
Karnataka,DAVANGERE,Turmeric,Whole Year 
Karnataka,DHARWAD,Turmeric,Whole Year 
Karnataka,GADAG,Turmeric,Whole Year 
Karnataka,HASSAN,Turmeric,Whole Year 
Karnataka,HAVERI,Turmeric,Whole Year 
Karnataka,KALABURAGI,Turmeric,Whole Year 
Karnataka,KODAGU,Turmeric,Whole Year 
Karnataka,KOLAR,Turmeric,Whole Year 
Karnataka,KOPPAL,Turmeric,Whole Year 
Karnataka,MANDYA,Turmeric,Whole Year 
Karnataka,MYSURU,Turmeric,Whole Year 
Karnataka,RAICHUR,Turmeric,Whole Year 
Karnataka,RAMANAGARA,Turmeric,Whole Year 
Karnataka,SHIVAMOGGA,Turmeric,Whole Year 
Karnataka,TUMAKURU,Turmeric,Whole Year 
Karnataka,UDUPI,Turmeric,Whole Year 
Karnataka,UTTARA KANNADA,Turmeric,Whole Year 
Karnataka,VIJAYAPURA,Turmeric,Whole Year 
Karnataka,YADAGIRI,Turmeric,Whole Year 
Karnataka,BAGALKOTE,Urad,Kharif     
Karnataka,BALLARI,Urad,Kharif     
Karnataka,BANGALORE RURAL,Urad,Kharif     
Karnataka,BELAGAVI,Urad,Kharif     
Karnataka,BENGALURU URBAN,Urad,Kharif     
Karnataka,BIDAR,Urad,Kharif     
Karnataka,CHAMARAJANAGARA,Urad,Kharif     
Karnataka,CHIKKABALLAPURA,Urad,Kharif     
Karnataka,CHIKKAMAGALURU,Urad,Kharif     
Karnataka,CHITRADURGA,Urad,Kharif     
Karnataka,DAKSHINA KANNADA,Urad,Kharif     
Karnataka,DAVANGERE,Urad,Kharif     
Karnataka,DHARWAD,Urad,Kharif     
Karnataka,GADAG,Urad,Kharif     
Karnataka,HASSAN,Urad,Kharif     
Karnataka,HAVERI,Urad,Kharif     
Karnataka,KALABURAGI,Urad,Kharif     
Karnataka,KODAGU,Urad,Kharif     
Karnataka,KOLAR,Urad,Kharif     
Karnataka,KOPPAL,Urad,Kharif     
Karnataka,MANDYA,Urad,Kharif     
Karnataka,MYSURU,Urad,Kharif     
Karnataka,RAICHUR,Urad,Kharif     
Karnataka,RAMANAGARA,Urad,Kharif     
Karnataka,SHIVAMOGGA,Urad,Kharif     
Karnataka,TUMAKURU,Urad,Kharif     
Karnataka,UDUPI,Urad,Rabi       
Karnataka,UTTARA KANNADA,Urad,Rabi       
Karnataka,VIJAYAPURA,Urad,Rabi       
Karnataka,YADAGIRI,Urad,Kharif     
Karnataka,BAGALKOTE,Wheat,Rabi       
Karnataka,BALLARI,Wheat,Rabi       
Karnataka,BANGALORE RURAL,Wheat,Rabi       
Karnataka,BELAGAVI,Wheat,Rabi       
Karnataka,BENGALURU URBAN,Wheat,Rabi       
Karnataka,BIDAR,Wheat,Rabi       
Karnataka,CHAMARAJANAGARA,Wheat,Rabi       
Karnataka,CHIKKABALLAPURA,Wheat,Rabi       
Karnataka,CHIKKAMAGALURU,Wheat,Rabi       
Karnataka,CHITRADURGA,Wheat,Rabi       
Karnataka,DAKSHINA KANNADA,Wheat,Rabi       
Karnataka,DAVANGERE,Wheat,Rabi       
Karnataka,DHARWAD,Wheat,Rabi       
Karnataka,GADAG,Wheat,Rabi       
Karnataka,HASSAN,Wheat,Rabi       
Karnataka,HAVERI,Wheat,Rabi       
Karnataka,KALABURAGI,Wheat,Rabi       
Karnataka,KODAGU,Wheat,Rabi       
Karnataka,KOLAR,Wheat,Rabi       
Karnataka,KOPPAL,Wheat,Rabi       
Karnataka,MANDYA,Wheat,Rabi       
Karnataka,MYSURU,Wheat,Rabi       
Karnataka,RAICHUR,Wheat,Rabi       
Karnataka,RAMANAGARA,Wheat,Rabi       
Karnataka,SHIVAMOGGA,Wheat,Rabi       
Karnataka,TUMAKURU,Wheat,Rabi       
Karnataka,UDUPI,Wheat,Rabi       
Karnataka,VIJAYAPURA,Wheat,Rabi       
Karnataka,YADAGIRI,Wheat,Rabi       
Kerala,ALAPPUZHA,Arecanut,Whole Year 
Kerala,ERNAKULAM,Arecanut,Whole Year 
Kerala,IDUKKI,Arecanut,Whole Year 
Kerala,KANNUR,Arecanut,Whole Year 
Kerala,KASARAGOD,Arecanut,Whole Year 
Kerala,KOLLAM,Arecanut,Whole Year 
Kerala,KOTTAYAM,Arecanut,Whole Year 
Kerala,KOZHIKODE,Arecanut,Whole Year 
Kerala,MALAPPURAM,Arecanut,Whole Year 
Kerala,PALAKKAD,Arecanut,Whole Year 
Kerala,PATHANAMTHITTA,Arecanut,Whole Year 
Kerala,THIRUVANANTHAPURAM,Arecanut,Whole Year 
Kerala,THRISSUR,Arecanut,Whole Year 
Kerala,WAYANAD,Arecanut,Whole Year 
Kerala,IDUKKI,Arhar/Tur,Whole Year 
Kerala,KANNUR,Arhar/Tur,Whole Year 
Kerala,KASARAGOD,Arhar/Tur,Whole Year 
Kerala,PALAKKAD,Arhar/Tur,Whole Year 
Kerala,PATHANAMTHITTA,Arhar/Tur,Whole Year 
Kerala,THRISSUR,Arhar/Tur,Whole Year 
Kerala,WAYANAD,Arhar/Tur,Whole Year 
Kerala,ALAPPUZHA,Banana,Whole Year 
Kerala,ERNAKULAM,Banana,Whole Year 
Kerala,IDUKKI,Banana,Whole Year 
Kerala,KANNUR,Banana,Whole Year 
Kerala,KASARAGOD,Banana,Whole Year 
Kerala,KOLLAM,Banana,Whole Year 
Kerala,KOTTAYAM,Banana,Whole Year 
Kerala,KOZHIKODE,Banana,Whole Year 
Kerala,MALAPPURAM,Banana,Whole Year 
Kerala,PALAKKAD,Banana,Whole Year 
Kerala,PATHANAMTHITTA,Banana,Whole Year 
Kerala,THIRUVANANTHAPURAM,Banana,Whole Year 
Kerala,THRISSUR,Banana,Whole Year 
Kerala,WAYANAD,Banana,Whole Year 
Kerala,ALAPPUZHA,Black pepper,Whole Year 
Kerala,ERNAKULAM,Black pepper,Whole Year 
Kerala,IDUKKI,Black pepper,Whole Year 
Kerala,KANNUR,Black pepper,Whole Year 
Kerala,KASARAGOD,Black pepper,Whole Year 
Kerala,KOLLAM,Black pepper,Whole Year 
Kerala,KOTTAYAM,Black pepper,Whole Year 
Kerala,KOZHIKODE,Black pepper,Whole Year 
Kerala,MALAPPURAM,Black pepper,Whole Year 
Kerala,PALAKKAD,Black pepper,Whole Year 
Kerala,PATHANAMTHITTA,Black pepper,Whole Year 
Kerala,THIRUVANANTHAPURAM,Black pepper,Whole Year 
Kerala,THRISSUR,Black pepper,Whole Year 
Kerala,WAYANAD,Black pepper,Whole Year 
Kerala,IDUKKI,Cardamom,Whole Year 
Kerala,KANNUR,Cardamom,Whole Year 
Kerala,KASARAGOD,Cardamom,Whole Year 
Kerala,KOLLAM,Cardamom,Whole Year 
Kerala,KOTTAYAM,Cardamom,Whole Year 
Kerala,KOZHIKODE,Cardamom,Whole Year 
Kerala,MALAPPURAM,Cardamom,Whole Year 
Kerala,PALAKKAD,Cardamom,Whole Year 
Kerala,PATHANAMTHITTA,Cardamom,Whole Year 
Kerala,THIRUVANANTHAPURAM,Cardamom,Whole Year 
Kerala,WAYANAD,Cardamom,Whole Year 
Kerala,ALAPPUZHA,Cashewnut,Whole Year 
Kerala,ERNAKULAM,Cashewnut,Whole Year 
Kerala,IDUKKI,Cashewnut,Whole Year 
Kerala,KANNUR,Cashewnut,Whole Year 
Kerala,KASARAGOD,Cashewnut,Whole Year 
Kerala,KOLLAM,Cashewnut,Whole Year 
Kerala,KOTTAYAM,Cashewnut,Whole Year 
Kerala,KOZHIKODE,Cashewnut,Whole Year 
Kerala,MALAPPURAM,Cashewnut,Whole Year 
Kerala,PALAKKAD,Cashewnut,Whole Year 
Kerala,PATHANAMTHITTA,Cashewnut,Whole Year 
Kerala,THIRUVANANTHAPURAM,Cashewnut,Whole Year 
Kerala,THRISSUR,Cashewnut,Whole Year 
Kerala,WAYANAD,Cashewnut,Whole Year 
Kerala,ALAPPUZHA,Coconut ,Whole Year 
Kerala,ERNAKULAM,Coconut ,Whole Year 
Kerala,IDUKKI,Coconut ,Whole Year 
Kerala,KANNUR,Coconut ,Whole Year 
Kerala,KASARAGOD,Coconut ,Whole Year 
Kerala,KOLLAM,Coconut ,Whole Year 
Kerala,KOTTAYAM,Coconut ,Whole Year 
Kerala,KOZHIKODE,Coconut ,Whole Year 
Kerala,MALAPPURAM,Coconut ,Whole Year 
Kerala,PALAKKAD,Coconut ,Whole Year 
Kerala,PATHANAMTHITTA,Coconut ,Whole Year 
Kerala,THIRUVANANTHAPURAM,Coconut ,Whole Year 
Kerala,THRISSUR,Coconut ,Whole Year 
Kerala,WAYANAD,Coconut ,Whole Year 
Kerala,IDUKKI,Cotton(lint),Kharif     
Kerala,PALAKKAD,Cotton(lint),Kharif     
Kerala,THRISSUR,Cotton(lint),Kharif     
Kerala,ALAPPUZHA,Cowpea(Lobia),Whole Year 
Kerala,ERNAKULAM,Cowpea(Lobia),Whole Year 
Kerala,IDUKKI,Cowpea(Lobia),Whole Year 
Kerala,KANNUR,Cowpea(Lobia),Whole Year 
Kerala,KASARAGOD,Cowpea(Lobia),Whole Year 
Kerala,KOLLAM,Cowpea(Lobia),Whole Year 
Kerala,KOTTAYAM,Cowpea(Lobia),Whole Year 
Kerala,KOZHIKODE,Cowpea(Lobia),Whole Year 
Kerala,MALAPPURAM,Cowpea(Lobia),Whole Year 
Kerala,PALAKKAD,Cowpea(Lobia),Whole Year 
Kerala,PATHANAMTHITTA,Cowpea(Lobia),Whole Year 
Kerala,THIRUVANANTHAPURAM,Cowpea(Lobia),Whole Year 
Kerala,WAYANAD,Cowpea(Lobia),Whole Year 
Kerala,ERNAKULAM,Dry chillies,Whole Year 
Kerala,KANNUR,Dry chillies,Whole Year 
Kerala,KASARAGOD,Dry chillies,Whole Year 
Kerala,KOLLAM,Dry chillies,Whole Year 
Kerala,KOTTAYAM,Dry chillies,Whole Year 
Kerala,PALAKKAD,Dry chillies,Whole Year 
Kerala,PATHANAMTHITTA,Dry chillies,Whole Year 
Kerala,THIRUVANANTHAPURAM,Dry chillies,Whole Year 
Kerala,THRISSUR,Dry chillies,Whole Year 
Kerala,IDUKKI,Garlic,Whole Year 
Kerala,ALAPPUZHA,Ginger,Whole Year 
Kerala,ERNAKULAM,Ginger,Whole Year 
Kerala,IDUKKI,Ginger,Whole Year 
Kerala,KANNUR,Ginger,Whole Year 
Kerala,KASARAGOD,Ginger,Whole Year 
Kerala,KOLLAM,Ginger,Whole Year 
Kerala,KOTTAYAM,Ginger,Whole Year 
Kerala,KOZHIKODE,Ginger,Whole Year 
Kerala,MALAPPURAM,Ginger,Whole Year 
Kerala,PALAKKAD,Ginger,Whole Year 
Kerala,PATHANAMTHITTA,Ginger,Whole Year 
Kerala,THIRUVANANTHAPURAM,Ginger,Whole Year 
Kerala,THRISSUR,Ginger,Whole Year 
Kerala,WAYANAD,Ginger,Whole Year 
Kerala,ALAPPUZHA,Gram,Whole Year 
Kerala,KANNUR,Gram,Whole Year 
Kerala,KASARAGOD,Gram,Whole Year 
Kerala,KOLLAM,Gram,Whole Year 
Kerala,MALAPPURAM,Gram,Whole Year 
Kerala,PALAKKAD,Gram,Whole Year 
Kerala,PATHANAMTHITTA,Gram,Whole Year 
Kerala,THIRUVANANTHAPURAM,Gram,Whole Year 
Kerala,PALAKKAD,Groundnut,Kharif     
Kerala,THIRUVANANTHAPURAM,Groundnut,Kharif     
Kerala,THRISSUR,Groundnut,Kharif     
Kerala,KANNUR,Horse-gram,Whole Year 
Kerala,KASARAGOD,Horse-gram,Whole Year 
Kerala,PALAKKAD,Horse-gram,Whole Year 
Kerala,WAYANAD,Horse-gram,Whole Year 
Kerala,IDUKKI,Jowar,Kharif     
Kerala,KANNUR,Jowar,Kharif     
Kerala,KASARAGOD,Jowar,Kharif     
Kerala,KOLLAM,Jowar,Kharif     
Kerala,KOZHIKODE,Jowar,Kharif     
Kerala,MALAPPURAM,Jowar,Kharif     
Kerala,PALAKKAD,Jowar,Kharif     
Kerala,THIRUVANANTHAPURAM,Jowar,Kharif     
Kerala,WAYANAD,Jowar,Kharif     
Kerala,IDUKKI,Maize,Whole Year 
Kerala,MALAPPURAM,Maize,Whole Year 
Kerala,PALAKKAD,Maize,Whole Year 
Kerala,PATHANAMTHITTA,Maize,Whole Year 
Kerala,WAYANAD,Maize,Whole Year 
Kerala,ALAPPUZHA,Moong(Green Gram),Whole Year 
Kerala,ERNAKULAM,Moong(Green Gram),Whole Year 
Kerala,IDUKKI,Moong(Green Gram),Whole Year 
Kerala,KANNUR,Moong(Green Gram),Whole Year 
Kerala,KASARAGOD,Moong(Green Gram),Whole Year 
Kerala,KOLLAM,Moong(Green Gram),Whole Year 
Kerala,KOZHIKODE,Moong(Green Gram),Whole Year 
Kerala,MALAPPURAM,Moong(Green Gram),Whole Year 
Kerala,PALAKKAD,Moong(Green Gram),Whole Year 
Kerala,THIRUVANANTHAPURAM,Moong(Green Gram),Whole Year 
Kerala,IDUKKI,Onion,Whole Year 
Kerala,PALAKKAD,Onion,Whole Year 
Kerala,THIRUVANANTHAPURAM,Onion,Whole Year 
Kerala,WAYANAD,Onion,Whole Year 
Kerala,ERNAKULAM,Other  Rabi pulses,Rabi       
Kerala,IDUKKI,Other  Rabi pulses,Rabi       
Kerala,KANNUR,Other  Rabi pulses,Rabi       
Kerala,KASARAGOD,Other  Rabi pulses,Rabi       
Kerala,KOLLAM,Other  Rabi pulses,Rabi       
Kerala,KOZHIKODE,Other  Rabi pulses,Rabi       
Kerala,MALAPPURAM,Other  Rabi pulses,Rabi       
Kerala,PALAKKAD,Other  Rabi pulses,Rabi       
Kerala,WAYANAD,Other  Rabi pulses,Rabi       
Kerala,IDUKKI,Other Cereals,Kharif     
Kerala,KASARAGOD,Other Cereals,Kharif     
Kerala,MALAPPURAM,Other Cereals,Kharif     
Kerala,PALAKKAD,Other Cereals,Kharif     
Kerala,THRISSUR,Other Cereals,Kharif     
Kerala,WAYANAD,Other Cereals,Kharif     
Kerala,ALAPPUZHA,Other Kharif pulses,Kharif     
Kerala,ERNAKULAM,Other Kharif pulses,Kharif     
Kerala,IDUKKI,Other Kharif pulses,Kharif     
Kerala,KANNUR,Other Kharif pulses,Kharif     
Kerala,KASARAGOD,Other Kharif pulses,Kharif     
Kerala,KOLLAM,Other Kharif pulses,Kharif     
Kerala,KOTTAYAM,Other Kharif pulses,Kharif     
Kerala,KOZHIKODE,Other Kharif pulses,Kharif     
Kerala,MALAPPURAM,Other Kharif pulses,Kharif     
Kerala,PALAKKAD,Other Kharif pulses,Kharif     
Kerala,PATHANAMTHITTA,Other Kharif pulses,Kharif     
Kerala,THIRUVANANTHAPURAM,Other Kharif pulses,Kharif     
Kerala,THRISSUR,Other Kharif pulses,Kharif     
Kerala,WAYANAD,Other Kharif pulses,Kharif     
Kerala,ALAPPUZHA,other oilseeds,Whole Year 
Kerala,ERNAKULAM,other oilseeds,Whole Year 
Kerala,IDUKKI,other oilseeds,Whole Year 
Kerala,KANNUR,other oilseeds,Whole Year 
Kerala,KASARAGOD,other oilseeds,Whole Year 
Kerala,KOLLAM,other oilseeds,Whole Year 
Kerala,KOTTAYAM,other oilseeds,Whole Year 
Kerala,KOZHIKODE,other oilseeds,Whole Year 
Kerala,MALAPPURAM,other oilseeds,Whole Year 
Kerala,PALAKKAD,other oilseeds,Whole Year 
Kerala,PATHANAMTHITTA,other oilseeds,Whole Year 
Kerala,THIRUVANANTHAPURAM,other oilseeds,Whole Year 
Kerala,THRISSUR,other oilseeds,Whole Year 
Kerala,WAYANAD,other oilseeds,Whole Year 
Kerala,ALAPPUZHA,Potato,Whole Year 
Kerala,ERNAKULAM,Potato,Whole Year 
Kerala,IDUKKI,Potato,Whole Year 
Kerala,KANNUR,Potato,Whole Year 
Kerala,KASARAGOD,Potato,Whole Year 
Kerala,KOLLAM,Potato,Whole Year 
Kerala,KOTTAYAM,Potato,Whole Year 
Kerala,KOZHIKODE,Potato,Whole Year 
Kerala,MALAPPURAM,Potato,Whole Year 
Kerala,PALAKKAD,Potato,Whole Year 
Kerala,PATHANAMTHITTA,Potato,Whole Year 
Kerala,THIRUVANANTHAPURAM,Potato,Whole Year 
Kerala,THRISSUR,Potato,Whole Year 
Kerala,WAYANAD,Potato,Whole Year 
Kerala,ALAPPUZHA,Ragi,Kharif     
Kerala,ERNAKULAM,Ragi,Kharif     
Kerala,IDUKKI,Ragi,Kharif     
Kerala,KASARAGOD,Ragi,Kharif     
Kerala,KOLLAM,Ragi,Kharif     
Kerala,MALAPPURAM,Ragi,Kharif     
Kerala,PALAKKAD,Ragi,Kharif     
Kerala,THIRUVANANTHAPURAM,Ragi,Kharif     
Kerala,WAYANAD,Ragi,Kharif     
Kerala,ALAPPUZHA,Rice,Autumn     
Kerala,ERNAKULAM,Rice,Autumn     
Kerala,IDUKKI,Rice,Autumn     
Kerala,KANNUR,Rice,Autumn     
Kerala,KASARAGOD,Rice,Autumn     
Kerala,KOLLAM,Rice,Autumn     
Kerala,KOTTAYAM,Rice,Autumn     
Kerala,KOZHIKODE,Rice,Autumn     
Kerala,MALAPPURAM,Rice,Autumn     
Kerala,PALAKKAD,Rice,Autumn     
Kerala,PATHANAMTHITTA,Rice,Autumn     
Kerala,THIRUVANANTHAPURAM,Rice,Autumn     
Kerala,THRISSUR,Rice,Autumn     
Kerala,WAYANAD,Rice,Summer     
Kerala,ALAPPUZHA,Sesamum,Kharif     
Kerala,ERNAKULAM,Sesamum,Kharif     
Kerala,IDUKKI,Sesamum,Kharif     
Kerala,KANNUR,Sesamum,Kharif     
Kerala,KASARAGOD,Sesamum,Kharif     
Kerala,KOLLAM,Sesamum,Kharif     
Kerala,KOTTAYAM,Sesamum,Kharif     
Kerala,KOZHIKODE,Sesamum,Kharif     
Kerala,MALAPPURAM,Sesamum,Kharif     
Kerala,PALAKKAD,Sesamum,Kharif     
Kerala,PATHANAMTHITTA,Sesamum,Kharif     
Kerala,THIRUVANANTHAPURAM,Sesamum,Kharif     
Kerala,THRISSUR,Sesamum,Kharif     
Kerala,WAYANAD,Sesamum,Kharif     
Kerala,ALAPPUZHA,Small millets,Kharif     
Kerala,IDUKKI,Small millets,Kharif     
Kerala,KASARAGOD,Small millets,Kharif     
Kerala,KOLLAM,Small millets,Kharif     
Kerala,KOTTAYAM,Small millets,Kharif     
Kerala,PALAKKAD,Small millets,Kharif     
Kerala,THIRUVANANTHAPURAM,Small millets,Kharif     
Kerala,THRISSUR,Small millets,Kharif     
Kerala,WAYANAD,Small millets,Kharif     
Kerala,PALAKKAD,Soyabean,Whole Year 
Kerala,ALAPPUZHA,Sugarcane,Whole Year 
Kerala,ERNAKULAM,Sugarcane,Whole Year 
Kerala,IDUKKI,Sugarcane,Whole Year 
Kerala,KANNUR,Sugarcane,Whole Year 
Kerala,KASARAGOD,Sugarcane,Whole Year 
Kerala,KOLLAM,Sugarcane,Whole Year 
Kerala,KOTTAYAM,Sugarcane,Whole Year 
Kerala,KOZHIKODE,Sugarcane,Whole Year 
Kerala,MALAPPURAM,Sugarcane,Whole Year 
Kerala,PALAKKAD,Sugarcane,Whole Year 
Kerala,PATHANAMTHITTA,Sugarcane,Whole Year 
Kerala,THIRUVANANTHAPURAM,Sugarcane,Whole Year 
Kerala,THRISSUR,Sugarcane,Whole Year 
Kerala,WAYANAD,Sugarcane,Whole Year 
Kerala,PALAKKAD,Sunflower,Whole Year 
Kerala,ALAPPUZHA,Sweet potato,Whole Year 
Kerala,ERNAKULAM,Sweet potato,Whole Year 
Kerala,IDUKKI,Sweet potato,Whole Year 
Kerala,KANNUR,Sweet potato,Whole Year 
Kerala,KASARAGOD,Sweet potato,Whole Year 
Kerala,KOLLAM,Sweet potato,Whole Year 
Kerala,KOTTAYAM,Sweet potato,Whole Year 
Kerala,KOZHIKODE,Sweet potato,Whole Year 
Kerala,MALAPPURAM,Sweet potato,Whole Year 
Kerala,PALAKKAD,Sweet potato,Whole Year 
Kerala,PATHANAMTHITTA,Sweet potato,Whole Year 
Kerala,THIRUVANANTHAPURAM,Sweet potato,Whole Year 
Kerala,THRISSUR,Sweet potato,Whole Year 
Kerala,WAYANAD,Sweet potato,Whole Year 
Kerala,ALAPPUZHA,Tapioca,Whole Year 
Kerala,ERNAKULAM,Tapioca,Whole Year 
Kerala,IDUKKI,Tapioca,Whole Year 
Kerala,KANNUR,Tapioca,Whole Year 
Kerala,KASARAGOD,Tapioca,Whole Year 
Kerala,KOLLAM,Tapioca,Whole Year 
Kerala,KOTTAYAM,Tapioca,Whole Year 
Kerala,KOZHIKODE,Tapioca,Whole Year 
Kerala,MALAPPURAM,Tapioca,Whole Year 
Kerala,PALAKKAD,Tapioca,Whole Year 
Kerala,PATHANAMTHITTA,Tapioca,Whole Year 
Kerala,THIRUVANANTHAPURAM,Tapioca,Whole Year 
Kerala,THRISSUR,Tapioca,Whole Year 
Kerala,WAYANAD,Tapioca,Whole Year 
Kerala,KASARAGOD,Tobacco,Whole Year 
Kerala,ALAPPUZHA,Turmeric,Whole Year 
Kerala,ERNAKULAM,Turmeric,Whole Year 
Kerala,IDUKKI,Turmeric,Whole Year 
Kerala,KANNUR,Turmeric,Whole Year 
Kerala,KASARAGOD,Turmeric,Whole Year 
Kerala,KOLLAM,Turmeric,Whole Year 
Kerala,KOTTAYAM,Turmeric,Whole Year 
Kerala,KOZHIKODE,Turmeric,Whole Year 
Kerala,MALAPPURAM,Turmeric,Whole Year 
Kerala,PALAKKAD,Turmeric,Whole Year 
Kerala,PATHANAMTHITTA,Turmeric,Whole Year 
Kerala,THIRUVANANTHAPURAM,Turmeric,Whole Year 
Kerala,THRISSUR,Turmeric,Whole Year 
Kerala,WAYANAD,Turmeric,Whole Year 
Kerala,KANNUR,Urad,Whole Year 
Kerala,KASARAGOD,Urad,Whole Year 
Kerala,KOLLAM,Urad,Whole Year 
Kerala,KOTTAYAM,Urad,Whole Year 
Kerala,MALAPPURAM,Urad,Whole Year 
Kerala,PALAKKAD,Urad,Whole Year 
Kerala,THIRUVANANTHAPURAM,Urad,Whole Year 
Kerala,THRISSUR,Urad,Whole Year 
Kerala,IDUKKI,Wheat,Whole Year 
Laddak,KARGIL,Barley,Rabi       
Laddak,LEH LADAKH,Barley,Rabi       
Laddak,LEH LADAKH,Cowpea(Lobia),Rabi       
Laddak,KARGIL,Gram,Rabi       
Laddak,LEH LADAKH,Gram,Rabi       
Laddak,LEH LADAKH,Horse-gram,Rabi       
Laddak,LEH LADAKH,Linseed,Rabi       
Laddak,KARGIL,Maize,Kharif     
Laddak,KARGIL,Masoor,Rabi       
Laddak,LEH LADAKH,Masoor,Rabi       
Laddak,LEH LADAKH,Moong(Green Gram),Rabi       
Laddak,LEH LADAKH,Moth,Rabi       
Laddak,KARGIL,Onion,Kharif     
Laddak,LEH LADAKH,Onion,Whole Year 
Laddak,KARGIL,Other  Rabi pulses,Rabi       
Laddak,LEH LADAKH,Other  Rabi pulses,Rabi       
Laddak,KARGIL,Other Cereals,Kharif     
Laddak,LEH LADAKH,Other Cereals,Kharif     
Laddak,KARGIL,Peas & beans (Pulses),Rabi       
Laddak,LEH LADAKH,Peas & beans (Pulses),Rabi       
Laddak,KARGIL,Potato,Rabi       
Laddak,LEH LADAKH,Potato,Whole Year 
Laddak,LEH LADAKH,Rapeseed &Mustard,Rabi       
Laddak,KARGIL,Small millets,Kharif     
Laddak,LEH LADAKH,Small millets,Kharif     
Laddak,KARGIL,Wheat,Rabi       
Laddak,LEH LADAKH,Wheat,Rabi       
Madhya Pradesh,AGAR MALWA,Arhar/Tur,Kharif     
Madhya Pradesh,ALIRAJPUR,Arhar/Tur,Kharif     
Madhya Pradesh,ANUPPUR,Arhar/Tur,Kharif     
Madhya Pradesh,ASHOKNAGAR,Arhar/Tur,Kharif     
Madhya Pradesh,BALAGHAT,Arhar/Tur,Kharif     
Madhya Pradesh,BARWANI,Arhar/Tur,Kharif     
Madhya Pradesh,BASTAR,Arhar/Tur,Kharif     
Madhya Pradesh,BETUL,Arhar/Tur,Kharif     
Madhya Pradesh,BHIND,Arhar/Tur,Kharif     
Madhya Pradesh,BHOPAL,Arhar/Tur,Kharif     
Madhya Pradesh,BILASPUR,Arhar/Tur,Kharif     
Madhya Pradesh,BURHANPUR,Arhar/Tur,Kharif     
Madhya Pradesh,CHHATARPUR,Arhar/Tur,Kharif     
Madhya Pradesh,CHHINDWARA,Arhar/Tur,Kharif     
Madhya Pradesh,DAMOH,Arhar/Tur,Kharif     
Madhya Pradesh,DANTEWADA,Arhar/Tur,Kharif     
Madhya Pradesh,DATIA,Arhar/Tur,Kharif     
Madhya Pradesh,DEWAS,Arhar/Tur,Kharif     
Madhya Pradesh,DHAMTARI,Arhar/Tur,Kharif     
Madhya Pradesh,DHAR,Arhar/Tur,Kharif     
Madhya Pradesh,DINDORI,Arhar/Tur,Kharif     
Madhya Pradesh,DURG,Arhar/Tur,Kharif     
Madhya Pradesh,GUNA,Arhar/Tur,Kharif     
Madhya Pradesh,GWALIOR,Arhar/Tur,Kharif     
Madhya Pradesh,HARDA,Arhar/Tur,Kharif     
Madhya Pradesh,HOSHANGABAD,Arhar/Tur,Kharif     
Madhya Pradesh,INDORE,Arhar/Tur,Kharif     
Madhya Pradesh,JABALPUR,Arhar/Tur,Kharif     
Madhya Pradesh,JANJGIR-CHAMPA,Arhar/Tur,Kharif     
Madhya Pradesh,JASHPUR,Arhar/Tur,Kharif     
Madhya Pradesh,JHABUA,Arhar/Tur,Kharif     
Madhya Pradesh,KABIRDHAM,Arhar/Tur,Kharif     
Madhya Pradesh,KANKER,Arhar/Tur,Kharif     
Madhya Pradesh,KATNI,Arhar/Tur,Kharif     
Madhya Pradesh,KHANDWA,Arhar/Tur,Kharif     
Madhya Pradesh,KHARGONE,Arhar/Tur,Kharif     
Madhya Pradesh,KORBA,Arhar/Tur,Kharif     
Madhya Pradesh,KOREA,Arhar/Tur,Kharif     
Madhya Pradesh,MAHASAMUND,Arhar/Tur,Kharif     
Madhya Pradesh,MANDLA,Arhar/Tur,Kharif     
Madhya Pradesh,MANDSAUR,Arhar/Tur,Kharif     
Madhya Pradesh,MORENA,Arhar/Tur,Kharif     
Madhya Pradesh,NARSINGHPUR,Arhar/Tur,Kharif     
Madhya Pradesh,NEEMUCH,Arhar/Tur,Kharif     
Madhya Pradesh,PANNA,Arhar/Tur,Kharif     
Madhya Pradesh,RAIPUR,Arhar/Tur,Kharif     
Madhya Pradesh,RAISEN,Arhar/Tur,Kharif     
Madhya Pradesh,RAJGARH,Arhar/Tur,Kharif     
Madhya Pradesh,RAJNANDGAON,Arhar/Tur,Kharif     
Madhya Pradesh,RATLAM,Arhar/Tur,Kharif     
Madhya Pradesh,REWA,Arhar/Tur,Kharif     
Madhya Pradesh,SAGAR,Arhar/Tur,Kharif     
Madhya Pradesh,SATNA,Arhar/Tur,Kharif     
Madhya Pradesh,SEHORE,Arhar/Tur,Kharif     
Madhya Pradesh,SEONI,Arhar/Tur,Kharif     
Madhya Pradesh,SHAHDOL,Arhar/Tur,Kharif     
Madhya Pradesh,SHAJAPUR,Arhar/Tur,Kharif     
Madhya Pradesh,SHEOPUR,Arhar/Tur,Kharif     
Madhya Pradesh,SHIVPURI,Arhar/Tur,Kharif     
Madhya Pradesh,SIDHI,Arhar/Tur,Kharif     
Madhya Pradesh,SINGRAULI,Arhar/Tur,Kharif     
Madhya Pradesh,SURGUJA,Arhar/Tur,Kharif     
Madhya Pradesh,TIKAMGARH,Arhar/Tur,Kharif     
Madhya Pradesh,UJJAIN,Arhar/Tur,Kharif     
Madhya Pradesh,UMARIA,Arhar/Tur,Kharif     
Madhya Pradesh,VIDISHA,Arhar/Tur,Kharif     
Madhya Pradesh,AGAR MALWA,Bajra,Kharif     
Madhya Pradesh,ALIRAJPUR,Bajra,Kharif     
Madhya Pradesh,ANUPPUR,Bajra,Kharif     
Madhya Pradesh,ASHOKNAGAR,Bajra,Kharif     
Madhya Pradesh,BALAGHAT,Bajra,Kharif     
Madhya Pradesh,BARWANI,Bajra,Kharif     
Madhya Pradesh,BETUL,Bajra,Kharif     
Madhya Pradesh,BHIND,Bajra,Kharif     
Madhya Pradesh,BHOPAL,Bajra,Kharif     
Madhya Pradesh,BURHANPUR,Bajra,Kharif     
Madhya Pradesh,CHHATARPUR,Bajra,Kharif     
Madhya Pradesh,CHHINDWARA,Bajra,Kharif     
Madhya Pradesh,DAMOH,Bajra,Kharif     
Madhya Pradesh,DATIA,Bajra,Kharif     
Madhya Pradesh,DEWAS,Bajra,Kharif     
Madhya Pradesh,DHAR,Bajra,Kharif     
Madhya Pradesh,DINDORI,Bajra,Kharif     
Madhya Pradesh,GUNA,Bajra,Kharif     
Madhya Pradesh,GWALIOR,Bajra,Kharif     
Madhya Pradesh,HARDA,Bajra,Kharif     
Madhya Pradesh,HOSHANGABAD,Bajra,Kharif     
Madhya Pradesh,INDORE,Bajra,Kharif     
Madhya Pradesh,JABALPUR,Bajra,Kharif     
Madhya Pradesh,JHABUA,Bajra,Kharif     
Madhya Pradesh,KATNI,Bajra,Kharif     
Madhya Pradesh,KHANDWA,Bajra,Kharif     
Madhya Pradesh,KHARGONE,Bajra,Kharif     
Madhya Pradesh,MANDLA,Bajra,Kharif     
Madhya Pradesh,MANDSAUR,Bajra,Kharif     
Madhya Pradesh,MORENA,Bajra,Kharif     
Madhya Pradesh,NARSINGHPUR,Bajra,Kharif     
Madhya Pradesh,NEEMUCH,Bajra,Kharif     
Madhya Pradesh,PANNA,Bajra,Kharif     
Madhya Pradesh,RAISEN,Bajra,Kharif     
Madhya Pradesh,RAJGARH,Bajra,Kharif     
Madhya Pradesh,RATLAM,Bajra,Kharif     
Madhya Pradesh,REWA,Bajra,Kharif     
Madhya Pradesh,SAGAR,Bajra,Kharif     
Madhya Pradesh,SATNA,Bajra,Kharif     
Madhya Pradesh,SEHORE,Bajra,Kharif     
Madhya Pradesh,SEONI,Bajra,Kharif     
Madhya Pradesh,SHAHDOL,Bajra,Kharif     
Madhya Pradesh,SHAJAPUR,Bajra,Kharif     
Madhya Pradesh,SHEOPUR,Bajra,Kharif     
Madhya Pradesh,SHIVPURI,Bajra,Kharif     
Madhya Pradesh,SIDHI,Bajra,Kharif     
Madhya Pradesh,SINGRAULI,Bajra,Kharif     
Madhya Pradesh,TIKAMGARH,Bajra,Kharif     
Madhya Pradesh,UJJAIN,Bajra,Kharif     
Madhya Pradesh,UMARIA,Bajra,Kharif     
Madhya Pradesh,VIDISHA,Bajra,Kharif     
Madhya Pradesh,ANUPPUR,Banana,Whole Year 
Madhya Pradesh,BALAGHAT,Banana,Whole Year 
Madhya Pradesh,BARWANI,Banana,Whole Year 
Madhya Pradesh,BETUL,Banana,Whole Year 
Madhya Pradesh,BURHANPUR,Banana,Whole Year 
Madhya Pradesh,CHHATARPUR,Banana,Whole Year 
Madhya Pradesh,CHHINDWARA,Banana,Whole Year 
Madhya Pradesh,DAMOH,Banana,Whole Year 
Madhya Pradesh,DEWAS,Banana,Whole Year 
Madhya Pradesh,DHAR,Banana,Whole Year 
Madhya Pradesh,DINDORI,Banana,Whole Year 
Madhya Pradesh,HARDA,Banana,Whole Year 
Madhya Pradesh,HOSHANGABAD,Banana,Whole Year 
Madhya Pradesh,JABALPUR,Banana,Whole Year 
Madhya Pradesh,JHABUA,Banana,Whole Year 
Madhya Pradesh,KATNI,Banana,Whole Year 
Madhya Pradesh,KHANDWA,Banana,Whole Year 
Madhya Pradesh,KHARGONE,Banana,Whole Year 
Madhya Pradesh,MANDLA,Banana,Whole Year 
Madhya Pradesh,MANDSAUR,Banana,Whole Year 
Madhya Pradesh,NARSINGHPUR,Banana,Whole Year 
Madhya Pradesh,PANNA,Banana,Whole Year 
Madhya Pradesh,RAISEN,Banana,Whole Year 
Madhya Pradesh,RAJGARH,Banana,Whole Year 
Madhya Pradesh,RATLAM,Banana,Whole Year 
Madhya Pradesh,REWA,Banana,Whole Year 
Madhya Pradesh,SAGAR,Banana,Whole Year 
Madhya Pradesh,SATNA,Banana,Whole Year 
Madhya Pradesh,SEHORE,Banana,Whole Year 
Madhya Pradesh,SEONI,Banana,Whole Year 
Madhya Pradesh,SHAHDOL,Banana,Whole Year 
Madhya Pradesh,SHIVPURI,Banana,Whole Year 
Madhya Pradesh,SIDHI,Banana,Whole Year 
Madhya Pradesh,SINGRAULI,Banana,Whole Year 
Madhya Pradesh,TIKAMGARH,Banana,Whole Year 
Madhya Pradesh,UJJAIN,Banana,Whole Year 
Madhya Pradesh,UMARIA,Banana,Whole Year 
Madhya Pradesh,AGAR MALWA,Barley,Kharif     
Madhya Pradesh,ALIRAJPUR,Barley,Rabi       
Madhya Pradesh,ANUPPUR,Barley,Rabi       
Madhya Pradesh,ASHOKNAGAR,Barley,Rabi       
Madhya Pradesh,BALAGHAT,Barley,Rabi       
Madhya Pradesh,BARWANI,Barley,Kharif     
Madhya Pradesh,BETUL,Barley,Rabi       
Madhya Pradesh,BHIND,Barley,Rabi       
Madhya Pradesh,BHOPAL,Barley,Rabi       
Madhya Pradesh,BILASPUR,Barley,Rabi       
Madhya Pradesh,BURHANPUR,Barley,Kharif     
Madhya Pradesh,CHHATARPUR,Barley,Rabi       
Madhya Pradesh,CHHINDWARA,Barley,Rabi       
Madhya Pradesh,DAMOH,Barley,Rabi       
Madhya Pradesh,DATIA,Barley,Rabi       
Madhya Pradesh,DEWAS,Barley,Rabi       
Madhya Pradesh,DHAR,Barley,Rabi       
Madhya Pradesh,DINDORI,Barley,Rabi       
Madhya Pradesh,GUNA,Barley,Rabi       
Madhya Pradesh,GWALIOR,Barley,Rabi       
Madhya Pradesh,HARDA,Barley,Rabi       
Madhya Pradesh,HOSHANGABAD,Barley,Rabi       
Madhya Pradesh,INDORE,Barley,Rabi       
Madhya Pradesh,JABALPUR,Barley,Rabi       
Madhya Pradesh,JHABUA,Barley,Rabi       
Madhya Pradesh,KATNI,Barley,Rabi       
Madhya Pradesh,KHANDWA,Barley,Rabi       
Madhya Pradesh,KHARGONE,Barley,Kharif     
Madhya Pradesh,KORBA,Barley,Rabi       
Madhya Pradesh,KOREA,Barley,Rabi       
Madhya Pradesh,MANDLA,Barley,Rabi       
Madhya Pradesh,MANDSAUR,Barley,Rabi       
Madhya Pradesh,MORENA,Barley,Rabi       
Madhya Pradesh,NARSINGHPUR,Barley,Kharif     
Madhya Pradesh,NEEMUCH,Barley,Rabi       
Madhya Pradesh,NIWARI,Barley,Rabi       
Madhya Pradesh,PANNA,Barley,Rabi       
Madhya Pradesh,RAISEN,Barley,Rabi       
Madhya Pradesh,RAJGARH,Barley,Rabi       
Madhya Pradesh,RATLAM,Barley,Rabi       
Madhya Pradesh,REWA,Barley,Rabi       
Madhya Pradesh,SAGAR,Barley,Rabi       
Madhya Pradesh,SATNA,Barley,Rabi       
Madhya Pradesh,SEHORE,Barley,Rabi       
Madhya Pradesh,SEONI,Barley,Rabi       
Madhya Pradesh,SHAHDOL,Barley,Rabi       
Madhya Pradesh,SHAJAPUR,Barley,Rabi       
Madhya Pradesh,SHEOPUR,Barley,Rabi       
Madhya Pradesh,SHIVPURI,Barley,Rabi       
Madhya Pradesh,SIDHI,Barley,Rabi       
Madhya Pradesh,SINGRAULI,Barley,Rabi       
Madhya Pradesh,SURGUJA,Barley,Rabi       
Madhya Pradesh,TIKAMGARH,Barley,Rabi       
Madhya Pradesh,UJJAIN,Barley,Rabi       
Madhya Pradesh,UMARIA,Barley,Rabi       
Madhya Pradesh,VIDISHA,Barley,Rabi       
Madhya Pradesh,JHABUA,Cashewnut,Whole Year 
Madhya Pradesh,AGAR MALWA,Castor seed,Kharif     
Madhya Pradesh,ALIRAJPUR,Castor seed,Kharif     
Madhya Pradesh,BALAGHAT,Castor seed,Kharif     
Madhya Pradesh,BARWANI,Castor seed,Kharif     
Madhya Pradesh,BASTAR,Castor seed,Kharif     
Madhya Pradesh,BETUL,Castor seed,Kharif     
Madhya Pradesh,BHIND,Castor seed,Kharif     
Madhya Pradesh,BILASPUR,Castor seed,Kharif     
Madhya Pradesh,BURHANPUR,Castor seed,Kharif     
Madhya Pradesh,CHHATARPUR,Castor seed,Kharif     
Madhya Pradesh,CHHINDWARA,Castor seed,Kharif     
Madhya Pradesh,DANTEWADA,Castor seed,Kharif     
Madhya Pradesh,DATIA,Castor seed,Kharif     
Madhya Pradesh,DEWAS,Castor seed,Kharif     
Madhya Pradesh,DHAMTARI,Castor seed,Kharif     
Madhya Pradesh,DHAR,Castor seed,Kharif     
Madhya Pradesh,GUNA,Castor seed,Kharif     
Madhya Pradesh,HARDA,Castor seed,Kharif     
Madhya Pradesh,HOSHANGABAD,Castor seed,Kharif     
Madhya Pradesh,INDORE,Castor seed,Kharif     
Madhya Pradesh,JANJGIR-CHAMPA,Castor seed,Kharif     
Madhya Pradesh,JHABUA,Castor seed,Kharif     
Madhya Pradesh,KATNI,Castor seed,Whole Year 
Madhya Pradesh,KHANDWA,Castor seed,Kharif     
Madhya Pradesh,KHARGONE,Castor seed,Kharif     
Madhya Pradesh,MANDSAUR,Castor seed,Kharif     
Madhya Pradesh,MORENA,Castor seed,Kharif     
Madhya Pradesh,NARSINGHPUR,Castor seed,Kharif     
Madhya Pradesh,NEEMUCH,Castor seed,Kharif     
Madhya Pradesh,PANNA,Castor seed,Kharif     
Madhya Pradesh,RAIPUR,Castor seed,Kharif     
Madhya Pradesh,RAJGARH,Castor seed,Kharif     
Madhya Pradesh,RAJNANDGAON,Castor seed,Kharif     
Madhya Pradesh,RATLAM,Castor seed,Kharif     
Madhya Pradesh,REWA,Castor seed,Kharif     
Madhya Pradesh,SAGAR,Castor seed,Kharif     
Madhya Pradesh,SATNA,Castor seed,Kharif     
Madhya Pradesh,SEHORE,Castor seed,Kharif     
Madhya Pradesh,SEONI,Castor seed,Kharif     
Madhya Pradesh,SHAJAPUR,Castor seed,Kharif     
Madhya Pradesh,SHEOPUR,Castor seed,Kharif     
Madhya Pradesh,SHIVPURI,Castor seed,Kharif     
Madhya Pradesh,SIDHI,Castor seed,Kharif     
Madhya Pradesh,TIKAMGARH,Castor seed,Kharif     
Madhya Pradesh,UJJAIN,Castor seed,Kharif     
Madhya Pradesh,AGAR MALWA,Coriander,Whole Year 
Madhya Pradesh,ALIRAJPUR,Coriander,Whole Year 
Madhya Pradesh,ANUPPUR,Coriander,Whole Year 
Madhya Pradesh,ASHOKNAGAR,Coriander,Whole Year 
Madhya Pradesh,BALAGHAT,Coriander,Whole Year 
Madhya Pradesh,BARWANI,Coriander,Whole Year 
Madhya Pradesh,BETUL,Coriander,Whole Year 
Madhya Pradesh,BHIND,Coriander,Whole Year 
Madhya Pradesh,BHOPAL,Coriander,Whole Year 
Madhya Pradesh,BURHANPUR,Coriander,Whole Year 
Madhya Pradesh,CHHATARPUR,Coriander,Whole Year 
Madhya Pradesh,CHHINDWARA,Coriander,Whole Year 
Madhya Pradesh,DAMOH,Coriander,Whole Year 
Madhya Pradesh,DATIA,Coriander,Whole Year 
Madhya Pradesh,DEWAS,Coriander,Whole Year 
Madhya Pradesh,DHAR,Coriander,Whole Year 
Madhya Pradesh,DINDORI,Coriander,Whole Year 
Madhya Pradesh,GUNA,Coriander,Whole Year 
Madhya Pradesh,GWALIOR,Coriander,Whole Year 
Madhya Pradesh,HARDA,Coriander,Whole Year 
Madhya Pradesh,HOSHANGABAD,Coriander,Whole Year 
Madhya Pradesh,INDORE,Coriander,Whole Year 
Madhya Pradesh,JABALPUR,Coriander,Whole Year 
Madhya Pradesh,JHABUA,Coriander,Whole Year 
Madhya Pradesh,KATNI,Coriander,Whole Year 
Madhya Pradesh,KHANDWA,Coriander,Whole Year 
Madhya Pradesh,KHARGONE,Coriander,Whole Year 
Madhya Pradesh,MANDLA,Coriander,Whole Year 
Madhya Pradesh,MANDSAUR,Coriander,Whole Year 
Madhya Pradesh,MORENA,Coriander,Whole Year 
Madhya Pradesh,NARSINGHPUR,Coriander,Whole Year 
Madhya Pradesh,NEEMUCH,Coriander,Whole Year 
Madhya Pradesh,PANNA,Coriander,Whole Year 
Madhya Pradesh,RAISEN,Coriander,Whole Year 
Madhya Pradesh,RAJGARH,Coriander,Whole Year 
Madhya Pradesh,RATLAM,Coriander,Whole Year 
Madhya Pradesh,REWA,Coriander,Whole Year 
Madhya Pradesh,SAGAR,Coriander,Whole Year 
Madhya Pradesh,SATNA,Coriander,Whole Year 
Madhya Pradesh,SEHORE,Coriander,Whole Year 
Madhya Pradesh,SEONI,Coriander,Whole Year 
Madhya Pradesh,SHAHDOL,Coriander,Whole Year 
Madhya Pradesh,SHAJAPUR,Coriander,Whole Year 
Madhya Pradesh,SHEOPUR,Coriander,Whole Year 
Madhya Pradesh,SHIVPURI,Coriander,Whole Year 
Madhya Pradesh,SIDHI,Coriander,Whole Year 
Madhya Pradesh,SINGRAULI,Coriander,Whole Year 
Madhya Pradesh,TIKAMGARH,Coriander,Whole Year 
Madhya Pradesh,UJJAIN,Coriander,Whole Year 
Madhya Pradesh,UMARIA,Coriander,Whole Year 
Madhya Pradesh,VIDISHA,Coriander,Whole Year 
Madhya Pradesh,ALIRAJPUR,Cotton(lint),Kharif     
Madhya Pradesh,ASHOKNAGAR,Cotton(lint),Kharif     
Madhya Pradesh,BARWANI,Cotton(lint),Kharif     
Madhya Pradesh,BASTAR,Cotton(lint),Kharif     
Madhya Pradesh,BETUL,Cotton(lint),Kharif     
Madhya Pradesh,BHIND,Cotton(lint),Kharif     
Madhya Pradesh,BHOPAL,Cotton(lint),Kharif     
Madhya Pradesh,BURHANPUR,Cotton(lint),Kharif     
Madhya Pradesh,CHHATARPUR,Cotton(lint),Kharif     
Madhya Pradesh,CHHINDWARA,Cotton(lint),Kharif     
Madhya Pradesh,DANTEWADA,Cotton(lint),Kharif     
Madhya Pradesh,DATIA,Cotton(lint),Kharif     
Madhya Pradesh,DEWAS,Cotton(lint),Kharif     
Madhya Pradesh,DHAR,Cotton(lint),Kharif     
Madhya Pradesh,DINDORI,Cotton(lint),Kharif     
Madhya Pradesh,GUNA,Cotton(lint),Kharif     
Madhya Pradesh,HARDA,Cotton(lint),Kharif     
Madhya Pradesh,HOSHANGABAD,Cotton(lint),Kharif     
Madhya Pradesh,INDORE,Cotton(lint),Kharif     
Madhya Pradesh,JABALPUR,Cotton(lint),Kharif     
Madhya Pradesh,JHABUA,Cotton(lint),Kharif     
Madhya Pradesh,KATNI,Cotton(lint),Kharif     
Madhya Pradesh,KHANDWA,Cotton(lint),Kharif     
Madhya Pradesh,KHARGONE,Cotton(lint),Kharif     
Madhya Pradesh,MANDLA,Cotton(lint),Kharif     
Madhya Pradesh,MANDSAUR,Cotton(lint),Kharif     
Madhya Pradesh,MORENA,Cotton(lint),Kharif     
Madhya Pradesh,NARSINGHPUR,Cotton(lint),Kharif     
Madhya Pradesh,NEEMUCH,Cotton(lint),Kharif     
Madhya Pradesh,PANNA,Cotton(lint),Kharif     
Madhya Pradesh,RAISEN,Cotton(lint),Kharif     
Madhya Pradesh,RAJGARH,Cotton(lint),Kharif     
Madhya Pradesh,RAJNANDGAON,Cotton(lint),Kharif     
Madhya Pradesh,RATLAM,Cotton(lint),Kharif     
Madhya Pradesh,REWA,Cotton(lint),Kharif     
Madhya Pradesh,SAGAR,Cotton(lint),Kharif     
Madhya Pradesh,SATNA,Cotton(lint),Kharif     
Madhya Pradesh,SEHORE,Cotton(lint),Kharif     
Madhya Pradesh,SEONI,Cotton(lint),Kharif     
Madhya Pradesh,SHAHDOL,Cotton(lint),Kharif     
Madhya Pradesh,SHAJAPUR,Cotton(lint),Kharif     
Madhya Pradesh,SHEOPUR,Cotton(lint),Kharif     
Madhya Pradesh,SHIVPURI,Cotton(lint),Kharif     
Madhya Pradesh,SIDHI,Cotton(lint),Kharif     
Madhya Pradesh,SINGRAULI,Cotton(lint),Kharif     
Madhya Pradesh,SURGUJA,Cotton(lint),Kharif     
Madhya Pradesh,TIKAMGARH,Cotton(lint),Kharif     
Madhya Pradesh,UJJAIN,Cotton(lint),Kharif     
Madhya Pradesh,UMARIA,Cotton(lint),Kharif     
Madhya Pradesh,VIDISHA,Cotton(lint),Kharif     
Madhya Pradesh,ANUPPUR,Cowpea(Lobia),Kharif     
Madhya Pradesh,BALAGHAT,Cowpea(Lobia),Kharif     
Madhya Pradesh,BETUL,Cowpea(Lobia),Kharif     
Madhya Pradesh,BHOPAL,Cowpea(Lobia),Kharif     
Madhya Pradesh,CHHATARPUR,Cowpea(Lobia),Kharif     
Madhya Pradesh,CHHINDWARA,Cowpea(Lobia),Kharif     
Madhya Pradesh,DAMOH,Cowpea(Lobia),Kharif     
Madhya Pradesh,DATIA,Cowpea(Lobia),Kharif     
Madhya Pradesh,DHAR,Cowpea(Lobia),Kharif     
Madhya Pradesh,HOSHANGABAD,Cowpea(Lobia),Kharif     
Madhya Pradesh,JABALPUR,Cowpea(Lobia),Kharif     
Madhya Pradesh,JHABUA,Cowpea(Lobia),Kharif     
Madhya Pradesh,KATNI,Cowpea(Lobia),Kharif     
Madhya Pradesh,KHANDWA,Cowpea(Lobia),Kharif     
Madhya Pradesh,MANDLA,Cowpea(Lobia),Kharif     
Madhya Pradesh,NARSINGHPUR,Cowpea(Lobia),Kharif     
Madhya Pradesh,PANNA,Cowpea(Lobia),Kharif     
Madhya Pradesh,RAISEN,Cowpea(Lobia),Kharif     
Madhya Pradesh,REWA,Cowpea(Lobia),Kharif     
Madhya Pradesh,SAGAR,Cowpea(Lobia),Kharif     
Madhya Pradesh,SATNA,Cowpea(Lobia),Kharif     
Madhya Pradesh,SEONI,Cowpea(Lobia),Kharif     
Madhya Pradesh,SHAHDOL,Cowpea(Lobia),Kharif     
Madhya Pradesh,SHAJAPUR,Cowpea(Lobia),Kharif     
Madhya Pradesh,SIDHI,Cowpea(Lobia),Kharif     
Madhya Pradesh,SINGRAULI,Cowpea(Lobia),Kharif     
Madhya Pradesh,TIKAMGARH,Cowpea(Lobia),Kharif     
Madhya Pradesh,UMARIA,Cowpea(Lobia),Kharif     
Madhya Pradesh,AGAR MALWA,Dry chillies,Whole Year 
Madhya Pradesh,ALIRAJPUR,Dry chillies,Whole Year 
Madhya Pradesh,ANUPPUR,Dry chillies,Whole Year 
Madhya Pradesh,ASHOKNAGAR,Dry chillies,Whole Year 
Madhya Pradesh,BALAGHAT,Dry chillies,Whole Year 
Madhya Pradesh,BARWANI,Dry chillies,Whole Year 
Madhya Pradesh,BETUL,Dry chillies,Whole Year 
Madhya Pradesh,BHIND,Dry chillies,Whole Year 
Madhya Pradesh,BHOPAL,Dry chillies,Whole Year 
Madhya Pradesh,BURHANPUR,Dry chillies,Whole Year 
Madhya Pradesh,CHHATARPUR,Dry chillies,Whole Year 
Madhya Pradesh,CHHINDWARA,Dry chillies,Whole Year 
Madhya Pradesh,DAMOH,Dry chillies,Whole Year 
Madhya Pradesh,DATIA,Dry chillies,Whole Year 
Madhya Pradesh,DEWAS,Dry chillies,Whole Year 
Madhya Pradesh,DHAR,Dry chillies,Whole Year 
Madhya Pradesh,DINDORI,Dry chillies,Whole Year 
Madhya Pradesh,GUNA,Dry chillies,Whole Year 
Madhya Pradesh,GWALIOR,Dry chillies,Whole Year 
Madhya Pradesh,HARDA,Dry chillies,Whole Year 
Madhya Pradesh,HOSHANGABAD,Dry chillies,Whole Year 
Madhya Pradesh,INDORE,Dry chillies,Whole Year 
Madhya Pradesh,JABALPUR,Dry chillies,Whole Year 
Madhya Pradesh,JHABUA,Dry chillies,Whole Year 
Madhya Pradesh,KATNI,Dry chillies,Whole Year 
Madhya Pradesh,KHANDWA,Dry chillies,Whole Year 
Madhya Pradesh,KHARGONE,Dry chillies,Whole Year 
Madhya Pradesh,MANDLA,Dry chillies,Whole Year 
Madhya Pradesh,MANDSAUR,Dry chillies,Whole Year 
Madhya Pradesh,MORENA,Dry chillies,Whole Year 
Madhya Pradesh,NARSINGHPUR,Dry chillies,Whole Year 
Madhya Pradesh,NEEMUCH,Dry chillies,Whole Year 
Madhya Pradesh,PANNA,Dry chillies,Whole Year 
Madhya Pradesh,RAISEN,Dry chillies,Whole Year 
Madhya Pradesh,RAJGARH,Dry chillies,Whole Year 
Madhya Pradesh,RATLAM,Dry chillies,Whole Year 
Madhya Pradesh,REWA,Dry chillies,Whole Year 
Madhya Pradesh,SAGAR,Dry chillies,Whole Year 
Madhya Pradesh,SATNA,Dry chillies,Whole Year 
Madhya Pradesh,SEHORE,Dry chillies,Whole Year 
Madhya Pradesh,SEONI,Dry chillies,Whole Year 
Madhya Pradesh,SHAHDOL,Dry chillies,Whole Year 
Madhya Pradesh,SHAJAPUR,Dry chillies,Whole Year 
Madhya Pradesh,SHEOPUR,Dry chillies,Whole Year 
Madhya Pradesh,SHIVPURI,Dry chillies,Whole Year 
Madhya Pradesh,SIDHI,Dry chillies,Whole Year 
Madhya Pradesh,SINGRAULI,Dry chillies,Whole Year 
Madhya Pradesh,TIKAMGARH,Dry chillies,Whole Year 
Madhya Pradesh,UJJAIN,Dry chillies,Whole Year 
Madhya Pradesh,UMARIA,Dry chillies,Whole Year 
Madhya Pradesh,VIDISHA,Dry chillies,Whole Year 
Madhya Pradesh,AGAR MALWA,Garlic,Whole Year 
Madhya Pradesh,ALIRAJPUR,Garlic,Whole Year 
Madhya Pradesh,ANUPPUR,Garlic,Whole Year 
Madhya Pradesh,ASHOKNAGAR,Garlic,Whole Year 
Madhya Pradesh,BALAGHAT,Garlic,Whole Year 
Madhya Pradesh,BARWANI,Garlic,Whole Year 
Madhya Pradesh,BASTAR,Garlic,Whole Year 
Madhya Pradesh,BETUL,Garlic,Whole Year 
Madhya Pradesh,BHIND,Garlic,Whole Year 
Madhya Pradesh,BHOPAL,Garlic,Whole Year 
Madhya Pradesh,BILASPUR,Garlic,Whole Year 
Madhya Pradesh,BURHANPUR,Garlic,Whole Year 
Madhya Pradesh,CHHATARPUR,Garlic,Whole Year 
Madhya Pradesh,CHHINDWARA,Garlic,Whole Year 
Madhya Pradesh,DAMOH,Garlic,Whole Year 
Madhya Pradesh,DANTEWADA,Garlic,Whole Year 
Madhya Pradesh,DATIA,Garlic,Whole Year 
Madhya Pradesh,DEWAS,Garlic,Whole Year 
Madhya Pradesh,DHAR,Garlic,Whole Year 
Madhya Pradesh,DINDORI,Garlic,Whole Year 
Madhya Pradesh,DURG,Garlic,Whole Year 
Madhya Pradesh,GUNA,Garlic,Whole Year 
Madhya Pradesh,GWALIOR,Garlic,Whole Year 
Madhya Pradesh,HARDA,Garlic,Whole Year 
Madhya Pradesh,HOSHANGABAD,Garlic,Whole Year 
Madhya Pradesh,INDORE,Garlic,Whole Year 
Madhya Pradesh,JABALPUR,Garlic,Whole Year 
Madhya Pradesh,JANJGIR-CHAMPA,Garlic,Whole Year 
Madhya Pradesh,JASHPUR,Garlic,Whole Year 
Madhya Pradesh,JHABUA,Garlic,Whole Year 
Madhya Pradesh,KANKER,Garlic,Whole Year 
Madhya Pradesh,KATNI,Garlic,Whole Year 
Madhya Pradesh,KHANDWA,Garlic,Whole Year 
Madhya Pradesh,KHARGONE,Garlic,Whole Year 
Madhya Pradesh,KORBA,Garlic,Whole Year 
Madhya Pradesh,KOREA,Garlic,Whole Year 
Madhya Pradesh,MAHASAMUND,Garlic,Whole Year 
Madhya Pradesh,MANDLA,Garlic,Whole Year 
Madhya Pradesh,MANDSAUR,Garlic,Whole Year 
Madhya Pradesh,MORENA,Garlic,Whole Year 
Madhya Pradesh,NARSINGHPUR,Garlic,Whole Year 
Madhya Pradesh,NEEMUCH,Garlic,Whole Year 
Madhya Pradesh,PANNA,Garlic,Whole Year 
Madhya Pradesh,RAIPUR,Garlic,Whole Year 
Madhya Pradesh,RAISEN,Garlic,Whole Year 
Madhya Pradesh,RAJGARH,Garlic,Whole Year 
Madhya Pradesh,RAJNANDGAON,Garlic,Whole Year 
Madhya Pradesh,RATLAM,Garlic,Whole Year 
Madhya Pradesh,REWA,Garlic,Whole Year 
Madhya Pradesh,SAGAR,Garlic,Whole Year 
Madhya Pradesh,SATNA,Garlic,Whole Year 
Madhya Pradesh,SEHORE,Garlic,Whole Year 
Madhya Pradesh,SEONI,Garlic,Whole Year 
Madhya Pradesh,SHAHDOL,Garlic,Whole Year 
Madhya Pradesh,SHAJAPUR,Garlic,Whole Year 
Madhya Pradesh,SHEOPUR,Garlic,Whole Year 
Madhya Pradesh,SHIVPURI,Garlic,Whole Year 
Madhya Pradesh,SIDHI,Garlic,Whole Year 
Madhya Pradesh,SINGRAULI,Garlic,Whole Year 
Madhya Pradesh,SURGUJA,Garlic,Whole Year 
Madhya Pradesh,TIKAMGARH,Garlic,Whole Year 
Madhya Pradesh,UJJAIN,Garlic,Whole Year 
Madhya Pradesh,UMARIA,Garlic,Whole Year 
Madhya Pradesh,VIDISHA,Garlic,Whole Year 
Madhya Pradesh,AGAR MALWA,Ginger,Whole Year 
Madhya Pradesh,ALIRAJPUR,Ginger,Whole Year 
Madhya Pradesh,ANUPPUR,Ginger,Kharif     
Madhya Pradesh,ASHOKNAGAR,Ginger,Kharif     
Madhya Pradesh,BALAGHAT,Ginger,Kharif     
Madhya Pradesh,BARWANI,Ginger,Kharif     
Madhya Pradesh,BASTAR,Ginger,Kharif     
Madhya Pradesh,BETUL,Ginger,Kharif     
Madhya Pradesh,BHIND,Ginger,Kharif     
Madhya Pradesh,BHOPAL,Ginger,Kharif     
Madhya Pradesh,BILASPUR,Ginger,Kharif     
Madhya Pradesh,BURHANPUR,Ginger,Kharif     
Madhya Pradesh,CHHATARPUR,Ginger,Kharif     
Madhya Pradesh,CHHINDWARA,Ginger,Kharif     
Madhya Pradesh,DAMOH,Ginger,Kharif     
Madhya Pradesh,DANTEWADA,Ginger,Kharif     
Madhya Pradesh,DATIA,Ginger,Kharif     
Madhya Pradesh,DEWAS,Ginger,Kharif     
Madhya Pradesh,DHAR,Ginger,Kharif     
Madhya Pradesh,DINDORI,Ginger,Whole Year 
Madhya Pradesh,DURG,Ginger,Kharif     
Madhya Pradesh,GUNA,Ginger,Kharif     
Madhya Pradesh,GWALIOR,Ginger,Kharif     
Madhya Pradesh,HARDA,Ginger,Kharif     
Madhya Pradesh,HOSHANGABAD,Ginger,Kharif     
Madhya Pradesh,INDORE,Ginger,Kharif     
Madhya Pradesh,JABALPUR,Ginger,Kharif     
Madhya Pradesh,JANJGIR-CHAMPA,Ginger,Kharif     
Madhya Pradesh,JASHPUR,Ginger,Kharif     
Madhya Pradesh,JHABUA,Ginger,Kharif     
Madhya Pradesh,KANKER,Ginger,Kharif     
Madhya Pradesh,KATNI,Ginger,Kharif     
Madhya Pradesh,KHANDWA,Ginger,Kharif     
Madhya Pradesh,KHARGONE,Ginger,Kharif     
Madhya Pradesh,KOREA,Ginger,Kharif     
Madhya Pradesh,MANDLA,Ginger,Kharif     
Madhya Pradesh,MANDSAUR,Ginger,Kharif     
Madhya Pradesh,MORENA,Ginger,Whole Year 
Madhya Pradesh,NARSINGHPUR,Ginger,Kharif     
Madhya Pradesh,NEEMUCH,Ginger,Kharif     
Madhya Pradesh,PANNA,Ginger,Kharif     
Madhya Pradesh,RAIPUR,Ginger,Kharif     
Madhya Pradesh,RAISEN,Ginger,Kharif     
Madhya Pradesh,RAJGARH,Ginger,Kharif     
Madhya Pradesh,RAJNANDGAON,Ginger,Kharif     
Madhya Pradesh,RATLAM,Ginger,Kharif     
Madhya Pradesh,REWA,Ginger,Kharif     
Madhya Pradesh,SAGAR,Ginger,Kharif     
Madhya Pradesh,SATNA,Ginger,Kharif     
Madhya Pradesh,SEHORE,Ginger,Kharif     
Madhya Pradesh,SEONI,Ginger,Kharif     
Madhya Pradesh,SHAHDOL,Ginger,Kharif     
Madhya Pradesh,SHAJAPUR,Ginger,Kharif     
Madhya Pradesh,SHEOPUR,Ginger,Kharif     
Madhya Pradesh,SHIVPURI,Ginger,Kharif     
Madhya Pradesh,SIDHI,Ginger,Kharif     
Madhya Pradesh,SINGRAULI,Ginger,Whole Year 
Madhya Pradesh,SURGUJA,Ginger,Kharif     
Madhya Pradesh,TIKAMGARH,Ginger,Kharif     
Madhya Pradesh,UJJAIN,Ginger,Kharif     
Madhya Pradesh,UMARIA,Ginger,Kharif     
Madhya Pradesh,VIDISHA,Ginger,Kharif     
Madhya Pradesh,AGAR MALWA,Gram,Rabi       
Madhya Pradesh,ALIRAJPUR,Gram,Rabi       
Madhya Pradesh,ANUPPUR,Gram,Rabi       
Madhya Pradesh,ASHOKNAGAR,Gram,Rabi       
Madhya Pradesh,BALAGHAT,Gram,Rabi       
Madhya Pradesh,BARWANI,Gram,Rabi       
Madhya Pradesh,BASTAR,Gram,Rabi       
Madhya Pradesh,BETUL,Gram,Rabi       
Madhya Pradesh,BHIND,Gram,Rabi       
Madhya Pradesh,BHOPAL,Gram,Rabi       
Madhya Pradesh,BILASPUR,Gram,Rabi       
Madhya Pradesh,BURHANPUR,Gram,Rabi       
Madhya Pradesh,CHHATARPUR,Gram,Rabi       
Madhya Pradesh,CHHINDWARA,Gram,Rabi       
Madhya Pradesh,DAMOH,Gram,Rabi       
Madhya Pradesh,DANTEWADA,Gram,Rabi       
Madhya Pradesh,DATIA,Gram,Rabi       
Madhya Pradesh,DEWAS,Gram,Rabi       
Madhya Pradesh,DHAMTARI,Gram,Rabi       
Madhya Pradesh,DHAR,Gram,Rabi       
Madhya Pradesh,DINDORI,Gram,Rabi       
Madhya Pradesh,DURG,Gram,Rabi       
Madhya Pradesh,GUNA,Gram,Rabi       
Madhya Pradesh,GWALIOR,Gram,Rabi       
Madhya Pradesh,HARDA,Gram,Rabi       
Madhya Pradesh,HOSHANGABAD,Gram,Rabi       
Madhya Pradesh,INDORE,Gram,Rabi       
Madhya Pradesh,JABALPUR,Gram,Rabi       
Madhya Pradesh,JANJGIR-CHAMPA,Gram,Rabi       
Madhya Pradesh,JASHPUR,Gram,Rabi       
Madhya Pradesh,JHABUA,Gram,Rabi       
Madhya Pradesh,KABIRDHAM,Gram,Rabi       
Madhya Pradesh,KANKER,Gram,Rabi       
Madhya Pradesh,KATNI,Gram,Rabi       
Madhya Pradesh,KHANDWA,Gram,Rabi       
Madhya Pradesh,KHARGONE,Gram,Rabi       
Madhya Pradesh,KORBA,Gram,Rabi       
Madhya Pradesh,KOREA,Gram,Rabi       
Madhya Pradesh,MAHASAMUND,Gram,Rabi       
Madhya Pradesh,MANDLA,Gram,Rabi       
Madhya Pradesh,MANDSAUR,Gram,Rabi       
Madhya Pradesh,MORENA,Gram,Rabi       
Madhya Pradesh,NARSINGHPUR,Gram,Rabi       
Madhya Pradesh,NEEMUCH,Gram,Rabi       
Madhya Pradesh,NIWARI,Gram,Rabi       
Madhya Pradesh,PANNA,Gram,Rabi       
Madhya Pradesh,RAIPUR,Gram,Rabi       
Madhya Pradesh,RAISEN,Gram,Rabi       
Madhya Pradesh,RAJGARH,Gram,Rabi       
Madhya Pradesh,RAJNANDGAON,Gram,Rabi       
Madhya Pradesh,RATLAM,Gram,Rabi       
Madhya Pradesh,REWA,Gram,Rabi       
Madhya Pradesh,SAGAR,Gram,Rabi       
Madhya Pradesh,SATNA,Gram,Rabi       
Madhya Pradesh,SEHORE,Gram,Rabi       
Madhya Pradesh,SEONI,Gram,Rabi       
Madhya Pradesh,SHAHDOL,Gram,Rabi       
Madhya Pradesh,SHAJAPUR,Gram,Rabi       
Madhya Pradesh,SHEOPUR,Gram,Rabi       
Madhya Pradesh,SHIVPURI,Gram,Rabi       
Madhya Pradesh,SIDHI,Gram,Rabi       
Madhya Pradesh,SINGRAULI,Gram,Rabi       
Madhya Pradesh,SURGUJA,Gram,Rabi       
Madhya Pradesh,TIKAMGARH,Gram,Rabi       
Madhya Pradesh,UJJAIN,Gram,Rabi       
Madhya Pradesh,UMARIA,Gram,Rabi       
Madhya Pradesh,VIDISHA,Gram,Rabi       
Madhya Pradesh,AGAR MALWA,Groundnut,Kharif     
Madhya Pradesh,ALIRAJPUR,Groundnut,Kharif     
Madhya Pradesh,ANUPPUR,Groundnut,Kharif     
Madhya Pradesh,ASHOKNAGAR,Groundnut,Kharif     
Madhya Pradesh,BALAGHAT,Groundnut,Kharif     
Madhya Pradesh,BARWANI,Groundnut,Kharif     
Madhya Pradesh,BASTAR,Groundnut,Kharif     
Madhya Pradesh,BETUL,Groundnut,Kharif     
Madhya Pradesh,BHIND,Groundnut,Kharif     
Madhya Pradesh,BHOPAL,Groundnut,Kharif     
Madhya Pradesh,BILASPUR,Groundnut,Kharif     
Madhya Pradesh,BURHANPUR,Groundnut,Kharif     
Madhya Pradesh,CHHATARPUR,Groundnut,Kharif     
Madhya Pradesh,CHHINDWARA,Groundnut,Kharif     
Madhya Pradesh,DAMOH,Groundnut,Kharif     
Madhya Pradesh,DANTEWADA,Groundnut,Kharif     
Madhya Pradesh,DATIA,Groundnut,Kharif     
Madhya Pradesh,DEWAS,Groundnut,Kharif     
Madhya Pradesh,DHAR,Groundnut,Kharif     
Madhya Pradesh,DINDORI,Groundnut,Kharif     
Madhya Pradesh,DURG,Groundnut,Kharif     
Madhya Pradesh,GUNA,Groundnut,Kharif     
Madhya Pradesh,GWALIOR,Groundnut,Kharif     
Madhya Pradesh,HARDA,Groundnut,Kharif     
Madhya Pradesh,HOSHANGABAD,Groundnut,Kharif     
Madhya Pradesh,INDORE,Groundnut,Kharif     
Madhya Pradesh,JABALPUR,Groundnut,Kharif     
Madhya Pradesh,JANJGIR-CHAMPA,Groundnut,Kharif     
Madhya Pradesh,JASHPUR,Groundnut,Kharif     
Madhya Pradesh,JHABUA,Groundnut,Kharif     
Madhya Pradesh,KABIRDHAM,Groundnut,Kharif     
Madhya Pradesh,KATNI,Groundnut,Kharif     
Madhya Pradesh,KHANDWA,Groundnut,Kharif     
Madhya Pradesh,KHARGONE,Groundnut,Kharif     
Madhya Pradesh,KORBA,Groundnut,Kharif     
Madhya Pradesh,KOREA,Groundnut,Kharif     
Madhya Pradesh,MAHASAMUND,Groundnut,Kharif     
Madhya Pradesh,MANDLA,Groundnut,Kharif     
Madhya Pradesh,MANDSAUR,Groundnut,Kharif     
Madhya Pradesh,MORENA,Groundnut,Kharif     
Madhya Pradesh,NARSINGHPUR,Groundnut,Kharif     
Madhya Pradesh,NEEMUCH,Groundnut,Kharif     
Madhya Pradesh,PANNA,Groundnut,Kharif     
Madhya Pradesh,RAIPUR,Groundnut,Kharif     
Madhya Pradesh,RAISEN,Groundnut,Kharif     
Madhya Pradesh,RAJGARH,Groundnut,Kharif     
Madhya Pradesh,RAJNANDGAON,Groundnut,Kharif     
Madhya Pradesh,RATLAM,Groundnut,Kharif     
Madhya Pradesh,REWA,Groundnut,Kharif     
Madhya Pradesh,SAGAR,Groundnut,Kharif     
Madhya Pradesh,SATNA,Groundnut,Kharif     
Madhya Pradesh,SEHORE,Groundnut,Kharif     
Madhya Pradesh,SEONI,Groundnut,Kharif     
Madhya Pradesh,SHAHDOL,Groundnut,Kharif     
Madhya Pradesh,SHAJAPUR,Groundnut,Kharif     
Madhya Pradesh,SHEOPUR,Groundnut,Kharif     
Madhya Pradesh,SHIVPURI,Groundnut,Kharif     
Madhya Pradesh,SIDHI,Groundnut,Kharif     
Madhya Pradesh,SINGRAULI,Groundnut,Kharif     
Madhya Pradesh,SURGUJA,Groundnut,Kharif     
Madhya Pradesh,TIKAMGARH,Groundnut,Kharif     
Madhya Pradesh,UJJAIN,Groundnut,Kharif     
Madhya Pradesh,UMARIA,Groundnut,Kharif     
Madhya Pradesh,VIDISHA,Groundnut,Kharif     
Madhya Pradesh,ALIRAJPUR,Horse-gram,Kharif     
Madhya Pradesh,ANUPPUR,Horse-gram,Kharif     
Madhya Pradesh,BALAGHAT,Horse-gram,Kharif     
Madhya Pradesh,BARWANI,Horse-gram,Kharif     
Madhya Pradesh,BETUL,Horse-gram,Kharif     
Madhya Pradesh,BHIND,Horse-gram,Kharif     
Madhya Pradesh,BURHANPUR,Horse-gram,Kharif     
Madhya Pradesh,CHHATARPUR,Horse-gram,Rabi       
Madhya Pradesh,CHHINDWARA,Horse-gram,Kharif     
Madhya Pradesh,DAMOH,Horse-gram,Kharif     
Madhya Pradesh,DHAR,Horse-gram,Kharif     
Madhya Pradesh,GWALIOR,Horse-gram,Kharif     
Madhya Pradesh,HARDA,Horse-gram,Rabi       
Madhya Pradesh,HOSHANGABAD,Horse-gram,Kharif     
Madhya Pradesh,JABALPUR,Horse-gram,Kharif     
Madhya Pradesh,JHABUA,Horse-gram,Kharif     
Madhya Pradesh,KATNI,Horse-gram,Rabi       
Madhya Pradesh,KHANDWA,Horse-gram,Kharif     
Madhya Pradesh,KHARGONE,Horse-gram,Kharif     
Madhya Pradesh,MANDLA,Horse-gram,Kharif     
Madhya Pradesh,NARSINGHPUR,Horse-gram,Rabi       
Madhya Pradesh,RAISEN,Horse-gram,Kharif     
Madhya Pradesh,REWA,Horse-gram,Kharif     
Madhya Pradesh,SAGAR,Horse-gram,Kharif     
Madhya Pradesh,SATNA,Horse-gram,Kharif     
Madhya Pradesh,SEHORE,Horse-gram,Kharif     
Madhya Pradesh,SEONI,Horse-gram,Kharif     
Madhya Pradesh,SHAHDOL,Horse-gram,Kharif     
Madhya Pradesh,SHIVPURI,Horse-gram,Rabi       
Madhya Pradesh,UJJAIN,Horse-gram,Kharif     
Madhya Pradesh,AGAR MALWA,Jowar,Kharif     
Madhya Pradesh,ALIRAJPUR,Jowar,Kharif     
Madhya Pradesh,ANUPPUR,Jowar,Kharif     
Madhya Pradesh,ASHOKNAGAR,Jowar,Kharif     
Madhya Pradesh,BALAGHAT,Jowar,Kharif     
Madhya Pradesh,BARWANI,Jowar,Kharif     
Madhya Pradesh,BASTAR,Jowar,Kharif     
Madhya Pradesh,BETUL,Jowar,Kharif     
Madhya Pradesh,BHIND,Jowar,Kharif     
Madhya Pradesh,BHOPAL,Jowar,Kharif     
Madhya Pradesh,BILASPUR,Jowar,Kharif     
Madhya Pradesh,BURHANPUR,Jowar,Kharif     
Madhya Pradesh,CHHATARPUR,Jowar,Kharif     
Madhya Pradesh,CHHINDWARA,Jowar,Kharif     
Madhya Pradesh,DAMOH,Jowar,Kharif     
Madhya Pradesh,DANTEWADA,Jowar,Kharif     
Madhya Pradesh,DATIA,Jowar,Kharif     
Madhya Pradesh,DEWAS,Jowar,Kharif     
Madhya Pradesh,DHAMTARI,Jowar,Kharif     
Madhya Pradesh,DHAR,Jowar,Kharif     
Madhya Pradesh,DINDORI,Jowar,Kharif     
Madhya Pradesh,DURG,Jowar,Kharif     
Madhya Pradesh,GUNA,Jowar,Kharif     
Madhya Pradesh,GWALIOR,Jowar,Kharif     
Madhya Pradesh,HARDA,Jowar,Kharif     
Madhya Pradesh,HOSHANGABAD,Jowar,Kharif     
Madhya Pradesh,INDORE,Jowar,Kharif     
Madhya Pradesh,JABALPUR,Jowar,Kharif     
Madhya Pradesh,JASHPUR,Jowar,Kharif     
Madhya Pradesh,JHABUA,Jowar,Kharif     
Madhya Pradesh,KABIRDHAM,Jowar,Kharif     
Madhya Pradesh,KANKER,Jowar,Kharif     
Madhya Pradesh,KATNI,Jowar,Kharif     
Madhya Pradesh,KHANDWA,Jowar,Kharif     
Madhya Pradesh,KHARGONE,Jowar,Kharif     
Madhya Pradesh,KORBA,Jowar,Kharif     
Madhya Pradesh,KOREA,Jowar,Kharif     
Madhya Pradesh,MAHASAMUND,Jowar,Kharif     
Madhya Pradesh,MANDLA,Jowar,Kharif     
Madhya Pradesh,MANDSAUR,Jowar,Kharif     
Madhya Pradesh,MORENA,Jowar,Kharif     
Madhya Pradesh,NARSINGHPUR,Jowar,Kharif     
Madhya Pradesh,NEEMUCH,Jowar,Kharif     
Madhya Pradesh,PANNA,Jowar,Kharif     
Madhya Pradesh,RAIPUR,Jowar,Kharif     
Madhya Pradesh,RAISEN,Jowar,Kharif     
Madhya Pradesh,RAJGARH,Jowar,Kharif     
Madhya Pradesh,RAJNANDGAON,Jowar,Kharif     
Madhya Pradesh,RATLAM,Jowar,Kharif     
Madhya Pradesh,REWA,Jowar,Kharif     
Madhya Pradesh,SAGAR,Jowar,Kharif     
Madhya Pradesh,SATNA,Jowar,Kharif     
Madhya Pradesh,SEHORE,Jowar,Kharif     
Madhya Pradesh,SEONI,Jowar,Kharif     
Madhya Pradesh,SHAHDOL,Jowar,Kharif     
Madhya Pradesh,SHAJAPUR,Jowar,Kharif     
Madhya Pradesh,SHEOPUR,Jowar,Kharif     
Madhya Pradesh,SHIVPURI,Jowar,Kharif     
Madhya Pradesh,SIDHI,Jowar,Kharif     
Madhya Pradesh,SINGRAULI,Jowar,Kharif     
Madhya Pradesh,SURGUJA,Jowar,Kharif     
Madhya Pradesh,TIKAMGARH,Jowar,Kharif     
Madhya Pradesh,UJJAIN,Jowar,Kharif     
Madhya Pradesh,UMARIA,Jowar,Kharif     
Madhya Pradesh,VIDISHA,Jowar,Kharif     
Madhya Pradesh,AGAR MALWA,Jute,Kharif     
Madhya Pradesh,ALIRAJPUR,Jute,Kharif     
Madhya Pradesh,ANUPPUR,Jute,Kharif     
Madhya Pradesh,BALAGHAT,Jute,Kharif     
Madhya Pradesh,BARWANI,Jute,Kharif     
Madhya Pradesh,BETUL,Jute,Kharif     
Madhya Pradesh,BHIND,Jute,Kharif     
Madhya Pradesh,BHOPAL,Jute,Kharif     
Madhya Pradesh,BURHANPUR,Jute,Kharif     
Madhya Pradesh,CHHATARPUR,Jute,Kharif     
Madhya Pradesh,CHHINDWARA,Jute,Kharif     
Madhya Pradesh,DATIA,Jute,Kharif     
Madhya Pradesh,DEWAS,Jute,Kharif     
Madhya Pradesh,DHAR,Jute,Kharif     
Madhya Pradesh,DINDORI,Jute,Kharif     
Madhya Pradesh,GWALIOR,Jute,Kharif     
Madhya Pradesh,HARDA,Jute,Kharif     
Madhya Pradesh,HOSHANGABAD,Jute,Kharif     
Madhya Pradesh,INDORE,Jute,Kharif     
Madhya Pradesh,JABALPUR,Jute,Kharif     
Madhya Pradesh,JHABUA,Jute,Kharif     
Madhya Pradesh,KATNI,Jute,Kharif     
Madhya Pradesh,KHANDWA,Jute,Kharif     
Madhya Pradesh,KHARGONE,Jute,Kharif     
Madhya Pradesh,MANDLA,Jute,Kharif     
Madhya Pradesh,MANDSAUR,Jute,Kharif     
Madhya Pradesh,MORENA,Jute,Kharif     
Madhya Pradesh,NARSINGHPUR,Jute,Kharif     
Madhya Pradesh,NEEMUCH,Jute,Kharif     
Madhya Pradesh,PANNA,Jute,Kharif     
Madhya Pradesh,RAISEN,Jute,Kharif     
Madhya Pradesh,RAJGARH,Jute,Kharif     
Madhya Pradesh,RATLAM,Jute,Kharif     
Madhya Pradesh,REWA,Jute,Kharif     
Madhya Pradesh,SAGAR,Jute,Kharif     
Madhya Pradesh,SATNA,Jute,Kharif     
Madhya Pradesh,SEHORE,Jute,Kharif     
Madhya Pradesh,SEONI,Jute,Kharif     
Madhya Pradesh,SHAHDOL,Jute,Kharif     
Madhya Pradesh,SHAJAPUR,Jute,Kharif     
Madhya Pradesh,SHEOPUR,Jute,Kharif     
Madhya Pradesh,SHIVPURI,Jute,Kharif     
Madhya Pradesh,SIDHI,Jute,Kharif     
Madhya Pradesh,SINGRAULI,Jute,Kharif     
Madhya Pradesh,TIKAMGARH,Jute,Kharif     
Madhya Pradesh,UJJAIN,Jute,Kharif     
Madhya Pradesh,UMARIA,Jute,Kharif     
Madhya Pradesh,VIDISHA,Jute,Kharif     
Madhya Pradesh,ANUPPUR,Khesari,Rabi       
Madhya Pradesh,ASHOKNAGAR,Khesari,Rabi       
Madhya Pradesh,BALAGHAT,Khesari,Rabi       
Madhya Pradesh,BETUL,Khesari,Rabi       
Madhya Pradesh,BHIND,Khesari,Rabi       
Madhya Pradesh,BHOPAL,Khesari,Rabi       
Madhya Pradesh,BURHANPUR,Khesari,Rabi       
Madhya Pradesh,CHHATARPUR,Khesari,Rabi       
Madhya Pradesh,CHHINDWARA,Khesari,Rabi       
Madhya Pradesh,DAMOH,Khesari,Rabi       
Madhya Pradesh,DATIA,Khesari,Whole Year 
Madhya Pradesh,DEWAS,Khesari,Rabi       
Madhya Pradesh,DHAR,Khesari,Rabi       
Madhya Pradesh,DINDORI,Khesari,Rabi       
Madhya Pradesh,GUNA,Khesari,Rabi       
Madhya Pradesh,HARDA,Khesari,Rabi       
Madhya Pradesh,HOSHANGABAD,Khesari,Rabi       
Madhya Pradesh,INDORE,Khesari,Rabi       
Madhya Pradesh,JABALPUR,Khesari,Rabi       
Madhya Pradesh,KATNI,Khesari,Rabi       
Madhya Pradesh,KHANDWA,Khesari,Rabi       
Madhya Pradesh,MANDLA,Khesari,Rabi       
Madhya Pradesh,NARSINGHPUR,Khesari,Rabi       
Madhya Pradesh,PANNA,Khesari,Rabi       
Madhya Pradesh,RAISEN,Khesari,Rabi       
Madhya Pradesh,REWA,Khesari,Rabi       
Madhya Pradesh,SAGAR,Khesari,Rabi       
Madhya Pradesh,SEHORE,Khesari,Rabi       
Madhya Pradesh,SEONI,Khesari,Rabi       
Madhya Pradesh,SHAHDOL,Khesari,Rabi       
Madhya Pradesh,SHIVPURI,Khesari,Rabi       
Madhya Pradesh,SIDHI,Khesari,Rabi       
Madhya Pradesh,SINGRAULI,Khesari,Rabi       
Madhya Pradesh,TIKAMGARH,Khesari,Rabi       
Madhya Pradesh,UJJAIN,Khesari,Rabi       
Madhya Pradesh,UMARIA,Khesari,Whole Year 
Madhya Pradesh,VIDISHA,Khesari,Rabi       
Madhya Pradesh,AGAR MALWA,Linseed,Rabi       
Madhya Pradesh,ALIRAJPUR,Linseed,Whole Year 
Madhya Pradesh,ANUPPUR,Linseed,Rabi       
Madhya Pradesh,ASHOKNAGAR,Linseed,Rabi       
Madhya Pradesh,BALAGHAT,Linseed,Rabi       
Madhya Pradesh,BARWANI,Linseed,Rabi       
Madhya Pradesh,BASTAR,Linseed,Rabi       
Madhya Pradesh,BETUL,Linseed,Rabi       
Madhya Pradesh,BHIND,Linseed,Rabi       
Madhya Pradesh,BHOPAL,Linseed,Rabi       
Madhya Pradesh,BILASPUR,Linseed,Rabi       
Madhya Pradesh,BURHANPUR,Linseed,Rabi       
Madhya Pradesh,CHHATARPUR,Linseed,Rabi       
Madhya Pradesh,CHHINDWARA,Linseed,Rabi       
Madhya Pradesh,DAMOH,Linseed,Rabi       
Madhya Pradesh,DANTEWADA,Linseed,Rabi       
Madhya Pradesh,DATIA,Linseed,Rabi       
Madhya Pradesh,DEWAS,Linseed,Rabi       
Madhya Pradesh,DHAMTARI,Linseed,Rabi       
Madhya Pradesh,DHAR,Linseed,Rabi       
Madhya Pradesh,DINDORI,Linseed,Rabi       
Madhya Pradesh,DURG,Linseed,Rabi       
Madhya Pradesh,GUNA,Linseed,Rabi       
Madhya Pradesh,GWALIOR,Linseed,Rabi       
Madhya Pradesh,HARDA,Linseed,Rabi       
Madhya Pradesh,HOSHANGABAD,Linseed,Rabi       
Madhya Pradesh,INDORE,Linseed,Rabi       
Madhya Pradesh,JABALPUR,Linseed,Rabi       
Madhya Pradesh,JANJGIR-CHAMPA,Linseed,Rabi       
Madhya Pradesh,JASHPUR,Linseed,Rabi       
Madhya Pradesh,JHABUA,Linseed,Rabi       
Madhya Pradesh,KABIRDHAM,Linseed,Rabi       
Madhya Pradesh,KANKER,Linseed,Rabi       
Madhya Pradesh,KATNI,Linseed,Rabi       
Madhya Pradesh,KHANDWA,Linseed,Rabi       
Madhya Pradesh,KHARGONE,Linseed,Rabi       
Madhya Pradesh,KORBA,Linseed,Rabi       
Madhya Pradesh,KOREA,Linseed,Rabi       
Madhya Pradesh,MAHASAMUND,Linseed,Rabi       
Madhya Pradesh,MANDLA,Linseed,Rabi       
Madhya Pradesh,MANDSAUR,Linseed,Rabi       
Madhya Pradesh,MORENA,Linseed,Rabi       
Madhya Pradesh,NARSINGHPUR,Linseed,Rabi       
Madhya Pradesh,NEEMUCH,Linseed,Rabi       
Madhya Pradesh,NIWARI,Linseed,Rabi       
Madhya Pradesh,PANNA,Linseed,Rabi       
Madhya Pradesh,RAIPUR,Linseed,Rabi       
Madhya Pradesh,RAISEN,Linseed,Rabi       
Madhya Pradesh,RAJGARH,Linseed,Rabi       
Madhya Pradesh,RAJNANDGAON,Linseed,Rabi       
Madhya Pradesh,RATLAM,Linseed,Rabi       
Madhya Pradesh,REWA,Linseed,Rabi       
Madhya Pradesh,SAGAR,Linseed,Rabi       
Madhya Pradesh,SATNA,Linseed,Rabi       
Madhya Pradesh,SEHORE,Linseed,Rabi       
Madhya Pradesh,SEONI,Linseed,Rabi       
Madhya Pradesh,SHAHDOL,Linseed,Rabi       
Madhya Pradesh,SHAJAPUR,Linseed,Rabi       
Madhya Pradesh,SHEOPUR,Linseed,Rabi       
Madhya Pradesh,SHIVPURI,Linseed,Rabi       
Madhya Pradesh,SIDHI,Linseed,Rabi       
Madhya Pradesh,SINGRAULI,Linseed,Rabi       
Madhya Pradesh,SURGUJA,Linseed,Rabi       
Madhya Pradesh,TIKAMGARH,Linseed,Rabi       
Madhya Pradesh,UJJAIN,Linseed,Rabi       
Madhya Pradesh,UMARIA,Linseed,Rabi       
Madhya Pradesh,VIDISHA,Linseed,Rabi       
Madhya Pradesh,AGAR MALWA,Maize,Kharif     
Madhya Pradesh,ALIRAJPUR,Maize,Kharif     
Madhya Pradesh,ANUPPUR,Maize,Kharif     
Madhya Pradesh,ASHOKNAGAR,Maize,Kharif     
Madhya Pradesh,BALAGHAT,Maize,Kharif     
Madhya Pradesh,BARWANI,Maize,Kharif     
Madhya Pradesh,BASTAR,Maize,Kharif     
Madhya Pradesh,BETUL,Maize,Kharif     
Madhya Pradesh,BHIND,Maize,Kharif     
Madhya Pradesh,BHOPAL,Maize,Kharif     
Madhya Pradesh,BILASPUR,Maize,Kharif     
Madhya Pradesh,BURHANPUR,Maize,Kharif     
Madhya Pradesh,CHHATARPUR,Maize,Kharif     
Madhya Pradesh,CHHINDWARA,Maize,Kharif     
Madhya Pradesh,DAMOH,Maize,Kharif     
Madhya Pradesh,DANTEWADA,Maize,Kharif     
Madhya Pradesh,DATIA,Maize,Kharif     
Madhya Pradesh,DEWAS,Maize,Kharif     
Madhya Pradesh,DHAMTARI,Maize,Kharif     
Madhya Pradesh,DHAR,Maize,Kharif     
Madhya Pradesh,DINDORI,Maize,Kharif     
Madhya Pradesh,DURG,Maize,Kharif     
Madhya Pradesh,GUNA,Maize,Kharif     
Madhya Pradesh,GWALIOR,Maize,Kharif     
Madhya Pradesh,HARDA,Maize,Kharif     
Madhya Pradesh,HOSHANGABAD,Maize,Kharif     
Madhya Pradesh,INDORE,Maize,Kharif     
Madhya Pradesh,JABALPUR,Maize,Kharif     
Madhya Pradesh,JANJGIR-CHAMPA,Maize,Kharif     
Madhya Pradesh,JASHPUR,Maize,Kharif     
Madhya Pradesh,JHABUA,Maize,Kharif     
Madhya Pradesh,KABIRDHAM,Maize,Kharif     
Madhya Pradesh,KANKER,Maize,Kharif     
Madhya Pradesh,KATNI,Maize,Kharif     
Madhya Pradesh,KHANDWA,Maize,Kharif     
Madhya Pradesh,KHARGONE,Maize,Kharif     
Madhya Pradesh,KORBA,Maize,Kharif     
Madhya Pradesh,KOREA,Maize,Kharif     
Madhya Pradesh,MAHASAMUND,Maize,Kharif     
Madhya Pradesh,MANDLA,Maize,Kharif     
Madhya Pradesh,MANDSAUR,Maize,Kharif     
Madhya Pradesh,MORENA,Maize,Kharif     
Madhya Pradesh,NARSINGHPUR,Maize,Kharif     
Madhya Pradesh,NEEMUCH,Maize,Kharif     
Madhya Pradesh,PANNA,Maize,Kharif     
Madhya Pradesh,RAIPUR,Maize,Kharif     
Madhya Pradesh,RAISEN,Maize,Kharif     
Madhya Pradesh,RAJGARH,Maize,Kharif     
Madhya Pradesh,RAJNANDGAON,Maize,Kharif     
Madhya Pradesh,RATLAM,Maize,Kharif     
Madhya Pradesh,REWA,Maize,Kharif     
Madhya Pradesh,SAGAR,Maize,Kharif     
Madhya Pradesh,SATNA,Maize,Kharif     
Madhya Pradesh,SEHORE,Maize,Kharif     
Madhya Pradesh,SEONI,Maize,Kharif     
Madhya Pradesh,SHAHDOL,Maize,Kharif     
Madhya Pradesh,SHAJAPUR,Maize,Kharif     
Madhya Pradesh,SHEOPUR,Maize,Kharif     
Madhya Pradesh,SHIVPURI,Maize,Kharif     
Madhya Pradesh,SIDHI,Maize,Kharif     
Madhya Pradesh,SINGRAULI,Maize,Kharif     
Madhya Pradesh,SURGUJA,Maize,Kharif     
Madhya Pradesh,TIKAMGARH,Maize,Kharif     
Madhya Pradesh,UJJAIN,Maize,Kharif     
Madhya Pradesh,UMARIA,Maize,Kharif     
Madhya Pradesh,VIDISHA,Maize,Kharif     
Madhya Pradesh,AGAR MALWA,Masoor,Rabi       
Madhya Pradesh,ANUPPUR,Masoor,Rabi       
Madhya Pradesh,ASHOKNAGAR,Masoor,Rabi       
Madhya Pradesh,BALAGHAT,Masoor,Rabi       
Madhya Pradesh,BETUL,Masoor,Rabi       
Madhya Pradesh,BHIND,Masoor,Rabi       
Madhya Pradesh,BHOPAL,Masoor,Rabi       
Madhya Pradesh,BURHANPUR,Masoor,Rabi       
Madhya Pradesh,CHHATARPUR,Masoor,Rabi       
Madhya Pradesh,CHHINDWARA,Masoor,Rabi       
Madhya Pradesh,DAMOH,Masoor,Rabi       
Madhya Pradesh,DATIA,Masoor,Rabi       
Madhya Pradesh,DEWAS,Masoor,Rabi       
Madhya Pradesh,DHAR,Masoor,Rabi       
Madhya Pradesh,DINDORI,Masoor,Rabi       
Madhya Pradesh,GUNA,Masoor,Rabi       
Madhya Pradesh,GWALIOR,Masoor,Rabi       
Madhya Pradesh,HARDA,Masoor,Rabi       
Madhya Pradesh,HOSHANGABAD,Masoor,Rabi       
Madhya Pradesh,INDORE,Masoor,Rabi       
Madhya Pradesh,JABALPUR,Masoor,Rabi       
Madhya Pradesh,JHABUA,Masoor,Rabi       
Madhya Pradesh,KATNI,Masoor,Rabi       
Madhya Pradesh,KHANDWA,Masoor,Rabi       
Madhya Pradesh,KHARGONE,Masoor,Rabi       
Madhya Pradesh,MANDLA,Masoor,Rabi       
Madhya Pradesh,MANDSAUR,Masoor,Rabi       
Madhya Pradesh,MORENA,Masoor,Rabi       
Madhya Pradesh,NARSINGHPUR,Masoor,Rabi       
Madhya Pradesh,NEEMUCH,Masoor,Rabi       
Madhya Pradesh,NIWARI,Masoor,Rabi       
Madhya Pradesh,PANNA,Masoor,Rabi       
Madhya Pradesh,RAISEN,Masoor,Rabi       
Madhya Pradesh,RAJGARH,Masoor,Rabi       
Madhya Pradesh,RATLAM,Masoor,Rabi       
Madhya Pradesh,REWA,Masoor,Rabi       
Madhya Pradesh,SAGAR,Masoor,Rabi       
Madhya Pradesh,SATNA,Masoor,Rabi       
Madhya Pradesh,SEHORE,Masoor,Rabi       
Madhya Pradesh,SEONI,Masoor,Rabi       
Madhya Pradesh,SHAHDOL,Masoor,Rabi       
Madhya Pradesh,SHAJAPUR,Masoor,Rabi       
Madhya Pradesh,SHEOPUR,Masoor,Rabi       
Madhya Pradesh,SHIVPURI,Masoor,Rabi       
Madhya Pradesh,SIDHI,Masoor,Rabi       
Madhya Pradesh,SINGRAULI,Masoor,Rabi       
Madhya Pradesh,TIKAMGARH,Masoor,Rabi       
Madhya Pradesh,UJJAIN,Masoor,Rabi       
Madhya Pradesh,UMARIA,Masoor,Rabi       
Madhya Pradesh,VIDISHA,Masoor,Rabi       
Madhya Pradesh,ALIRAJPUR,Mesta,Whole Year 
Madhya Pradesh,ANUPPUR,Mesta,Kharif     
Madhya Pradesh,ASHOKNAGAR,Mesta,Kharif     
Madhya Pradesh,BALAGHAT,Mesta,Kharif     
Madhya Pradesh,BARWANI,Mesta,Kharif     
Madhya Pradesh,BETUL,Mesta,Kharif     
Madhya Pradesh,BHIND,Mesta,Kharif     
Madhya Pradesh,BURHANPUR,Mesta,Kharif     
Madhya Pradesh,CHHATARPUR,Mesta,Kharif     
Madhya Pradesh,CHHINDWARA,Mesta,Kharif     
Madhya Pradesh,DAMOH,Mesta,Kharif     
Madhya Pradesh,DATIA,Mesta,Kharif     
Madhya Pradesh,DEWAS,Mesta,Kharif     
Madhya Pradesh,DHAR,Mesta,Kharif     
Madhya Pradesh,DINDORI,Mesta,Kharif     
Madhya Pradesh,GWALIOR,Mesta,Kharif     
Madhya Pradesh,HARDA,Mesta,Kharif     
Madhya Pradesh,HOSHANGABAD,Mesta,Kharif     
Madhya Pradesh,INDORE,Mesta,Kharif     
Madhya Pradesh,JABALPUR,Mesta,Kharif     
Madhya Pradesh,JHABUA,Mesta,Kharif     
Madhya Pradesh,KATNI,Mesta,Kharif     
Madhya Pradesh,KHANDWA,Mesta,Kharif     
Madhya Pradesh,KHARGONE,Mesta,Kharif     
Madhya Pradesh,MANDLA,Mesta,Kharif     
Madhya Pradesh,MANDSAUR,Mesta,Kharif     
Madhya Pradesh,MORENA,Mesta,Kharif     
Madhya Pradesh,NARSINGHPUR,Mesta,Kharif     
Madhya Pradesh,NEEMUCH,Mesta,Kharif     
Madhya Pradesh,PANNA,Mesta,Kharif     
Madhya Pradesh,RAISEN,Mesta,Kharif     
Madhya Pradesh,RAJGARH,Mesta,Kharif     
Madhya Pradesh,REWA,Mesta,Kharif     
Madhya Pradesh,SAGAR,Mesta,Kharif     
Madhya Pradesh,SATNA,Mesta,Kharif     
Madhya Pradesh,SEHORE,Mesta,Kharif     
Madhya Pradesh,SEONI,Mesta,Kharif     
Madhya Pradesh,SHAHDOL,Mesta,Kharif     
Madhya Pradesh,SHEOPUR,Mesta,Kharif     
Madhya Pradesh,SHIVPURI,Mesta,Kharif     
Madhya Pradesh,SIDHI,Mesta,Kharif     
Madhya Pradesh,SINGRAULI,Mesta,Whole Year 
Madhya Pradesh,TIKAMGARH,Mesta,Kharif     
Madhya Pradesh,UJJAIN,Mesta,Whole Year 
Madhya Pradesh,VIDISHA,Mesta,Kharif     
Madhya Pradesh,AGAR MALWA,Moong(Green Gram),Kharif     
Madhya Pradesh,ALIRAJPUR,Moong(Green Gram),Kharif     
Madhya Pradesh,ANUPPUR,Moong(Green Gram),Kharif     
Madhya Pradesh,ASHOKNAGAR,Moong(Green Gram),Kharif     
Madhya Pradesh,BALAGHAT,Moong(Green Gram),Kharif     
Madhya Pradesh,BARWANI,Moong(Green Gram),Kharif     
Madhya Pradesh,BETUL,Moong(Green Gram),Kharif     
Madhya Pradesh,BHIND,Moong(Green Gram),Kharif     
Madhya Pradesh,BHOPAL,Moong(Green Gram),Kharif     
Madhya Pradesh,BURHANPUR,Moong(Green Gram),Kharif     
Madhya Pradesh,CHHATARPUR,Moong(Green Gram),Kharif     
Madhya Pradesh,CHHINDWARA,Moong(Green Gram),Kharif     
Madhya Pradesh,DAMOH,Moong(Green Gram),Kharif     
Madhya Pradesh,DATIA,Moong(Green Gram),Kharif     
Madhya Pradesh,DEWAS,Moong(Green Gram),Kharif     
Madhya Pradesh,DHAR,Moong(Green Gram),Kharif     
Madhya Pradesh,DINDORI,Moong(Green Gram),Kharif     
Madhya Pradesh,GUNA,Moong(Green Gram),Kharif     
Madhya Pradesh,GWALIOR,Moong(Green Gram),Kharif     
Madhya Pradesh,HARDA,Moong(Green Gram),Kharif     
Madhya Pradesh,HOSHANGABAD,Moong(Green Gram),Kharif     
Madhya Pradesh,INDORE,Moong(Green Gram),Kharif     
Madhya Pradesh,JABALPUR,Moong(Green Gram),Kharif     
Madhya Pradesh,JHABUA,Moong(Green Gram),Kharif     
Madhya Pradesh,KATNI,Moong(Green Gram),Kharif     
Madhya Pradesh,KHANDWA,Moong(Green Gram),Kharif     
Madhya Pradesh,KHARGONE,Moong(Green Gram),Kharif     
Madhya Pradesh,MANDLA,Moong(Green Gram),Kharif     
Madhya Pradesh,MANDSAUR,Moong(Green Gram),Kharif     
Madhya Pradesh,MORENA,Moong(Green Gram),Kharif     
Madhya Pradesh,NARSINGHPUR,Moong(Green Gram),Kharif     
Madhya Pradesh,NEEMUCH,Moong(Green Gram),Kharif     
Madhya Pradesh,PANNA,Moong(Green Gram),Kharif     
Madhya Pradesh,RAISEN,Moong(Green Gram),Kharif     
Madhya Pradesh,RAJGARH,Moong(Green Gram),Kharif     
Madhya Pradesh,RATLAM,Moong(Green Gram),Kharif     
Madhya Pradesh,REWA,Moong(Green Gram),Kharif     
Madhya Pradesh,SAGAR,Moong(Green Gram),Kharif     
Madhya Pradesh,SATNA,Moong(Green Gram),Kharif     
Madhya Pradesh,SEHORE,Moong(Green Gram),Kharif     
Madhya Pradesh,SEONI,Moong(Green Gram),Kharif     
Madhya Pradesh,SHAHDOL,Moong(Green Gram),Kharif     
Madhya Pradesh,SHAJAPUR,Moong(Green Gram),Kharif     
Madhya Pradesh,SHEOPUR,Moong(Green Gram),Kharif     
Madhya Pradesh,SHIVPURI,Moong(Green Gram),Kharif     
Madhya Pradesh,SIDHI,Moong(Green Gram),Kharif     
Madhya Pradesh,SINGRAULI,Moong(Green Gram),Kharif     
Madhya Pradesh,TIKAMGARH,Moong(Green Gram),Kharif     
Madhya Pradesh,UJJAIN,Moong(Green Gram),Kharif     
Madhya Pradesh,UMARIA,Moong(Green Gram),Kharif     
Madhya Pradesh,VIDISHA,Moong(Green Gram),Kharif     
Madhya Pradesh,AGAR MALWA,Niger seed,Kharif     
Madhya Pradesh,ANUPPUR,Niger seed,Kharif     
Madhya Pradesh,ASHOKNAGAR,Niger seed,Kharif     
Madhya Pradesh,BALAGHAT,Niger seed,Kharif     
Madhya Pradesh,BARWANI,Niger seed,Kharif     
Madhya Pradesh,BASTAR,Niger seed,Kharif     
Madhya Pradesh,BETUL,Niger seed,Kharif     
Madhya Pradesh,BHIND,Niger seed,Kharif     
Madhya Pradesh,BHOPAL,Niger seed,Kharif     
Madhya Pradesh,BILASPUR,Niger seed,Kharif     
Madhya Pradesh,BURHANPUR,Niger seed,Kharif     
Madhya Pradesh,CHHATARPUR,Niger seed,Kharif     
Madhya Pradesh,CHHINDWARA,Niger seed,Kharif     
Madhya Pradesh,DAMOH,Niger seed,Kharif     
Madhya Pradesh,DANTEWADA,Niger seed,Kharif     
Madhya Pradesh,DEWAS,Niger seed,Kharif     
Madhya Pradesh,DHAR,Niger seed,Kharif     
Madhya Pradesh,DINDORI,Niger seed,Kharif     
Madhya Pradesh,GUNA,Niger seed,Kharif     
Madhya Pradesh,GWALIOR,Niger seed,Kharif     
Madhya Pradesh,HARDA,Niger seed,Kharif     
Madhya Pradesh,HOSHANGABAD,Niger seed,Kharif     
Madhya Pradesh,JABALPUR,Niger seed,Kharif     
Madhya Pradesh,JASHPUR,Niger seed,Kharif     
Madhya Pradesh,JHABUA,Niger seed,Kharif     
Madhya Pradesh,KANKER,Niger seed,Kharif     
Madhya Pradesh,KATNI,Niger seed,Kharif     
Madhya Pradesh,KHANDWA,Niger seed,Kharif     
Madhya Pradesh,KHARGONE,Niger seed,Kharif     
Madhya Pradesh,KORBA,Niger seed,Kharif     
Madhya Pradesh,KOREA,Niger seed,Kharif     
Madhya Pradesh,MAHASAMUND,Niger seed,Kharif     
Madhya Pradesh,MANDLA,Niger seed,Kharif     
Madhya Pradesh,MANDSAUR,Niger seed,Kharif     
Madhya Pradesh,MORENA,Niger seed,Kharif     
Madhya Pradesh,NARSINGHPUR,Niger seed,Kharif     
Madhya Pradesh,NEEMUCH,Niger seed,Kharif     
Madhya Pradesh,PANNA,Niger seed,Kharif     
Madhya Pradesh,RAIPUR,Niger seed,Kharif     
Madhya Pradesh,RAISEN,Niger seed,Kharif     
Madhya Pradesh,RAJGARH,Niger seed,Kharif     
Madhya Pradesh,RAJNANDGAON,Niger seed,Kharif     
Madhya Pradesh,RATLAM,Niger seed,Kharif     
Madhya Pradesh,REWA,Niger seed,Kharif     
Madhya Pradesh,SAGAR,Niger seed,Kharif     
Madhya Pradesh,SATNA,Niger seed,Kharif     
Madhya Pradesh,SEONI,Niger seed,Kharif     
Madhya Pradesh,SHAHDOL,Niger seed,Kharif     
Madhya Pradesh,SHAJAPUR,Niger seed,Kharif     
Madhya Pradesh,SHEOPUR,Niger seed,Kharif     
Madhya Pradesh,SHIVPURI,Niger seed,Kharif     
Madhya Pradesh,SIDHI,Niger seed,Kharif     
Madhya Pradesh,SINGRAULI,Niger seed,Kharif     
Madhya Pradesh,SURGUJA,Niger seed,Kharif     
Madhya Pradesh,TIKAMGARH,Niger seed,Kharif     
Madhya Pradesh,UJJAIN,Niger seed,Kharif     
Madhya Pradesh,UMARIA,Niger seed,Kharif     
Madhya Pradesh,VIDISHA,Niger seed,Kharif     
Madhya Pradesh,AGAR MALWA,Onion,Whole Year 
Madhya Pradesh,ALIRAJPUR,Onion,Whole Year 
Madhya Pradesh,ANUPPUR,Onion,Whole Year 
Madhya Pradesh,ASHOKNAGAR,Onion,Whole Year 
Madhya Pradesh,BALAGHAT,Onion,Whole Year 
Madhya Pradesh,BARWANI,Onion,Whole Year 
Madhya Pradesh,BASTAR,Onion,Whole Year 
Madhya Pradesh,BETUL,Onion,Whole Year 
Madhya Pradesh,BHIND,Onion,Whole Year 
Madhya Pradesh,BHOPAL,Onion,Whole Year 
Madhya Pradesh,BILASPUR,Onion,Whole Year 
Madhya Pradesh,BURHANPUR,Onion,Whole Year 
Madhya Pradesh,CHHATARPUR,Onion,Whole Year 
Madhya Pradesh,CHHINDWARA,Onion,Whole Year 
Madhya Pradesh,DAMOH,Onion,Whole Year 
Madhya Pradesh,DANTEWADA,Onion,Whole Year 
Madhya Pradesh,DATIA,Onion,Whole Year 
Madhya Pradesh,DEWAS,Onion,Whole Year 
Madhya Pradesh,DHAMTARI,Onion,Whole Year 
Madhya Pradesh,DHAR,Onion,Whole Year 
Madhya Pradesh,DINDORI,Onion,Whole Year 
Madhya Pradesh,DURG,Onion,Whole Year 
Madhya Pradesh,GUNA,Onion,Whole Year 
Madhya Pradesh,GWALIOR,Onion,Whole Year 
Madhya Pradesh,HARDA,Onion,Whole Year 
Madhya Pradesh,HOSHANGABAD,Onion,Whole Year 
Madhya Pradesh,INDORE,Onion,Whole Year 
Madhya Pradesh,JABALPUR,Onion,Whole Year 
Madhya Pradesh,JANJGIR-CHAMPA,Onion,Whole Year 
Madhya Pradesh,JASHPUR,Onion,Whole Year 
Madhya Pradesh,JHABUA,Onion,Whole Year 
Madhya Pradesh,KANKER,Onion,Whole Year 
Madhya Pradesh,KATNI,Onion,Whole Year 
Madhya Pradesh,KHANDWA,Onion,Whole Year 
Madhya Pradesh,KHARGONE,Onion,Whole Year 
Madhya Pradesh,KORBA,Onion,Whole Year 
Madhya Pradesh,KOREA,Onion,Whole Year 
Madhya Pradesh,MAHASAMUND,Onion,Whole Year 
Madhya Pradesh,MANDLA,Onion,Whole Year 
Madhya Pradesh,MANDSAUR,Onion,Whole Year 
Madhya Pradesh,MORENA,Onion,Whole Year 
Madhya Pradesh,NARSINGHPUR,Onion,Whole Year 
Madhya Pradesh,NEEMUCH,Onion,Whole Year 
Madhya Pradesh,PANNA,Onion,Whole Year 
Madhya Pradesh,RAIPUR,Onion,Whole Year 
Madhya Pradesh,RAISEN,Onion,Whole Year 
Madhya Pradesh,RAJGARH,Onion,Whole Year 
Madhya Pradesh,RAJNANDGAON,Onion,Whole Year 
Madhya Pradesh,RATLAM,Onion,Whole Year 
Madhya Pradesh,REWA,Onion,Whole Year 
Madhya Pradesh,SAGAR,Onion,Whole Year 
Madhya Pradesh,SATNA,Onion,Whole Year 
Madhya Pradesh,SEHORE,Onion,Whole Year 
Madhya Pradesh,SEONI,Onion,Whole Year 
Madhya Pradesh,SHAHDOL,Onion,Whole Year 
Madhya Pradesh,SHAJAPUR,Onion,Whole Year 
Madhya Pradesh,SHEOPUR,Onion,Whole Year 
Madhya Pradesh,SHIVPURI,Onion,Whole Year 
Madhya Pradesh,SIDHI,Onion,Whole Year 
Madhya Pradesh,SINGRAULI,Onion,Whole Year 
Madhya Pradesh,SURGUJA,Onion,Whole Year 
Madhya Pradesh,TIKAMGARH,Onion,Whole Year 
Madhya Pradesh,UJJAIN,Onion,Whole Year 
Madhya Pradesh,UMARIA,Onion,Whole Year 
Madhya Pradesh,VIDISHA,Onion,Whole Year 
Madhya Pradesh,AGAR MALWA,Other  Rabi pulses,Rabi       
Madhya Pradesh,ALIRAJPUR,Other  Rabi pulses,Rabi       
Madhya Pradesh,ANUPPUR,Other  Rabi pulses,Rabi       
Madhya Pradesh,ASHOKNAGAR,Other  Rabi pulses,Rabi       
Madhya Pradesh,BALAGHAT,Other  Rabi pulses,Rabi       
Madhya Pradesh,BARWANI,Other  Rabi pulses,Rabi       
Madhya Pradesh,BASTAR,Other  Rabi pulses,Rabi       
Madhya Pradesh,BETUL,Other  Rabi pulses,Rabi       
Madhya Pradesh,BHIND,Other  Rabi pulses,Rabi       
Madhya Pradesh,BHOPAL,Other  Rabi pulses,Rabi       
Madhya Pradesh,BILASPUR,Other  Rabi pulses,Rabi       
Madhya Pradesh,BURHANPUR,Other  Rabi pulses,Rabi       
Madhya Pradesh,CHHATARPUR,Other  Rabi pulses,Rabi       
Madhya Pradesh,CHHINDWARA,Other  Rabi pulses,Rabi       
Madhya Pradesh,DAMOH,Other  Rabi pulses,Rabi       
Madhya Pradesh,DANTEWADA,Other  Rabi pulses,Rabi       
Madhya Pradesh,DATIA,Other  Rabi pulses,Rabi       
Madhya Pradesh,DEWAS,Other  Rabi pulses,Rabi       
Madhya Pradesh,DHAMTARI,Other  Rabi pulses,Rabi       
Madhya Pradesh,DHAR,Other  Rabi pulses,Rabi       
Madhya Pradesh,DINDORI,Other  Rabi pulses,Rabi       
Madhya Pradesh,DURG,Other  Rabi pulses,Rabi       
Madhya Pradesh,GUNA,Other  Rabi pulses,Rabi       
Madhya Pradesh,GWALIOR,Other  Rabi pulses,Rabi       
Madhya Pradesh,HARDA,Other  Rabi pulses,Rabi       
Madhya Pradesh,HOSHANGABAD,Other  Rabi pulses,Rabi       
Madhya Pradesh,INDORE,Other  Rabi pulses,Rabi       
Madhya Pradesh,JABALPUR,Other  Rabi pulses,Rabi       
Madhya Pradesh,JANJGIR-CHAMPA,Other  Rabi pulses,Rabi       
Madhya Pradesh,JASHPUR,Other  Rabi pulses,Rabi       
Madhya Pradesh,JHABUA,Other  Rabi pulses,Rabi       
Madhya Pradesh,KANKER,Other  Rabi pulses,Rabi       
Madhya Pradesh,KATNI,Other  Rabi pulses,Rabi       
Madhya Pradesh,KHANDWA,Other  Rabi pulses,Rabi       
Madhya Pradesh,KHARGONE,Other  Rabi pulses,Rabi       
Madhya Pradesh,KORBA,Other  Rabi pulses,Rabi       
Madhya Pradesh,KOREA,Other  Rabi pulses,Rabi       
Madhya Pradesh,MAHASAMUND,Other  Rabi pulses,Rabi       
Madhya Pradesh,MANDLA,Other  Rabi pulses,Rabi       
Madhya Pradesh,MANDSAUR,Other  Rabi pulses,Rabi       
Madhya Pradesh,MORENA,Other  Rabi pulses,Rabi       
Madhya Pradesh,NARSINGHPUR,Other  Rabi pulses,Rabi       
Madhya Pradesh,NEEMUCH,Other  Rabi pulses,Rabi       
Madhya Pradesh,PANNA,Other  Rabi pulses,Rabi       
Madhya Pradesh,RAIPUR,Other  Rabi pulses,Rabi       
Madhya Pradesh,RAISEN,Other  Rabi pulses,Rabi       
Madhya Pradesh,RAJGARH,Other  Rabi pulses,Rabi       
Madhya Pradesh,RAJNANDGAON,Other  Rabi pulses,Rabi       
Madhya Pradesh,RATLAM,Other  Rabi pulses,Rabi       
Madhya Pradesh,REWA,Other  Rabi pulses,Rabi       
Madhya Pradesh,SAGAR,Other  Rabi pulses,Rabi       
Madhya Pradesh,SATNA,Other  Rabi pulses,Rabi       
Madhya Pradesh,SEHORE,Other  Rabi pulses,Rabi       
Madhya Pradesh,SEONI,Other  Rabi pulses,Rabi       
Madhya Pradesh,SHAHDOL,Other  Rabi pulses,Rabi       
Madhya Pradesh,SHAJAPUR,Other  Rabi pulses,Rabi       
Madhya Pradesh,SHEOPUR,Other  Rabi pulses,Rabi       
Madhya Pradesh,SHIVPURI,Other  Rabi pulses,Rabi       
Madhya Pradesh,SIDHI,Other  Rabi pulses,Rabi       
Madhya Pradesh,SINGRAULI,Other  Rabi pulses,Rabi       
Madhya Pradesh,SURGUJA,Other  Rabi pulses,Rabi       
Madhya Pradesh,TIKAMGARH,Other  Rabi pulses,Rabi       
Madhya Pradesh,UJJAIN,Other  Rabi pulses,Rabi       
Madhya Pradesh,UMARIA,Other  Rabi pulses,Rabi       
Madhya Pradesh,VIDISHA,Other  Rabi pulses,Rabi       
Madhya Pradesh,ANUPPUR,Other Cereals,Kharif     
Madhya Pradesh,BALAGHAT,Other Cereals,Kharif     
Madhya Pradesh,BETUL,Other Cereals,Kharif     
Madhya Pradesh,CHHATARPUR,Other Cereals,Kharif     
Madhya Pradesh,CHHINDWARA,Other Cereals,Kharif     
Madhya Pradesh,DAMOH,Other Cereals,Kharif     
Madhya Pradesh,DEWAS,Other Cereals,Rabi       
Madhya Pradesh,DINDORI,Other Cereals,Kharif     
Madhya Pradesh,HARDA,Other Cereals,Rabi       
Madhya Pradesh,HOSHANGABAD,Other Cereals,Kharif     
Madhya Pradesh,INDORE,Other Cereals,Rabi       
Madhya Pradesh,JABALPUR,Other Cereals,Kharif     
Madhya Pradesh,KATNI,Other Cereals,Kharif     
Madhya Pradesh,MANDLA,Other Cereals,Kharif     
Madhya Pradesh,NARSINGHPUR,Other Cereals,Kharif     
Madhya Pradesh,NEEMUCH,Other Cereals,Rabi       
Madhya Pradesh,PANNA,Other Cereals,Kharif     
Madhya Pradesh,RAISEN,Other Cereals,Rabi       
Madhya Pradesh,RAJGARH,Other Cereals,Rabi       
Madhya Pradesh,RATLAM,Other Cereals,Rabi       
Madhya Pradesh,REWA,Other Cereals,Kharif     
Madhya Pradesh,SAGAR,Other Cereals,Kharif     
Madhya Pradesh,SATNA,Other Cereals,Kharif     
Madhya Pradesh,SEONI,Other Cereals,Kharif     
Madhya Pradesh,SHAHDOL,Other Cereals,Kharif     
Madhya Pradesh,SIDHI,Other Cereals,Kharif     
Madhya Pradesh,SINGRAULI,Other Cereals,Kharif     
Madhya Pradesh,TIKAMGARH,Other Cereals,Kharif     
Madhya Pradesh,UMARIA,Other Cereals,Kharif     
Madhya Pradesh,AGAR MALWA,Other Kharif pulses,Kharif     
Madhya Pradesh,ALIRAJPUR,Other Kharif pulses,Kharif     
Madhya Pradesh,ANUPPUR,Other Kharif pulses,Kharif     
Madhya Pradesh,ASHOKNAGAR,Other Kharif pulses,Kharif     
Madhya Pradesh,BALAGHAT,Other Kharif pulses,Kharif     
Madhya Pradesh,BARWANI,Other Kharif pulses,Kharif     
Madhya Pradesh,BASTAR,Other Kharif pulses,Kharif     
Madhya Pradesh,BETUL,Other Kharif pulses,Kharif     
Madhya Pradesh,BHIND,Other Kharif pulses,Kharif     
Madhya Pradesh,BHOPAL,Other Kharif pulses,Kharif     
Madhya Pradesh,BILASPUR,Other Kharif pulses,Kharif     
Madhya Pradesh,BURHANPUR,Other Kharif pulses,Kharif     
Madhya Pradesh,CHHATARPUR,Other Kharif pulses,Kharif     
Madhya Pradesh,CHHINDWARA,Other Kharif pulses,Kharif     
Madhya Pradesh,DAMOH,Other Kharif pulses,Kharif     
Madhya Pradesh,DANTEWADA,Other Kharif pulses,Kharif     
Madhya Pradesh,DATIA,Other Kharif pulses,Kharif     
Madhya Pradesh,DEWAS,Other Kharif pulses,Kharif     
Madhya Pradesh,DHAMTARI,Other Kharif pulses,Kharif     
Madhya Pradesh,DHAR,Other Kharif pulses,Kharif     
Madhya Pradesh,DINDORI,Other Kharif pulses,Kharif     
Madhya Pradesh,DURG,Other Kharif pulses,Kharif     
Madhya Pradesh,GUNA,Other Kharif pulses,Kharif     
Madhya Pradesh,GWALIOR,Other Kharif pulses,Kharif     
Madhya Pradesh,HARDA,Other Kharif pulses,Kharif     
Madhya Pradesh,HOSHANGABAD,Other Kharif pulses,Kharif     
Madhya Pradesh,INDORE,Other Kharif pulses,Kharif     
Madhya Pradesh,JABALPUR,Other Kharif pulses,Kharif     
Madhya Pradesh,JANJGIR-CHAMPA,Other Kharif pulses,Kharif     
Madhya Pradesh,JASHPUR,Other Kharif pulses,Kharif     
Madhya Pradesh,JHABUA,Other Kharif pulses,Kharif     
Madhya Pradesh,KANKER,Other Kharif pulses,Kharif     
Madhya Pradesh,KATNI,Other Kharif pulses,Kharif     
Madhya Pradesh,KHANDWA,Other Kharif pulses,Kharif     
Madhya Pradesh,KHARGONE,Other Kharif pulses,Kharif     
Madhya Pradesh,KORBA,Other Kharif pulses,Kharif     
Madhya Pradesh,KOREA,Other Kharif pulses,Kharif     
Madhya Pradesh,MAHASAMUND,Other Kharif pulses,Kharif     
Madhya Pradesh,MANDLA,Other Kharif pulses,Kharif     
Madhya Pradesh,MANDSAUR,Other Kharif pulses,Kharif     
Madhya Pradesh,MORENA,Other Kharif pulses,Kharif     
Madhya Pradesh,NARSINGHPUR,Other Kharif pulses,Kharif     
Madhya Pradesh,NEEMUCH,Other Kharif pulses,Kharif     
Madhya Pradesh,PANNA,Other Kharif pulses,Kharif     
Madhya Pradesh,RAIPUR,Other Kharif pulses,Kharif     
Madhya Pradesh,RAISEN,Other Kharif pulses,Kharif     
Madhya Pradesh,RAJGARH,Other Kharif pulses,Kharif     
Madhya Pradesh,RAJNANDGAON,Other Kharif pulses,Kharif     
Madhya Pradesh,RATLAM,Other Kharif pulses,Kharif     
Madhya Pradesh,REWA,Other Kharif pulses,Kharif     
Madhya Pradesh,SAGAR,Other Kharif pulses,Kharif     
Madhya Pradesh,SATNA,Other Kharif pulses,Kharif     
Madhya Pradesh,SEHORE,Other Kharif pulses,Kharif     
Madhya Pradesh,SEONI,Other Kharif pulses,Kharif     
Madhya Pradesh,SHAHDOL,Other Kharif pulses,Kharif     
Madhya Pradesh,SHAJAPUR,Other Kharif pulses,Kharif     
Madhya Pradesh,SHEOPUR,Other Kharif pulses,Kharif     
Madhya Pradesh,SHIVPURI,Other Kharif pulses,Kharif     
Madhya Pradesh,SIDHI,Other Kharif pulses,Kharif     
Madhya Pradesh,SINGRAULI,Other Kharif pulses,Kharif     
Madhya Pradesh,SURGUJA,Other Kharif pulses,Kharif     
Madhya Pradesh,TIKAMGARH,Other Kharif pulses,Kharif     
Madhya Pradesh,UJJAIN,Other Kharif pulses,Kharif     
Madhya Pradesh,UMARIA,Other Kharif pulses,Kharif     
Madhya Pradesh,VIDISHA,Other Kharif pulses,Kharif     
Madhya Pradesh,AGAR MALWA,Peas & beans (Pulses),Rabi       
Madhya Pradesh,ALIRAJPUR,Peas & beans (Pulses),Rabi       
Madhya Pradesh,ANUPPUR,Peas & beans (Pulses),Rabi       
Madhya Pradesh,ASHOKNAGAR,Peas & beans (Pulses),Rabi       
Madhya Pradesh,BALAGHAT,Peas & beans (Pulses),Rabi       
Madhya Pradesh,BARWANI,Peas & beans (Pulses),Rabi       
Madhya Pradesh,BETUL,Peas & beans (Pulses),Rabi       
Madhya Pradesh,BHIND,Peas & beans (Pulses),Rabi       
Madhya Pradesh,BHOPAL,Peas & beans (Pulses),Rabi       
Madhya Pradesh,BURHANPUR,Peas & beans (Pulses),Rabi       
Madhya Pradesh,CHHATARPUR,Peas & beans (Pulses),Rabi       
Madhya Pradesh,CHHINDWARA,Peas & beans (Pulses),Rabi       
Madhya Pradesh,DAMOH,Peas & beans (Pulses),Rabi       
Madhya Pradesh,DATIA,Peas & beans (Pulses),Rabi       
Madhya Pradesh,DEWAS,Peas & beans (Pulses),Rabi       
Madhya Pradesh,DHAR,Peas & beans (Pulses),Rabi       
Madhya Pradesh,DINDORI,Peas & beans (Pulses),Rabi       
Madhya Pradesh,GUNA,Peas & beans (Pulses),Rabi       
Madhya Pradesh,GWALIOR,Peas & beans (Pulses),Rabi       
Madhya Pradesh,HARDA,Peas & beans (Pulses),Rabi       
Madhya Pradesh,HOSHANGABAD,Peas & beans (Pulses),Rabi       
Madhya Pradesh,INDORE,Peas & beans (Pulses),Rabi       
Madhya Pradesh,JABALPUR,Peas & beans (Pulses),Rabi       
Madhya Pradesh,JHABUA,Peas & beans (Pulses),Rabi       
Madhya Pradesh,KATNI,Peas & beans (Pulses),Rabi       
Madhya Pradesh,KHANDWA,Peas & beans (Pulses),Rabi       
Madhya Pradesh,KHARGONE,Peas & beans (Pulses),Rabi       
Madhya Pradesh,MANDLA,Peas & beans (Pulses),Rabi       
Madhya Pradesh,MANDSAUR,Peas & beans (Pulses),Rabi       
Madhya Pradesh,MORENA,Peas & beans (Pulses),Rabi       
Madhya Pradesh,NARSINGHPUR,Peas & beans (Pulses),Rabi       
Madhya Pradesh,NEEMUCH,Peas & beans (Pulses),Rabi       
Madhya Pradesh,NIWARI,Peas & beans (Pulses),Rabi       
Madhya Pradesh,PANNA,Peas & beans (Pulses),Rabi       
Madhya Pradesh,RAISEN,Peas & beans (Pulses),Rabi       
Madhya Pradesh,RAJGARH,Peas & beans (Pulses),Rabi       
Madhya Pradesh,RATLAM,Peas & beans (Pulses),Rabi       
Madhya Pradesh,REWA,Peas & beans (Pulses),Rabi       
Madhya Pradesh,SAGAR,Peas & beans (Pulses),Rabi       
Madhya Pradesh,SATNA,Peas & beans (Pulses),Rabi       
Madhya Pradesh,SEHORE,Peas & beans (Pulses),Rabi       
Madhya Pradesh,SEONI,Peas & beans (Pulses),Rabi       
Madhya Pradesh,SHAHDOL,Peas & beans (Pulses),Rabi       
Madhya Pradesh,SHAJAPUR,Peas & beans (Pulses),Rabi       
Madhya Pradesh,SHEOPUR,Peas & beans (Pulses),Rabi       
Madhya Pradesh,SHIVPURI,Peas & beans (Pulses),Rabi       
Madhya Pradesh,SIDHI,Peas & beans (Pulses),Rabi       
Madhya Pradesh,SINGRAULI,Peas & beans (Pulses),Rabi       
Madhya Pradesh,TIKAMGARH,Peas & beans (Pulses),Rabi       
Madhya Pradesh,UJJAIN,Peas & beans (Pulses),Rabi       
Madhya Pradesh,UMARIA,Peas & beans (Pulses),Rabi       
Madhya Pradesh,VIDISHA,Peas & beans (Pulses),Rabi       
Madhya Pradesh,AGAR MALWA,Potato,Whole Year 
Madhya Pradesh,ALIRAJPUR,Potato,Whole Year 
Madhya Pradesh,ANUPPUR,Potato,Whole Year 
Madhya Pradesh,ASHOKNAGAR,Potato,Whole Year 
Madhya Pradesh,BALAGHAT,Potato,Whole Year 
Madhya Pradesh,BARWANI,Potato,Whole Year 
Madhya Pradesh,BASTAR,Potato,Whole Year 
Madhya Pradesh,BETUL,Potato,Whole Year 
Madhya Pradesh,BHIND,Potato,Whole Year 
Madhya Pradesh,BHOPAL,Potato,Whole Year 
Madhya Pradesh,BILASPUR,Potato,Whole Year 
Madhya Pradesh,BURHANPUR,Potato,Whole Year 
Madhya Pradesh,CHHATARPUR,Potato,Whole Year 
Madhya Pradesh,CHHINDWARA,Potato,Whole Year 
Madhya Pradesh,DAMOH,Potato,Whole Year 
Madhya Pradesh,DANTEWADA,Potato,Whole Year 
Madhya Pradesh,DATIA,Potato,Whole Year 
Madhya Pradesh,DEWAS,Potato,Whole Year 
Madhya Pradesh,DHAMTARI,Potato,Whole Year 
Madhya Pradesh,DHAR,Potato,Whole Year 
Madhya Pradesh,DINDORI,Potato,Whole Year 
Madhya Pradesh,DURG,Potato,Whole Year 
Madhya Pradesh,GUNA,Potato,Whole Year 
Madhya Pradesh,GWALIOR,Potato,Whole Year 
Madhya Pradesh,HARDA,Potato,Whole Year 
Madhya Pradesh,HOSHANGABAD,Potato,Whole Year 
Madhya Pradesh,INDORE,Potato,Whole Year 
Madhya Pradesh,JABALPUR,Potato,Whole Year 
Madhya Pradesh,JANJGIR-CHAMPA,Potato,Whole Year 
Madhya Pradesh,JASHPUR,Potato,Whole Year 
Madhya Pradesh,JHABUA,Potato,Whole Year 
Madhya Pradesh,KANKER,Potato,Whole Year 
Madhya Pradesh,KATNI,Potato,Whole Year 
Madhya Pradesh,KHANDWA,Potato,Whole Year 
Madhya Pradesh,KHARGONE,Potato,Whole Year 
Madhya Pradesh,KORBA,Potato,Whole Year 
Madhya Pradesh,KOREA,Potato,Whole Year 
Madhya Pradesh,MAHASAMUND,Potato,Whole Year 
Madhya Pradesh,MANDLA,Potato,Whole Year 
Madhya Pradesh,MANDSAUR,Potato,Whole Year 
Madhya Pradesh,MORENA,Potato,Whole Year 
Madhya Pradesh,NARSINGHPUR,Potato,Whole Year 
Madhya Pradesh,NEEMUCH,Potato,Whole Year 
Madhya Pradesh,PANNA,Potato,Whole Year 
Madhya Pradesh,RAIPUR,Potato,Whole Year 
Madhya Pradesh,RAISEN,Potato,Whole Year 
Madhya Pradesh,RAJGARH,Potato,Whole Year 
Madhya Pradesh,RAJNANDGAON,Potato,Whole Year 
Madhya Pradesh,RATLAM,Potato,Whole Year 
Madhya Pradesh,REWA,Potato,Whole Year 
Madhya Pradesh,SAGAR,Potato,Whole Year 
Madhya Pradesh,SATNA,Potato,Whole Year 
Madhya Pradesh,SEHORE,Potato,Whole Year 
Madhya Pradesh,SEONI,Potato,Whole Year 
Madhya Pradesh,SHAHDOL,Potato,Whole Year 
Madhya Pradesh,SHAJAPUR,Potato,Whole Year 
Madhya Pradesh,SHEOPUR,Potato,Whole Year 
Madhya Pradesh,SHIVPURI,Potato,Whole Year 
Madhya Pradesh,SIDHI,Potato,Whole Year 
Madhya Pradesh,SINGRAULI,Potato,Whole Year 
Madhya Pradesh,SURGUJA,Potato,Whole Year 
Madhya Pradesh,TIKAMGARH,Potato,Whole Year 
Madhya Pradesh,UJJAIN,Potato,Whole Year 
Madhya Pradesh,UMARIA,Potato,Whole Year 
Madhya Pradesh,VIDISHA,Potato,Whole Year 
Madhya Pradesh,BALAGHAT,Ragi,Kharif     
Madhya Pradesh,BASTAR,Ragi,Kharif     
Madhya Pradesh,BETUL,Ragi,Kharif     
Madhya Pradesh,CHHATARPUR,Ragi,Kharif     
Madhya Pradesh,CHHINDWARA,Ragi,Kharif     
Madhya Pradesh,DANTEWADA,Ragi,Kharif     
Madhya Pradesh,DHAMTARI,Ragi,Kharif     
Madhya Pradesh,DHAR,Ragi,Kharif     
Madhya Pradesh,DINDORI,Ragi,Kharif     
Madhya Pradesh,DURG,Ragi,Kharif     
Madhya Pradesh,HOSHANGABAD,Ragi,Kharif     
Madhya Pradesh,JABALPUR,Ragi,Kharif     
Madhya Pradesh,JASHPUR,Ragi,Kharif     
Madhya Pradesh,JHABUA,Ragi,Kharif     
Madhya Pradesh,KANKER,Ragi,Kharif     
Madhya Pradesh,KATNI,Ragi,Kharif     
Madhya Pradesh,KHANDWA,Ragi,Kharif     
Madhya Pradesh,MAHASAMUND,Ragi,Kharif     
Madhya Pradesh,MANDLA,Ragi,Kharif     
Madhya Pradesh,NARSINGHPUR,Ragi,Kharif     
Madhya Pradesh,PANNA,Ragi,Kharif     
Madhya Pradesh,RAIPUR,Ragi,Kharif     
Madhya Pradesh,RAJGARH,Ragi,Kharif     
Madhya Pradesh,RAJNANDGAON,Ragi,Kharif     
Madhya Pradesh,SAGAR,Ragi,Kharif     
Madhya Pradesh,SATNA,Ragi,Kharif     
Madhya Pradesh,SEONI,Ragi,Kharif     
Madhya Pradesh,SHIVPURI,Ragi,Kharif     
Madhya Pradesh,SIDHI,Ragi,Kharif     
Madhya Pradesh,SINGRAULI,Ragi,Kharif     
Madhya Pradesh,SURGUJA,Ragi,Kharif     
Madhya Pradesh,TIKAMGARH,Ragi,Kharif     
Madhya Pradesh,AGAR MALWA,Rapeseed &Mustard,Rabi       
Madhya Pradesh,ALIRAJPUR,Rapeseed &Mustard,Rabi       
Madhya Pradesh,ANUPPUR,Rapeseed &Mustard,Rabi       
Madhya Pradesh,ASHOKNAGAR,Rapeseed &Mustard,Rabi       
Madhya Pradesh,BALAGHAT,Rapeseed &Mustard,Rabi       
Madhya Pradesh,BARWANI,Rapeseed &Mustard,Rabi       
Madhya Pradesh,BASTAR,Rapeseed &Mustard,Rabi       
Madhya Pradesh,BETUL,Rapeseed &Mustard,Rabi       
Madhya Pradesh,BHIND,Rapeseed &Mustard,Rabi       
Madhya Pradesh,BHOPAL,Rapeseed &Mustard,Rabi       
Madhya Pradesh,BILASPUR,Rapeseed &Mustard,Rabi       
Madhya Pradesh,BURHANPUR,Rapeseed &Mustard,Rabi       
Madhya Pradesh,CHHATARPUR,Rapeseed &Mustard,Rabi       
Madhya Pradesh,CHHINDWARA,Rapeseed &Mustard,Rabi       
Madhya Pradesh,DAMOH,Rapeseed &Mustard,Rabi       
Madhya Pradesh,DANTEWADA,Rapeseed &Mustard,Rabi       
Madhya Pradesh,DATIA,Rapeseed &Mustard,Rabi       
Madhya Pradesh,DEWAS,Rapeseed &Mustard,Rabi       
Madhya Pradesh,DHAMTARI,Rapeseed &Mustard,Rabi       
Madhya Pradesh,DHAR,Rapeseed &Mustard,Rabi       
Madhya Pradesh,DINDORI,Rapeseed &Mustard,Rabi       
Madhya Pradesh,DURG,Rapeseed &Mustard,Rabi       
Madhya Pradesh,GUNA,Rapeseed &Mustard,Rabi       
Madhya Pradesh,GWALIOR,Rapeseed &Mustard,Rabi       
Madhya Pradesh,HARDA,Rapeseed &Mustard,Rabi       
Madhya Pradesh,HOSHANGABAD,Rapeseed &Mustard,Rabi       
Madhya Pradesh,INDORE,Rapeseed &Mustard,Rabi       
Madhya Pradesh,JABALPUR,Rapeseed &Mustard,Rabi       
Madhya Pradesh,JANJGIR-CHAMPA,Rapeseed &Mustard,Rabi       
Madhya Pradesh,JASHPUR,Rapeseed &Mustard,Rabi       
Madhya Pradesh,JHABUA,Rapeseed &Mustard,Rabi       
Madhya Pradesh,KABIRDHAM,Rapeseed &Mustard,Rabi       
Madhya Pradesh,KANKER,Rapeseed &Mustard,Rabi       
Madhya Pradesh,KATNI,Rapeseed &Mustard,Rabi       
Madhya Pradesh,KHANDWA,Rapeseed &Mustard,Rabi       
Madhya Pradesh,KHARGONE,Rapeseed &Mustard,Rabi       
Madhya Pradesh,KORBA,Rapeseed &Mustard,Rabi       
Madhya Pradesh,KOREA,Rapeseed &Mustard,Rabi       
Madhya Pradesh,MAHASAMUND,Rapeseed &Mustard,Rabi       
Madhya Pradesh,MANDLA,Rapeseed &Mustard,Rabi       
Madhya Pradesh,MANDSAUR,Rapeseed &Mustard,Rabi       
Madhya Pradesh,MORENA,Rapeseed &Mustard,Rabi       
Madhya Pradesh,NARSINGHPUR,Rapeseed &Mustard,Rabi       
Madhya Pradesh,NEEMUCH,Rapeseed &Mustard,Rabi       
Madhya Pradesh,NIWARI,Rapeseed &Mustard,Rabi       
Madhya Pradesh,PANNA,Rapeseed &Mustard,Rabi       
Madhya Pradesh,RAIPUR,Rapeseed &Mustard,Rabi       
Madhya Pradesh,RAISEN,Rapeseed &Mustard,Rabi       
Madhya Pradesh,RAJGARH,Rapeseed &Mustard,Rabi       
Madhya Pradesh,RAJNANDGAON,Rapeseed &Mustard,Rabi       
Madhya Pradesh,RATLAM,Rapeseed &Mustard,Rabi       
Madhya Pradesh,REWA,Rapeseed &Mustard,Rabi       
Madhya Pradesh,SAGAR,Rapeseed &Mustard,Rabi       
Madhya Pradesh,SATNA,Rapeseed &Mustard,Rabi       
Madhya Pradesh,SEHORE,Rapeseed &Mustard,Rabi       
Madhya Pradesh,SEONI,Rapeseed &Mustard,Rabi       
Madhya Pradesh,SHAHDOL,Rapeseed &Mustard,Rabi       
Madhya Pradesh,SHAJAPUR,Rapeseed &Mustard,Rabi       
Madhya Pradesh,SHEOPUR,Rapeseed &Mustard,Rabi       
Madhya Pradesh,SHIVPURI,Rapeseed &Mustard,Rabi       
Madhya Pradesh,SIDHI,Rapeseed &Mustard,Rabi       
Madhya Pradesh,SINGRAULI,Rapeseed &Mustard,Rabi       
Madhya Pradesh,SURGUJA,Rapeseed &Mustard,Rabi       
Madhya Pradesh,TIKAMGARH,Rapeseed &Mustard,Rabi       
Madhya Pradesh,UJJAIN,Rapeseed &Mustard,Rabi       
Madhya Pradesh,UMARIA,Rapeseed &Mustard,Rabi       
Madhya Pradesh,VIDISHA,Rapeseed &Mustard,Rabi       
Madhya Pradesh,AGAR MALWA,Rice,Kharif     
Madhya Pradesh,ALIRAJPUR,Rice,Kharif     
Madhya Pradesh,ANUPPUR,Rice,Kharif     
Madhya Pradesh,ASHOKNAGAR,Rice,Kharif     
Madhya Pradesh,BALAGHAT,Rice,Kharif     
Madhya Pradesh,BARWANI,Rice,Kharif     
Madhya Pradesh,BASTAR,Rice,Kharif     
Madhya Pradesh,BETUL,Rice,Kharif     
Madhya Pradesh,BHIND,Rice,Kharif     
Madhya Pradesh,BHOPAL,Rice,Kharif     
Madhya Pradesh,BILASPUR,Rice,Kharif     
Madhya Pradesh,BURHANPUR,Rice,Kharif     
Madhya Pradesh,CHHATARPUR,Rice,Kharif     
Madhya Pradesh,CHHINDWARA,Rice,Kharif     
Madhya Pradesh,DAMOH,Rice,Kharif     
Madhya Pradesh,DANTEWADA,Rice,Kharif     
Madhya Pradesh,DATIA,Rice,Kharif     
Madhya Pradesh,DEWAS,Rice,Kharif     
Madhya Pradesh,DHAMTARI,Rice,Kharif     
Madhya Pradesh,DHAR,Rice,Kharif     
Madhya Pradesh,DINDORI,Rice,Kharif     
Madhya Pradesh,DURG,Rice,Kharif     
Madhya Pradesh,GUNA,Rice,Kharif     
Madhya Pradesh,GWALIOR,Rice,Kharif     
Madhya Pradesh,HARDA,Rice,Kharif     
Madhya Pradesh,HOSHANGABAD,Rice,Kharif     
Madhya Pradesh,INDORE,Rice,Kharif     
Madhya Pradesh,JABALPUR,Rice,Kharif     
Madhya Pradesh,JANJGIR-CHAMPA,Rice,Kharif     
Madhya Pradesh,JASHPUR,Rice,Kharif     
Madhya Pradesh,JHABUA,Rice,Kharif     
Madhya Pradesh,KABIRDHAM,Rice,Kharif     
Madhya Pradesh,KANKER,Rice,Kharif     
Madhya Pradesh,KATNI,Rice,Kharif     
Madhya Pradesh,KHANDWA,Rice,Kharif     
Madhya Pradesh,KHARGONE,Rice,Kharif     
Madhya Pradesh,KORBA,Rice,Kharif     
Madhya Pradesh,KOREA,Rice,Kharif     
Madhya Pradesh,MAHASAMUND,Rice,Kharif     
Madhya Pradesh,MANDLA,Rice,Kharif     
Madhya Pradesh,MANDSAUR,Rice,Kharif     
Madhya Pradesh,MORENA,Rice,Kharif     
Madhya Pradesh,NARSINGHPUR,Rice,Kharif     
Madhya Pradesh,NEEMUCH,Rice,Kharif     
Madhya Pradesh,PANNA,Rice,Kharif     
Madhya Pradesh,RAIPUR,Rice,Kharif     
Madhya Pradesh,RAISEN,Rice,Kharif     
Madhya Pradesh,RAJGARH,Rice,Kharif     
Madhya Pradesh,RAJNANDGAON,Rice,Kharif     
Madhya Pradesh,RATLAM,Rice,Kharif     
Madhya Pradesh,REWA,Rice,Kharif     
Madhya Pradesh,SAGAR,Rice,Kharif     
Madhya Pradesh,SATNA,Rice,Kharif     
Madhya Pradesh,SEHORE,Rice,Kharif     
Madhya Pradesh,SEONI,Rice,Kharif     
Madhya Pradesh,SHAHDOL,Rice,Kharif     
Madhya Pradesh,SHAJAPUR,Rice,Kharif     
Madhya Pradesh,SHEOPUR,Rice,Kharif     
Madhya Pradesh,SHIVPURI,Rice,Kharif     
Madhya Pradesh,SIDHI,Rice,Kharif     
Madhya Pradesh,SINGRAULI,Rice,Kharif     
Madhya Pradesh,SURGUJA,Rice,Kharif     
Madhya Pradesh,TIKAMGARH,Rice,Kharif     
Madhya Pradesh,UJJAIN,Rice,Kharif     
Madhya Pradesh,UMARIA,Rice,Kharif     
Madhya Pradesh,VIDISHA,Rice,Kharif     
Madhya Pradesh,ANUPPUR,Safflower,Rabi       
Madhya Pradesh,ASHOKNAGAR,Safflower,Rabi       
Madhya Pradesh,BALAGHAT,Safflower,Rabi       
Madhya Pradesh,BARWANI,Safflower,Rabi       
Madhya Pradesh,BETUL,Safflower,Rabi       
Madhya Pradesh,BHIND,Safflower,Rabi       
Madhya Pradesh,BHOPAL,Safflower,Rabi       
Madhya Pradesh,BILASPUR,Safflower,Rabi       
Madhya Pradesh,BURHANPUR,Safflower,Rabi       
Madhya Pradesh,CHHATARPUR,Safflower,Rabi       
Madhya Pradesh,CHHINDWARA,Safflower,Rabi       
Madhya Pradesh,DAMOH,Safflower,Rabi       
Madhya Pradesh,DATIA,Safflower,Rabi       
Madhya Pradesh,DEWAS,Safflower,Rabi       
Madhya Pradesh,DHAMTARI,Safflower,Rabi       
Madhya Pradesh,DHAR,Safflower,Rabi       
Madhya Pradesh,DINDORI,Safflower,Rabi       
Madhya Pradesh,DURG,Safflower,Rabi       
Madhya Pradesh,GUNA,Safflower,Rabi       
Madhya Pradesh,GWALIOR,Safflower,Rabi       
Madhya Pradesh,HARDA,Safflower,Rabi       
Madhya Pradesh,HOSHANGABAD,Safflower,Rabi       
Madhya Pradesh,INDORE,Safflower,Rabi       
Madhya Pradesh,JABALPUR,Safflower,Rabi       
Madhya Pradesh,JANJGIR-CHAMPA,Safflower,Rabi       
Madhya Pradesh,KANKER,Safflower,Rabi       
Madhya Pradesh,KATNI,Safflower,Rabi       
Madhya Pradesh,KHANDWA,Safflower,Rabi       
Madhya Pradesh,KHARGONE,Safflower,Rabi       
Madhya Pradesh,MAHASAMUND,Safflower,Rabi       
Madhya Pradesh,MANDLA,Safflower,Rabi       
Madhya Pradesh,MANDSAUR,Safflower,Rabi       
Madhya Pradesh,MORENA,Safflower,Rabi       
Madhya Pradesh,NEEMUCH,Safflower,Rabi       
Madhya Pradesh,PANNA,Safflower,Rabi       
Madhya Pradesh,RAIPUR,Safflower,Rabi       
Madhya Pradesh,RAISEN,Safflower,Rabi       
Madhya Pradesh,RAJGARH,Safflower,Rabi       
Madhya Pradesh,RAJNANDGAON,Safflower,Rabi       
Madhya Pradesh,RATLAM,Safflower,Rabi       
Madhya Pradesh,REWA,Safflower,Whole Year 
Madhya Pradesh,SAGAR,Safflower,Rabi       
Madhya Pradesh,SATNA,Safflower,Rabi       
Madhya Pradesh,SEHORE,Safflower,Rabi       
Madhya Pradesh,SEONI,Safflower,Rabi       
Madhya Pradesh,SHAHDOL,Safflower,Rabi       
Madhya Pradesh,SHAJAPUR,Safflower,Rabi       
Madhya Pradesh,SHEOPUR,Safflower,Rabi       
Madhya Pradesh,SHIVPURI,Safflower,Rabi       
Madhya Pradesh,SIDHI,Safflower,Rabi       
Madhya Pradesh,SINGRAULI,Safflower,Rabi       
Madhya Pradesh,TIKAMGARH,Safflower,Rabi       
Madhya Pradesh,UJJAIN,Safflower,Rabi       
Madhya Pradesh,UMARIA,Safflower,Rabi       
Madhya Pradesh,VIDISHA,Safflower,Rabi       
Madhya Pradesh,AGAR MALWA,Sannhamp,Kharif     
Madhya Pradesh,ALIRAJPUR,Sannhamp,Kharif     
Madhya Pradesh,ANUPPUR,Sannhamp,Whole Year 
Madhya Pradesh,BALAGHAT,Sannhamp,Whole Year 
Madhya Pradesh,BARWANI,Sannhamp,Whole Year 
Madhya Pradesh,BETUL,Sannhamp,Whole Year 
Madhya Pradesh,BHIND,Sannhamp,Whole Year 
Madhya Pradesh,BHOPAL,Sannhamp,Whole Year 
Madhya Pradesh,BURHANPUR,Sannhamp,Whole Year 
Madhya Pradesh,CHHATARPUR,Sannhamp,Whole Year 
Madhya Pradesh,CHHINDWARA,Sannhamp,Whole Year 
Madhya Pradesh,DAMOH,Sannhamp,Whole Year 
Madhya Pradesh,DATIA,Sannhamp,Whole Year 
Madhya Pradesh,DEWAS,Sannhamp,Whole Year 
Madhya Pradesh,DHAR,Sannhamp,Whole Year 
Madhya Pradesh,DINDORI,Sannhamp,Whole Year 
Madhya Pradesh,GUNA,Sannhamp,Whole Year 
Madhya Pradesh,GWALIOR,Sannhamp,Whole Year 
Madhya Pradesh,HARDA,Sannhamp,Whole Year 
Madhya Pradesh,HOSHANGABAD,Sannhamp,Whole Year 
Madhya Pradesh,INDORE,Sannhamp,Whole Year 
Madhya Pradesh,JABALPUR,Sannhamp,Whole Year 
Madhya Pradesh,JHABUA,Sannhamp,Whole Year 
Madhya Pradesh,KATNI,Sannhamp,Whole Year 
Madhya Pradesh,KHANDWA,Sannhamp,Whole Year 
Madhya Pradesh,KHARGONE,Sannhamp,Whole Year 
Madhya Pradesh,MANDLA,Sannhamp,Whole Year 
Madhya Pradesh,MANDSAUR,Sannhamp,Whole Year 
Madhya Pradesh,MORENA,Sannhamp,Whole Year 
Madhya Pradesh,NARSINGHPUR,Sannhamp,Whole Year 
Madhya Pradesh,NEEMUCH,Sannhamp,Whole Year 
Madhya Pradesh,PANNA,Sannhamp,Whole Year 
Madhya Pradesh,RAISEN,Sannhamp,Whole Year 
Madhya Pradesh,RAJGARH,Sannhamp,Whole Year 
Madhya Pradesh,RATLAM,Sannhamp,Whole Year 
Madhya Pradesh,REWA,Sannhamp,Whole Year 
Madhya Pradesh,SAGAR,Sannhamp,Whole Year 
Madhya Pradesh,SATNA,Sannhamp,Whole Year 
Madhya Pradesh,SEHORE,Sannhamp,Whole Year 
Madhya Pradesh,SEONI,Sannhamp,Whole Year 
Madhya Pradesh,SHAHDOL,Sannhamp,Whole Year 
Madhya Pradesh,SHAJAPUR,Sannhamp,Whole Year 
Madhya Pradesh,SHEOPUR,Sannhamp,Whole Year 
Madhya Pradesh,SHIVPURI,Sannhamp,Whole Year 
Madhya Pradesh,SIDHI,Sannhamp,Whole Year 
Madhya Pradesh,SINGRAULI,Sannhamp,Kharif     
Madhya Pradesh,TIKAMGARH,Sannhamp,Whole Year 
Madhya Pradesh,UJJAIN,Sannhamp,Whole Year 
Madhya Pradesh,UMARIA,Sannhamp,Whole Year 
Madhya Pradesh,VIDISHA,Sannhamp,Whole Year 
Madhya Pradesh,AGAR MALWA,Sesamum,Whole Year 
Madhya Pradesh,ALIRAJPUR,Sesamum,Whole Year 
Madhya Pradesh,ANUPPUR,Sesamum,Kharif     
Madhya Pradesh,ASHOKNAGAR,Sesamum,Kharif     
Madhya Pradesh,BALAGHAT,Sesamum,Kharif     
Madhya Pradesh,BARWANI,Sesamum,Kharif     
Madhya Pradesh,BASTAR,Sesamum,Kharif     
Madhya Pradesh,BETUL,Sesamum,Kharif     
Madhya Pradesh,BHIND,Sesamum,Kharif     
Madhya Pradesh,BHOPAL,Sesamum,Kharif     
Madhya Pradesh,BILASPUR,Sesamum,Kharif     
Madhya Pradesh,BURHANPUR,Sesamum,Kharif     
Madhya Pradesh,CHHATARPUR,Sesamum,Kharif     
Madhya Pradesh,CHHINDWARA,Sesamum,Kharif     
Madhya Pradesh,DAMOH,Sesamum,Kharif     
Madhya Pradesh,DANTEWADA,Sesamum,Kharif     
Madhya Pradesh,DATIA,Sesamum,Kharif     
Madhya Pradesh,DEWAS,Sesamum,Kharif     
Madhya Pradesh,DHAMTARI,Sesamum,Kharif     
Madhya Pradesh,DHAR,Sesamum,Kharif     
Madhya Pradesh,DINDORI,Sesamum,Kharif     
Madhya Pradesh,DURG,Sesamum,Kharif     
Madhya Pradesh,GUNA,Sesamum,Kharif     
Madhya Pradesh,GWALIOR,Sesamum,Kharif     
Madhya Pradesh,HARDA,Sesamum,Kharif     
Madhya Pradesh,HOSHANGABAD,Sesamum,Kharif     
Madhya Pradesh,INDORE,Sesamum,Kharif     
Madhya Pradesh,JABALPUR,Sesamum,Kharif     
Madhya Pradesh,JANJGIR-CHAMPA,Sesamum,Kharif     
Madhya Pradesh,JASHPUR,Sesamum,Kharif     
Madhya Pradesh,JHABUA,Sesamum,Kharif     
Madhya Pradesh,KABIRDHAM,Sesamum,Kharif     
Madhya Pradesh,KANKER,Sesamum,Kharif     
Madhya Pradesh,KATNI,Sesamum,Kharif     
Madhya Pradesh,KHANDWA,Sesamum,Kharif     
Madhya Pradesh,KHARGONE,Sesamum,Kharif     
Madhya Pradesh,KORBA,Sesamum,Kharif     
Madhya Pradesh,KOREA,Sesamum,Kharif     
Madhya Pradesh,MAHASAMUND,Sesamum,Kharif     
Madhya Pradesh,MANDLA,Sesamum,Kharif     
Madhya Pradesh,MANDSAUR,Sesamum,Kharif     
Madhya Pradesh,MORENA,Sesamum,Kharif     
Madhya Pradesh,NARSINGHPUR,Sesamum,Kharif     
Madhya Pradesh,NEEMUCH,Sesamum,Kharif     
Madhya Pradesh,PANNA,Sesamum,Kharif     
Madhya Pradesh,RAIPUR,Sesamum,Kharif     
Madhya Pradesh,RAISEN,Sesamum,Kharif     
Madhya Pradesh,RAJGARH,Sesamum,Kharif     
Madhya Pradesh,RAJNANDGAON,Sesamum,Kharif     
Madhya Pradesh,RATLAM,Sesamum,Kharif     
Madhya Pradesh,REWA,Sesamum,Kharif     
Madhya Pradesh,SAGAR,Sesamum,Kharif     
Madhya Pradesh,SATNA,Sesamum,Kharif     
Madhya Pradesh,SEHORE,Sesamum,Kharif     
Madhya Pradesh,SEONI,Sesamum,Kharif     
Madhya Pradesh,SHAHDOL,Sesamum,Kharif     
Madhya Pradesh,SHAJAPUR,Sesamum,Kharif     
Madhya Pradesh,SHEOPUR,Sesamum,Kharif     
Madhya Pradesh,SHIVPURI,Sesamum,Kharif     
Madhya Pradesh,SIDHI,Sesamum,Kharif     
Madhya Pradesh,SINGRAULI,Sesamum,Whole Year 
Madhya Pradesh,SURGUJA,Sesamum,Kharif     
Madhya Pradesh,TIKAMGARH,Sesamum,Kharif     
Madhya Pradesh,UJJAIN,Sesamum,Kharif     
Madhya Pradesh,UMARIA,Sesamum,Kharif     
Madhya Pradesh,VIDISHA,Sesamum,Kharif     
Madhya Pradesh,ALIRAJPUR,Small millets,Whole Year 
Madhya Pradesh,ANUPPUR,Small millets,Kharif     
Madhya Pradesh,ASHOKNAGAR,Small millets,Kharif     
Madhya Pradesh,BALAGHAT,Small millets,Kharif     
Madhya Pradesh,BARWANI,Small millets,Kharif     
Madhya Pradesh,BASTAR,Small millets,Kharif     
Madhya Pradesh,BETUL,Small millets,Kharif     
Madhya Pradesh,BHIND,Small millets,Kharif     
Madhya Pradesh,BILASPUR,Small millets,Kharif     
Madhya Pradesh,BURHANPUR,Small millets,Kharif     
Madhya Pradesh,CHHATARPUR,Small millets,Kharif     
Madhya Pradesh,CHHINDWARA,Small millets,Kharif     
Madhya Pradesh,DAMOH,Small millets,Kharif     
Madhya Pradesh,DANTEWADA,Small millets,Kharif     
Madhya Pradesh,DATIA,Small millets,Kharif     
Madhya Pradesh,DEWAS,Small millets,Kharif     
Madhya Pradesh,DHAMTARI,Small millets,Kharif     
Madhya Pradesh,DHAR,Small millets,Kharif     
Madhya Pradesh,DINDORI,Small millets,Kharif     
Madhya Pradesh,DURG,Small millets,Kharif     
Madhya Pradesh,GUNA,Small millets,Kharif     
Madhya Pradesh,GWALIOR,Small millets,Kharif     
Madhya Pradesh,HARDA,Small millets,Kharif     
Madhya Pradesh,HOSHANGABAD,Small millets,Kharif     
Madhya Pradesh,INDORE,Small millets,Kharif     
Madhya Pradesh,JABALPUR,Small millets,Kharif     
Madhya Pradesh,JASHPUR,Small millets,Kharif     
Madhya Pradesh,JHABUA,Small millets,Kharif     
Madhya Pradesh,KANKER,Small millets,Kharif     
Madhya Pradesh,KATNI,Small millets,Kharif     
Madhya Pradesh,KHANDWA,Small millets,Kharif     
Madhya Pradesh,KHARGONE,Small millets,Kharif     
Madhya Pradesh,KORBA,Small millets,Kharif     
Madhya Pradesh,KOREA,Small millets,Kharif     
Madhya Pradesh,MAHASAMUND,Small millets,Kharif     
Madhya Pradesh,MANDLA,Small millets,Kharif     
Madhya Pradesh,MANDSAUR,Small millets,Kharif     
Madhya Pradesh,MORENA,Small millets,Kharif     
Madhya Pradesh,NARSINGHPUR,Small millets,Kharif     
Madhya Pradesh,NEEMUCH,Small millets,Kharif     
Madhya Pradesh,PANNA,Small millets,Kharif     
Madhya Pradesh,RAIPUR,Small millets,Kharif     
Madhya Pradesh,RAISEN,Small millets,Kharif     
Madhya Pradesh,RAJGARH,Small millets,Kharif     
Madhya Pradesh,RAJNANDGAON,Small millets,Kharif     
Madhya Pradesh,RATLAM,Small millets,Kharif     
Madhya Pradesh,REWA,Small millets,Kharif     
Madhya Pradesh,SAGAR,Small millets,Kharif     
Madhya Pradesh,SATNA,Small millets,Kharif     
Madhya Pradesh,SEHORE,Small millets,Kharif     
Madhya Pradesh,SEONI,Small millets,Kharif     
Madhya Pradesh,SHAHDOL,Small millets,Kharif     
Madhya Pradesh,SHAJAPUR,Small millets,Kharif     
Madhya Pradesh,SHEOPUR,Small millets,Kharif     
Madhya Pradesh,SHIVPURI,Small millets,Kharif     
Madhya Pradesh,SIDHI,Small millets,Kharif     
Madhya Pradesh,SINGRAULI,Small millets,Whole Year 
Madhya Pradesh,SURGUJA,Small millets,Kharif     
Madhya Pradesh,TIKAMGARH,Small millets,Kharif     
Madhya Pradesh,UJJAIN,Small millets,Kharif     
Madhya Pradesh,UMARIA,Small millets,Kharif     
Madhya Pradesh,VIDISHA,Small millets,Kharif     
Madhya Pradesh,AGAR MALWA,Soyabean,Kharif     
Madhya Pradesh,ALIRAJPUR,Soyabean,Kharif     
Madhya Pradesh,ANUPPUR,Soyabean,Kharif     
Madhya Pradesh,ASHOKNAGAR,Soyabean,Kharif     
Madhya Pradesh,BALAGHAT,Soyabean,Kharif     
Madhya Pradesh,BARWANI,Soyabean,Kharif     
Madhya Pradesh,BASTAR,Soyabean,Kharif     
Madhya Pradesh,BETUL,Soyabean,Kharif     
Madhya Pradesh,BHIND,Soyabean,Kharif     
Madhya Pradesh,BHOPAL,Soyabean,Kharif     
Madhya Pradesh,BILASPUR,Soyabean,Kharif     
Madhya Pradesh,BURHANPUR,Soyabean,Kharif     
Madhya Pradesh,CHHATARPUR,Soyabean,Kharif     
Madhya Pradesh,CHHINDWARA,Soyabean,Kharif     
Madhya Pradesh,DAMOH,Soyabean,Kharif     
Madhya Pradesh,DANTEWADA,Soyabean,Kharif     
Madhya Pradesh,DATIA,Soyabean,Kharif     
Madhya Pradesh,DEWAS,Soyabean,Kharif     
Madhya Pradesh,DHAR,Soyabean,Kharif     
Madhya Pradesh,DINDORI,Soyabean,Kharif     
Madhya Pradesh,DURG,Soyabean,Kharif     
Madhya Pradesh,GUNA,Soyabean,Kharif     
Madhya Pradesh,GWALIOR,Soyabean,Kharif     
Madhya Pradesh,HARDA,Soyabean,Kharif     
Madhya Pradesh,HOSHANGABAD,Soyabean,Kharif     
Madhya Pradesh,INDORE,Soyabean,Kharif     
Madhya Pradesh,JABALPUR,Soyabean,Kharif     
Madhya Pradesh,JANJGIR-CHAMPA,Soyabean,Kharif     
Madhya Pradesh,JASHPUR,Soyabean,Kharif     
Madhya Pradesh,JHABUA,Soyabean,Kharif     
Madhya Pradesh,KABIRDHAM,Soyabean,Kharif     
Madhya Pradesh,KANKER,Soyabean,Kharif     
Madhya Pradesh,KATNI,Soyabean,Kharif     
Madhya Pradesh,KHANDWA,Soyabean,Kharif     
Madhya Pradesh,KHARGONE,Soyabean,Kharif     
Madhya Pradesh,KORBA,Soyabean,Kharif     
Madhya Pradesh,KOREA,Soyabean,Kharif     
Madhya Pradesh,MANDLA,Soyabean,Kharif     
Madhya Pradesh,MANDSAUR,Soyabean,Kharif     
Madhya Pradesh,MORENA,Soyabean,Kharif     
Madhya Pradesh,NARSINGHPUR,Soyabean,Kharif     
Madhya Pradesh,NEEMUCH,Soyabean,Kharif     
Madhya Pradesh,PANNA,Soyabean,Kharif     
Madhya Pradesh,RAIPUR,Soyabean,Kharif     
Madhya Pradesh,RAISEN,Soyabean,Kharif     
Madhya Pradesh,RAJGARH,Soyabean,Kharif     
Madhya Pradesh,RAJNANDGAON,Soyabean,Kharif     
Madhya Pradesh,RATLAM,Soyabean,Kharif     
Madhya Pradesh,REWA,Soyabean,Kharif     
Madhya Pradesh,SAGAR,Soyabean,Kharif     
Madhya Pradesh,SATNA,Soyabean,Kharif     
Madhya Pradesh,SEHORE,Soyabean,Kharif     
Madhya Pradesh,SEONI,Soyabean,Kharif     
Madhya Pradesh,SHAHDOL,Soyabean,Kharif     
Madhya Pradesh,SHAJAPUR,Soyabean,Kharif     
Madhya Pradesh,SHEOPUR,Soyabean,Kharif     
Madhya Pradesh,SHIVPURI,Soyabean,Kharif     
Madhya Pradesh,SIDHI,Soyabean,Kharif     
Madhya Pradesh,SINGRAULI,Soyabean,Whole Year 
Madhya Pradesh,SURGUJA,Soyabean,Kharif     
Madhya Pradesh,TIKAMGARH,Soyabean,Kharif     
Madhya Pradesh,UJJAIN,Soyabean,Kharif     
Madhya Pradesh,UMARIA,Soyabean,Kharif     
Madhya Pradesh,VIDISHA,Soyabean,Kharif     
Madhya Pradesh,AGAR MALWA,Sugarcane,Whole Year 
Madhya Pradesh,ALIRAJPUR,Sugarcane,Whole Year 
Madhya Pradesh,ANUPPUR,Sugarcane,Whole Year 
Madhya Pradesh,ASHOKNAGAR,Sugarcane,Whole Year 
Madhya Pradesh,BALAGHAT,Sugarcane,Whole Year 
Madhya Pradesh,BARWANI,Sugarcane,Whole Year 
Madhya Pradesh,BASTAR,Sugarcane,Whole Year 
Madhya Pradesh,BETUL,Sugarcane,Whole Year 
Madhya Pradesh,BHIND,Sugarcane,Whole Year 
Madhya Pradesh,BHOPAL,Sugarcane,Whole Year 
Madhya Pradesh,BILASPUR,Sugarcane,Whole Year 
Madhya Pradesh,BURHANPUR,Sugarcane,Whole Year 
Madhya Pradesh,CHHATARPUR,Sugarcane,Whole Year 
Madhya Pradesh,CHHINDWARA,Sugarcane,Whole Year 
Madhya Pradesh,DAMOH,Sugarcane,Whole Year 
Madhya Pradesh,DANTEWADA,Sugarcane,Whole Year 
Madhya Pradesh,DATIA,Sugarcane,Whole Year 
Madhya Pradesh,DEWAS,Sugarcane,Whole Year 
Madhya Pradesh,DHAMTARI,Sugarcane,Whole Year 
Madhya Pradesh,DHAR,Sugarcane,Whole Year 
Madhya Pradesh,DINDORI,Sugarcane,Whole Year 
Madhya Pradesh,DURG,Sugarcane,Whole Year 
Madhya Pradesh,GUNA,Sugarcane,Whole Year 
Madhya Pradesh,GWALIOR,Sugarcane,Whole Year 
Madhya Pradesh,HARDA,Sugarcane,Whole Year 
Madhya Pradesh,HOSHANGABAD,Sugarcane,Whole Year 
Madhya Pradesh,INDORE,Sugarcane,Whole Year 
Madhya Pradesh,JABALPUR,Sugarcane,Whole Year 
Madhya Pradesh,JANJGIR-CHAMPA,Sugarcane,Whole Year 
Madhya Pradesh,JASHPUR,Sugarcane,Whole Year 
Madhya Pradesh,JHABUA,Sugarcane,Whole Year 
Madhya Pradesh,KABIRDHAM,Sugarcane,Whole Year 
Madhya Pradesh,KANKER,Sugarcane,Whole Year 
Madhya Pradesh,KATNI,Sugarcane,Whole Year 
Madhya Pradesh,KHANDWA,Sugarcane,Whole Year 
Madhya Pradesh,KHARGONE,Sugarcane,Whole Year 
Madhya Pradesh,KORBA,Sugarcane,Whole Year 
Madhya Pradesh,KOREA,Sugarcane,Whole Year 
Madhya Pradesh,MAHASAMUND,Sugarcane,Whole Year 
Madhya Pradesh,MANDLA,Sugarcane,Whole Year 
Madhya Pradesh,MANDSAUR,Sugarcane,Whole Year 
Madhya Pradesh,MORENA,Sugarcane,Whole Year 
Madhya Pradesh,NARSINGHPUR,Sugarcane,Whole Year 
Madhya Pradesh,NEEMUCH,Sugarcane,Whole Year 
Madhya Pradesh,PANNA,Sugarcane,Whole Year 
Madhya Pradesh,RAIPUR,Sugarcane,Whole Year 
Madhya Pradesh,RAISEN,Sugarcane,Whole Year 
Madhya Pradesh,RAJGARH,Sugarcane,Whole Year 
Madhya Pradesh,RAJNANDGAON,Sugarcane,Whole Year 
Madhya Pradesh,RATLAM,Sugarcane,Whole Year 
Madhya Pradesh,REWA,Sugarcane,Whole Year 
Madhya Pradesh,SAGAR,Sugarcane,Whole Year 
Madhya Pradesh,SATNA,Sugarcane,Whole Year 
Madhya Pradesh,SEHORE,Sugarcane,Whole Year 
Madhya Pradesh,SEONI,Sugarcane,Whole Year 
Madhya Pradesh,SHAHDOL,Sugarcane,Whole Year 
Madhya Pradesh,SHAJAPUR,Sugarcane,Whole Year 
Madhya Pradesh,SHEOPUR,Sugarcane,Whole Year 
Madhya Pradesh,SHIVPURI,Sugarcane,Whole Year 
Madhya Pradesh,SIDHI,Sugarcane,Whole Year 
Madhya Pradesh,SINGRAULI,Sugarcane,Whole Year 
Madhya Pradesh,SURGUJA,Sugarcane,Whole Year 
Madhya Pradesh,TIKAMGARH,Sugarcane,Whole Year 
Madhya Pradesh,UJJAIN,Sugarcane,Whole Year 
Madhya Pradesh,UMARIA,Sugarcane,Whole Year 
Madhya Pradesh,VIDISHA,Sugarcane,Whole Year 
Madhya Pradesh,ANUPPUR,Sunflower,Kharif     
Madhya Pradesh,ASHOKNAGAR,Sunflower,Whole Year 
Madhya Pradesh,BALAGHAT,Sunflower,Kharif     
Madhya Pradesh,BARWANI,Sunflower,Kharif     
Madhya Pradesh,BASTAR,Sunflower,Kharif     
Madhya Pradesh,BETUL,Sunflower,Kharif     
Madhya Pradesh,BHOPAL,Sunflower,Kharif     
Madhya Pradesh,BILASPUR,Sunflower,Kharif     
Madhya Pradesh,BURHANPUR,Sunflower,Kharif     
Madhya Pradesh,CHHINDWARA,Sunflower,Kharif     
Madhya Pradesh,DAMOH,Sunflower,Kharif     
Madhya Pradesh,DANTEWADA,Sunflower,Kharif     
Madhya Pradesh,DATIA,Sunflower,Kharif     
Madhya Pradesh,DEWAS,Sunflower,Kharif     
Madhya Pradesh,DHAMTARI,Sunflower,Kharif     
Madhya Pradesh,DHAR,Sunflower,Kharif     
Madhya Pradesh,DURG,Sunflower,Kharif     
Madhya Pradesh,GUNA,Sunflower,Kharif     
Madhya Pradesh,HARDA,Sunflower,Kharif     
Madhya Pradesh,HOSHANGABAD,Sunflower,Kharif     
Madhya Pradesh,INDORE,Sunflower,Kharif     
Madhya Pradesh,JABALPUR,Sunflower,Kharif     
Madhya Pradesh,JANJGIR-CHAMPA,Sunflower,Kharif     
Madhya Pradesh,JHABUA,Sunflower,Kharif     
Madhya Pradesh,KANKER,Sunflower,Kharif     
Madhya Pradesh,KATNI,Sunflower,Kharif     
Madhya Pradesh,KHANDWA,Sunflower,Kharif     
Madhya Pradesh,KHARGONE,Sunflower,Kharif     
Madhya Pradesh,MAHASAMUND,Sunflower,Kharif     
Madhya Pradesh,MANDLA,Sunflower,Rabi       
Madhya Pradesh,MANDSAUR,Sunflower,Kharif     
Madhya Pradesh,NARSINGHPUR,Sunflower,Kharif     
Madhya Pradesh,NEEMUCH,Sunflower,Kharif     
Madhya Pradesh,RAIPUR,Sunflower,Kharif     
Madhya Pradesh,RAISEN,Sunflower,Kharif     
Madhya Pradesh,RAJGARH,Sunflower,Kharif     
Madhya Pradesh,RAJNANDGAON,Sunflower,Kharif     
Madhya Pradesh,RATLAM,Sunflower,Kharif     
Madhya Pradesh,REWA,Sunflower,Kharif     
Madhya Pradesh,SAGAR,Sunflower,Kharif     
Madhya Pradesh,SATNA,Sunflower,Whole Year 
Madhya Pradesh,SEHORE,Sunflower,Kharif     
Madhya Pradesh,SEONI,Sunflower,Kharif     
Madhya Pradesh,SHAHDOL,Sunflower,Kharif     
Madhya Pradesh,SHAJAPUR,Sunflower,Kharif     
Madhya Pradesh,SHIVPURI,Sunflower,Kharif     
Madhya Pradesh,SIDHI,Sunflower,Kharif     
Madhya Pradesh,SURGUJA,Sunflower,Kharif     
Madhya Pradesh,TIKAMGARH,Sunflower,Rabi       
Madhya Pradesh,UJJAIN,Sunflower,Kharif     
Madhya Pradesh,UMARIA,Sunflower,Kharif     
Madhya Pradesh,VIDISHA,Sunflower,Kharif     
Madhya Pradesh,AGAR MALWA,Sweet potato,Whole Year 
Madhya Pradesh,ALIRAJPUR,Sweet potato,Whole Year 
Madhya Pradesh,ANUPPUR,Sweet potato,Whole Year 
Madhya Pradesh,ASHOKNAGAR,Sweet potato,Whole Year 
Madhya Pradesh,BALAGHAT,Sweet potato,Whole Year 
Madhya Pradesh,BARWANI,Sweet potato,Whole Year 
Madhya Pradesh,BASTAR,Sweet potato,Whole Year 
Madhya Pradesh,BETUL,Sweet potato,Whole Year 
Madhya Pradesh,BHIND,Sweet potato,Whole Year 
Madhya Pradesh,BHOPAL,Sweet potato,Whole Year 
Madhya Pradesh,BILASPUR,Sweet potato,Whole Year 
Madhya Pradesh,BURHANPUR,Sweet potato,Whole Year 
Madhya Pradesh,CHHATARPUR,Sweet potato,Whole Year 
Madhya Pradesh,CHHINDWARA,Sweet potato,Whole Year 
Madhya Pradesh,DAMOH,Sweet potato,Whole Year 
Madhya Pradesh,DANTEWADA,Sweet potato,Whole Year 
Madhya Pradesh,DATIA,Sweet potato,Whole Year 
Madhya Pradesh,DEWAS,Sweet potato,Whole Year 
Madhya Pradesh,DHAMTARI,Sweet potato,Whole Year 
Madhya Pradesh,DHAR,Sweet potato,Whole Year 
Madhya Pradesh,DINDORI,Sweet potato,Whole Year 
Madhya Pradesh,DURG,Sweet potato,Whole Year 
Madhya Pradesh,GUNA,Sweet potato,Whole Year 
Madhya Pradesh,GWALIOR,Sweet potato,Whole Year 
Madhya Pradesh,HARDA,Sweet potato,Whole Year 
Madhya Pradesh,HOSHANGABAD,Sweet potato,Whole Year 
Madhya Pradesh,INDORE,Sweet potato,Whole Year 
Madhya Pradesh,JABALPUR,Sweet potato,Whole Year 
Madhya Pradesh,JANJGIR-CHAMPA,Sweet potato,Whole Year 
Madhya Pradesh,JASHPUR,Sweet potato,Whole Year 
Madhya Pradesh,JHABUA,Sweet potato,Whole Year 
Madhya Pradesh,KANKER,Sweet potato,Whole Year 
Madhya Pradesh,KATNI,Sweet potato,Whole Year 
Madhya Pradesh,KHANDWA,Sweet potato,Whole Year 
Madhya Pradesh,KHARGONE,Sweet potato,Whole Year 
Madhya Pradesh,KORBA,Sweet potato,Whole Year 
Madhya Pradesh,KOREA,Sweet potato,Whole Year 
Madhya Pradesh,MAHASAMUND,Sweet potato,Whole Year 
Madhya Pradesh,MANDLA,Sweet potato,Whole Year 
Madhya Pradesh,MANDSAUR,Sweet potato,Whole Year 
Madhya Pradesh,MORENA,Sweet potato,Whole Year 
Madhya Pradesh,NARSINGHPUR,Sweet potato,Whole Year 
Madhya Pradesh,NEEMUCH,Sweet potato,Whole Year 
Madhya Pradesh,PANNA,Sweet potato,Whole Year 
Madhya Pradesh,RAIPUR,Sweet potato,Whole Year 
Madhya Pradesh,RAISEN,Sweet potato,Whole Year 
Madhya Pradesh,RAJGARH,Sweet potato,Whole Year 
Madhya Pradesh,RAJNANDGAON,Sweet potato,Whole Year 
Madhya Pradesh,RATLAM,Sweet potato,Whole Year 
Madhya Pradesh,REWA,Sweet potato,Whole Year 
Madhya Pradesh,SAGAR,Sweet potato,Whole Year 
Madhya Pradesh,SATNA,Sweet potato,Whole Year 
Madhya Pradesh,SEHORE,Sweet potato,Whole Year 
Madhya Pradesh,SEONI,Sweet potato,Whole Year 
Madhya Pradesh,SHAHDOL,Sweet potato,Whole Year 
Madhya Pradesh,SHAJAPUR,Sweet potato,Whole Year 
Madhya Pradesh,SHEOPUR,Sweet potato,Whole Year 
Madhya Pradesh,SHIVPURI,Sweet potato,Whole Year 
Madhya Pradesh,SIDHI,Sweet potato,Whole Year 
Madhya Pradesh,SINGRAULI,Sweet potato,Whole Year 
Madhya Pradesh,SURGUJA,Sweet potato,Whole Year 
Madhya Pradesh,TIKAMGARH,Sweet potato,Whole Year 
Madhya Pradesh,UJJAIN,Sweet potato,Whole Year 
Madhya Pradesh,UMARIA,Sweet potato,Whole Year 
Madhya Pradesh,VIDISHA,Sweet potato,Whole Year 
Madhya Pradesh,ANUPPUR,Tobacco,Whole Year 
Madhya Pradesh,BALAGHAT,Tobacco,Whole Year 
Madhya Pradesh,BARWANI,Tobacco,Whole Year 
Madhya Pradesh,CHHATARPUR,Tobacco,Whole Year 
Madhya Pradesh,DATIA,Tobacco,Whole Year 
Madhya Pradesh,DHAR,Tobacco,Whole Year 
Madhya Pradesh,KHARGONE,Tobacco,Whole Year 
Madhya Pradesh,MANDSAUR,Tobacco,Whole Year 
Madhya Pradesh,PANNA,Tobacco,Whole Year 
Madhya Pradesh,REWA,Tobacco,Whole Year 
Madhya Pradesh,SAGAR,Tobacco,Whole Year 
Madhya Pradesh,SATNA,Tobacco,Whole Year 
Madhya Pradesh,SHAHDOL,Tobacco,Whole Year 
Madhya Pradesh,SHAJAPUR,Tobacco,Whole Year 
Madhya Pradesh,SIDHI,Tobacco,Whole Year 
Madhya Pradesh,SINGRAULI,Tobacco,Whole Year 
Madhya Pradesh,UJJAIN,Tobacco,Whole Year 
Madhya Pradesh,AGAR MALWA,Turmeric,Whole Year 
Madhya Pradesh,ALIRAJPUR,Turmeric,Whole Year 
Madhya Pradesh,ANUPPUR,Turmeric,Whole Year 
Madhya Pradesh,ASHOKNAGAR,Turmeric,Whole Year 
Madhya Pradesh,BALAGHAT,Turmeric,Whole Year 
Madhya Pradesh,BARWANI,Turmeric,Whole Year 
Madhya Pradesh,BETUL,Turmeric,Whole Year 
Madhya Pradesh,BHIND,Turmeric,Whole Year 
Madhya Pradesh,BHOPAL,Turmeric,Whole Year 
Madhya Pradesh,BURHANPUR,Turmeric,Whole Year 
Madhya Pradesh,CHHATARPUR,Turmeric,Whole Year 
Madhya Pradesh,CHHINDWARA,Turmeric,Whole Year 
Madhya Pradesh,DAMOH,Turmeric,Whole Year 
Madhya Pradesh,DATIA,Turmeric,Whole Year 
Madhya Pradesh,DEWAS,Turmeric,Whole Year 
Madhya Pradesh,DHAR,Turmeric,Whole Year 
Madhya Pradesh,DINDORI,Turmeric,Whole Year 
Madhya Pradesh,GUNA,Turmeric,Whole Year 
Madhya Pradesh,GWALIOR,Turmeric,Whole Year 
Madhya Pradesh,HARDA,Turmeric,Whole Year 
Madhya Pradesh,HOSHANGABAD,Turmeric,Whole Year 
Madhya Pradesh,INDORE,Turmeric,Whole Year 
Madhya Pradesh,JABALPUR,Turmeric,Whole Year 
Madhya Pradesh,JHABUA,Turmeric,Whole Year 
Madhya Pradesh,KATNI,Turmeric,Whole Year 
Madhya Pradesh,KHANDWA,Turmeric,Whole Year 
Madhya Pradesh,KHARGONE,Turmeric,Whole Year 
Madhya Pradesh,MANDLA,Turmeric,Whole Year 
Madhya Pradesh,MANDSAUR,Turmeric,Whole Year 
Madhya Pradesh,NARSINGHPUR,Turmeric,Whole Year 
Madhya Pradesh,NEEMUCH,Turmeric,Whole Year 
Madhya Pradesh,PANNA,Turmeric,Whole Year 
Madhya Pradesh,RAISEN,Turmeric,Whole Year 
Madhya Pradesh,RAJGARH,Turmeric,Whole Year 
Madhya Pradesh,RATLAM,Turmeric,Whole Year 
Madhya Pradesh,REWA,Turmeric,Whole Year 
Madhya Pradesh,SAGAR,Turmeric,Whole Year 
Madhya Pradesh,SATNA,Turmeric,Whole Year 
Madhya Pradesh,SEHORE,Turmeric,Whole Year 
Madhya Pradesh,SEONI,Turmeric,Whole Year 
Madhya Pradesh,SHAHDOL,Turmeric,Whole Year 
Madhya Pradesh,SHAJAPUR,Turmeric,Whole Year 
Madhya Pradesh,SHEOPUR,Turmeric,Whole Year 
Madhya Pradesh,SHIVPURI,Turmeric,Whole Year 
Madhya Pradesh,SIDHI,Turmeric,Whole Year 
Madhya Pradesh,SINGRAULI,Turmeric,Whole Year 
Madhya Pradesh,TIKAMGARH,Turmeric,Whole Year 
Madhya Pradesh,UJJAIN,Turmeric,Whole Year 
Madhya Pradesh,UMARIA,Turmeric,Whole Year 
Madhya Pradesh,VIDISHA,Turmeric,Whole Year 
Madhya Pradesh,AGAR MALWA,Urad,Kharif     
Madhya Pradesh,ALIRAJPUR,Urad,Kharif     
Madhya Pradesh,ANUPPUR,Urad,Kharif     
Madhya Pradesh,ASHOKNAGAR,Urad,Kharif     
Madhya Pradesh,BALAGHAT,Urad,Kharif     
Madhya Pradesh,BARWANI,Urad,Kharif     
Madhya Pradesh,BETUL,Urad,Kharif     
Madhya Pradesh,BHIND,Urad,Kharif     
Madhya Pradesh,BHOPAL,Urad,Kharif     
Madhya Pradesh,BURHANPUR,Urad,Kharif     
Madhya Pradesh,CHHATARPUR,Urad,Kharif     
Madhya Pradesh,CHHINDWARA,Urad,Kharif     
Madhya Pradesh,DAMOH,Urad,Kharif     
Madhya Pradesh,DATIA,Urad,Kharif     
Madhya Pradesh,DEWAS,Urad,Kharif     
Madhya Pradesh,DHAR,Urad,Kharif     
Madhya Pradesh,DINDORI,Urad,Kharif     
Madhya Pradesh,GUNA,Urad,Kharif     
Madhya Pradesh,GWALIOR,Urad,Kharif     
Madhya Pradesh,HARDA,Urad,Kharif     
Madhya Pradesh,HOSHANGABAD,Urad,Kharif     
Madhya Pradesh,INDORE,Urad,Kharif     
Madhya Pradesh,JABALPUR,Urad,Kharif     
Madhya Pradesh,JHABUA,Urad,Kharif     
Madhya Pradesh,KATNI,Urad,Kharif     
Madhya Pradesh,KHANDWA,Urad,Kharif     
Madhya Pradesh,KHARGONE,Urad,Kharif     
Madhya Pradesh,MANDLA,Urad,Kharif     
Madhya Pradesh,MANDSAUR,Urad,Kharif     
Madhya Pradesh,MORENA,Urad,Kharif     
Madhya Pradesh,NARSINGHPUR,Urad,Kharif     
Madhya Pradesh,NEEMUCH,Urad,Kharif     
Madhya Pradesh,PANNA,Urad,Kharif     
Madhya Pradesh,RAISEN,Urad,Kharif     
Madhya Pradesh,RAJGARH,Urad,Kharif     
Madhya Pradesh,RATLAM,Urad,Kharif     
Madhya Pradesh,REWA,Urad,Kharif     
Madhya Pradesh,SAGAR,Urad,Kharif     
Madhya Pradesh,SATNA,Urad,Kharif     
Madhya Pradesh,SEHORE,Urad,Kharif     
Madhya Pradesh,SEONI,Urad,Kharif     
Madhya Pradesh,SHAHDOL,Urad,Kharif     
Madhya Pradesh,SHAJAPUR,Urad,Kharif     
Madhya Pradesh,SHEOPUR,Urad,Kharif     
Madhya Pradesh,SHIVPURI,Urad,Kharif     
Madhya Pradesh,SIDHI,Urad,Kharif     
Madhya Pradesh,SINGRAULI,Urad,Kharif     
Madhya Pradesh,TIKAMGARH,Urad,Kharif     
Madhya Pradesh,UJJAIN,Urad,Kharif     
Madhya Pradesh,UMARIA,Urad,Kharif     
Madhya Pradesh,VIDISHA,Urad,Kharif     
Madhya Pradesh,AGAR MALWA,Wheat,Rabi       
Madhya Pradesh,ALIRAJPUR,Wheat,Rabi       
Madhya Pradesh,ANUPPUR,Wheat,Rabi       
Madhya Pradesh,ASHOKNAGAR,Wheat,Rabi       
Madhya Pradesh,BALAGHAT,Wheat,Rabi       
Madhya Pradesh,BARWANI,Wheat,Rabi       
Madhya Pradesh,BASTAR,Wheat,Rabi       
Madhya Pradesh,BETUL,Wheat,Rabi       
Madhya Pradesh,BHIND,Wheat,Rabi       
Madhya Pradesh,BHOPAL,Wheat,Rabi       
Madhya Pradesh,BILASPUR,Wheat,Rabi       
Madhya Pradesh,BURHANPUR,Wheat,Rabi       
Madhya Pradesh,CHHATARPUR,Wheat,Rabi       
Madhya Pradesh,CHHINDWARA,Wheat,Rabi       
Madhya Pradesh,DAMOH,Wheat,Rabi       
Madhya Pradesh,DATIA,Wheat,Rabi       
Madhya Pradesh,DEWAS,Wheat,Rabi       
Madhya Pradesh,DHAMTARI,Wheat,Rabi       
Madhya Pradesh,DHAR,Wheat,Rabi       
Madhya Pradesh,DINDORI,Wheat,Rabi       
Madhya Pradesh,DURG,Wheat,Rabi       
Madhya Pradesh,GUNA,Wheat,Rabi       
Madhya Pradesh,GWALIOR,Wheat,Rabi       
Madhya Pradesh,HARDA,Wheat,Rabi       
Madhya Pradesh,HOSHANGABAD,Wheat,Rabi       
Madhya Pradesh,INDORE,Wheat,Rabi       
Madhya Pradesh,JABALPUR,Wheat,Rabi       
Madhya Pradesh,JANJGIR-CHAMPA,Wheat,Rabi       
Madhya Pradesh,JASHPUR,Wheat,Rabi       
Madhya Pradesh,JHABUA,Wheat,Rabi       
Madhya Pradesh,KABIRDHAM,Wheat,Rabi       
Madhya Pradesh,KANKER,Wheat,Rabi       
Madhya Pradesh,KATNI,Wheat,Rabi       
Madhya Pradesh,KHANDWA,Wheat,Rabi       
Madhya Pradesh,KHARGONE,Wheat,Rabi       
Madhya Pradesh,KORBA,Wheat,Rabi       
Madhya Pradesh,KOREA,Wheat,Rabi       
Madhya Pradesh,MAHASAMUND,Wheat,Rabi       
Madhya Pradesh,MANDLA,Wheat,Rabi       
Madhya Pradesh,MANDSAUR,Wheat,Rabi       
Madhya Pradesh,MORENA,Wheat,Rabi       
Madhya Pradesh,NARSINGHPUR,Wheat,Rabi       
Madhya Pradesh,NEEMUCH,Wheat,Rabi       
Madhya Pradesh,NIWARI,Wheat,Rabi       
Madhya Pradesh,PANNA,Wheat,Rabi       
Madhya Pradesh,RAIPUR,Wheat,Rabi       
Madhya Pradesh,RAISEN,Wheat,Rabi       
Madhya Pradesh,RAJGARH,Wheat,Rabi       
Madhya Pradesh,RAJNANDGAON,Wheat,Rabi       
Madhya Pradesh,RATLAM,Wheat,Rabi       
Madhya Pradesh,REWA,Wheat,Rabi       
Madhya Pradesh,SAGAR,Wheat,Rabi       
Madhya Pradesh,SATNA,Wheat,Rabi       
Madhya Pradesh,SEHORE,Wheat,Rabi       
Madhya Pradesh,SEONI,Wheat,Rabi       
Madhya Pradesh,SHAHDOL,Wheat,Rabi       
Madhya Pradesh,SHAJAPUR,Wheat,Rabi       
Madhya Pradesh,SHEOPUR,Wheat,Rabi       
Madhya Pradesh,SHIVPURI,Wheat,Rabi       
Madhya Pradesh,SIDHI,Wheat,Rabi       
Madhya Pradesh,SINGRAULI,Wheat,Rabi       
Madhya Pradesh,SURGUJA,Wheat,Rabi       
Madhya Pradesh,TIKAMGARH,Wheat,Rabi       
Madhya Pradesh,UJJAIN,Wheat,Rabi       
Madhya Pradesh,UMARIA,Wheat,Rabi       
Madhya Pradesh,VIDISHA,Wheat,Rabi       
Maharashtra,AHMEDNAGAR,Arhar/Tur,Kharif     
Maharashtra,AKOLA,Arhar/Tur,Kharif     
Maharashtra,AMRAVATI,Arhar/Tur,Kharif     
Maharashtra,AURANGABAD,Arhar/Tur,Kharif     
Maharashtra,BEED,Arhar/Tur,Kharif     
Maharashtra,BHANDARA,Arhar/Tur,Kharif     
Maharashtra,BULDHANA,Arhar/Tur,Kharif     
Maharashtra,CHANDRAPUR,Arhar/Tur,Kharif     
Maharashtra,DHULE,Arhar/Tur,Kharif     
Maharashtra,GADCHIROLI,Arhar/Tur,Kharif     
Maharashtra,GONDIA,Arhar/Tur,Kharif     
Maharashtra,HINGOLI,Arhar/Tur,Kharif     
Maharashtra,JALGAON,Arhar/Tur,Kharif     
Maharashtra,JALNA,Arhar/Tur,Kharif     
Maharashtra,KOLHAPUR,Arhar/Tur,Kharif     
Maharashtra,LATUR,Arhar/Tur,Kharif     
Maharashtra,NAGPUR,Arhar/Tur,Kharif     
Maharashtra,NANDED,Arhar/Tur,Kharif     
Maharashtra,NANDURBAR,Arhar/Tur,Kharif     
Maharashtra,NASHIK,Arhar/Tur,Kharif     
Maharashtra,OSMANABAD,Arhar/Tur,Kharif     
Maharashtra,PALGHAR,Arhar/Tur,Kharif     
Maharashtra,PARBHANI,Arhar/Tur,Kharif     
Maharashtra,PUNE,Arhar/Tur,Kharif     
Maharashtra,RAIGAD,Arhar/Tur,Kharif     
Maharashtra,RATNAGIRI,Arhar/Tur,Kharif     
Maharashtra,SANGLI,Arhar/Tur,Kharif     
Maharashtra,SATARA,Arhar/Tur,Kharif     
Maharashtra,SINDHUDURG,Arhar/Tur,Kharif     
Maharashtra,SOLAPUR,Arhar/Tur,Kharif     
Maharashtra,THANE,Arhar/Tur,Kharif     
Maharashtra,WARDHA,Arhar/Tur,Kharif     
Maharashtra,WASHIM,Arhar/Tur,Kharif     
Maharashtra,YAVATMAL,Arhar/Tur,Kharif     
Maharashtra,AHMEDNAGAR,Bajra,Kharif     
Maharashtra,AKOLA,Bajra,Kharif     
Maharashtra,AMRAVATI,Bajra,Kharif     
Maharashtra,AURANGABAD,Bajra,Kharif     
Maharashtra,BEED,Bajra,Kharif     
Maharashtra,BULDHANA,Bajra,Kharif     
Maharashtra,CHANDRAPUR,Bajra,Kharif     
Maharashtra,DHULE,Bajra,Kharif     
Maharashtra,GADCHIROLI,Bajra,Kharif     
Maharashtra,GONDIA,Bajra,Kharif     
Maharashtra,HINGOLI,Bajra,Kharif     
Maharashtra,JALGAON,Bajra,Kharif     
Maharashtra,JALNA,Bajra,Kharif     
Maharashtra,KOLHAPUR,Bajra,Kharif     
Maharashtra,LATUR,Bajra,Kharif     
Maharashtra,NAGPUR,Bajra,Kharif     
Maharashtra,NANDED,Bajra,Kharif     
Maharashtra,NANDURBAR,Bajra,Kharif     
Maharashtra,NASHIK,Bajra,Kharif     
Maharashtra,OSMANABAD,Bajra,Kharif     
Maharashtra,PARBHANI,Bajra,Kharif     
Maharashtra,PUNE,Bajra,Kharif     
Maharashtra,SANGLI,Bajra,Kharif     
Maharashtra,SATARA,Bajra,Kharif     
Maharashtra,SOLAPUR,Bajra,Kharif     
Maharashtra,WARDHA,Bajra,Kharif     
Maharashtra,WASHIM,Bajra,Kharif     
Maharashtra,YAVATMAL,Bajra,Kharif     
Maharashtra,AHMEDNAGAR,Banana,Whole Year 
Maharashtra,AKOLA,Banana,Whole Year 
Maharashtra,AMRAVATI,Banana,Whole Year 
Maharashtra,AURANGABAD,Banana,Whole Year 
Maharashtra,BEED,Banana,Whole Year 
Maharashtra,BHANDARA,Banana,Whole Year 
Maharashtra,BULDHANA,Banana,Whole Year 
Maharashtra,DHULE,Banana,Whole Year 
Maharashtra,HINGOLI,Banana,Whole Year 
Maharashtra,JALGAON,Banana,Whole Year 
Maharashtra,JALNA,Banana,Whole Year 
Maharashtra,KOLHAPUR,Banana,Whole Year 
Maharashtra,LATUR,Banana,Whole Year 
Maharashtra,NANDED,Banana,Whole Year 
Maharashtra,NANDURBAR,Banana,Whole Year 
Maharashtra,OSMANABAD,Banana,Whole Year 
Maharashtra,PARBHANI,Banana,Whole Year 
Maharashtra,PUNE,Banana,Whole Year 
Maharashtra,RAIGAD,Banana,Whole Year 
Maharashtra,RATNAGIRI,Banana,Whole Year 
Maharashtra,SANGLI,Banana,Whole Year 
Maharashtra,SATARA,Banana,Whole Year 
Maharashtra,SINDHUDURG,Banana,Whole Year 
Maharashtra,SOLAPUR,Banana,Whole Year 
Maharashtra,THANE,Banana,Whole Year 
Maharashtra,WARDHA,Banana,Whole Year 
Maharashtra,WASHIM,Banana,Whole Year 
Maharashtra,YAVATMAL,Banana,Whole Year 
Maharashtra,AHMEDNAGAR,Castor seed,Kharif     
Maharashtra,AKOLA,Castor seed,Kharif     
Maharashtra,AMRAVATI,Castor seed,Kharif     
Maharashtra,AURANGABAD,Castor seed,Kharif     
Maharashtra,BEED,Castor seed,Kharif     
Maharashtra,BHANDARA,Castor seed,Kharif     
Maharashtra,BULDHANA,Castor seed,Kharif     
Maharashtra,CHANDRAPUR,Castor seed,Kharif     
Maharashtra,DHULE,Castor seed,Kharif     
Maharashtra,GADCHIROLI,Castor seed,Kharif     
Maharashtra,GONDIA,Castor seed,Kharif     
Maharashtra,HINGOLI,Castor seed,Kharif     
Maharashtra,JALGAON,Castor seed,Kharif     
Maharashtra,JALNA,Castor seed,Kharif     
Maharashtra,KOLHAPUR,Castor seed,Kharif     
Maharashtra,LATUR,Castor seed,Kharif     
Maharashtra,NAGPUR,Castor seed,Kharif     
Maharashtra,NANDED,Castor seed,Kharif     
Maharashtra,NANDURBAR,Castor seed,Kharif     
Maharashtra,NASHIK,Castor seed,Kharif     
Maharashtra,OSMANABAD,Castor seed,Kharif     
Maharashtra,PARBHANI,Castor seed,Kharif     
Maharashtra,PUNE,Castor seed,Kharif     
Maharashtra,RATNAGIRI,Castor seed,Kharif     
Maharashtra,SANGLI,Castor seed,Kharif     
Maharashtra,SATARA,Castor seed,Kharif     
Maharashtra,SINDHUDURG,Castor seed,Kharif     
Maharashtra,SOLAPUR,Castor seed,Kharif     
Maharashtra,WARDHA,Castor seed,Kharif     
Maharashtra,WASHIM,Castor seed,Kharif     
Maharashtra,YAVATMAL,Castor seed,Kharif     
Maharashtra,AHMEDNAGAR,Cotton(lint),Whole Year 
Maharashtra,AKOLA,Cotton(lint),Whole Year 
Maharashtra,AMRAVATI,Cotton(lint),Whole Year 
Maharashtra,AURANGABAD,Cotton(lint),Whole Year 
Maharashtra,BEED,Cotton(lint),Whole Year 
Maharashtra,BHANDARA,Cotton(lint),Kharif     
Maharashtra,BULDHANA,Cotton(lint),Whole Year 
Maharashtra,CHANDRAPUR,Cotton(lint),Whole Year 
Maharashtra,DHULE,Cotton(lint),Whole Year 
Maharashtra,GADCHIROLI,Cotton(lint),Kharif     
Maharashtra,GONDIA,Cotton(lint),Kharif     
Maharashtra,HINGOLI,Cotton(lint),Kharif     
Maharashtra,JALGAON,Cotton(lint),Whole Year 
Maharashtra,JALNA,Cotton(lint),Whole Year 
Maharashtra,KOLHAPUR,Cotton(lint),Whole Year 
Maharashtra,LATUR,Cotton(lint),Whole Year 
Maharashtra,NAGPUR,Cotton(lint),Whole Year 
Maharashtra,NANDED,Cotton(lint),Whole Year 
Maharashtra,NANDURBAR,Cotton(lint),Kharif     
Maharashtra,NASHIK,Cotton(lint),Whole Year 
Maharashtra,OSMANABAD,Cotton(lint),Whole Year 
Maharashtra,PARBHANI,Cotton(lint),Whole Year 
Maharashtra,PUNE,Cotton(lint),Whole Year 
Maharashtra,SANGLI,Cotton(lint),Whole Year 
Maharashtra,SATARA,Cotton(lint),Whole Year 
Maharashtra,SOLAPUR,Cotton(lint),Whole Year 
Maharashtra,WARDHA,Cotton(lint),Whole Year 
Maharashtra,WASHIM,Cotton(lint),Kharif     
Maharashtra,YAVATMAL,Cotton(lint),Whole Year 
Maharashtra,AHMEDNAGAR,Gram,Kharif     
Maharashtra,AKOLA,Gram,Kharif     
Maharashtra,AMRAVATI,Gram,Kharif     
Maharashtra,AURANGABAD,Gram,Kharif     
Maharashtra,BEED,Gram,Kharif     
Maharashtra,BHANDARA,Gram,Kharif     
Maharashtra,BULDHANA,Gram,Kharif     
Maharashtra,CHANDRAPUR,Gram,Kharif     
Maharashtra,DHULE,Gram,Kharif     
Maharashtra,GADCHIROLI,Gram,Kharif     
Maharashtra,GONDIA,Gram,Rabi       
Maharashtra,HINGOLI,Gram,Rabi       
Maharashtra,JALGAON,Gram,Kharif     
Maharashtra,JALNA,Gram,Kharif     
Maharashtra,KOLHAPUR,Gram,Kharif     
Maharashtra,LATUR,Gram,Kharif     
Maharashtra,NAGPUR,Gram,Kharif     
Maharashtra,NANDED,Gram,Kharif     
Maharashtra,NANDURBAR,Gram,Rabi       
Maharashtra,NASHIK,Gram,Kharif     
Maharashtra,OSMANABAD,Gram,Kharif     
Maharashtra,PALGHAR,Gram,Rabi       
Maharashtra,PARBHANI,Gram,Kharif     
Maharashtra,PUNE,Gram,Kharif     
Maharashtra,RAIGAD,Gram,Kharif     
Maharashtra,RATNAGIRI,Gram,Rabi       
Maharashtra,SANGLI,Gram,Kharif     
Maharashtra,SATARA,Gram,Kharif     
Maharashtra,SOLAPUR,Gram,Kharif     
Maharashtra,THANE,Gram,Kharif     
Maharashtra,WARDHA,Gram,Kharif     
Maharashtra,WASHIM,Gram,Rabi       
Maharashtra,YAVATMAL,Gram,Kharif     
Maharashtra,AHMEDNAGAR,Groundnut,Kharif     
Maharashtra,AKOLA,Groundnut,Kharif     
Maharashtra,AMRAVATI,Groundnut,Kharif     
Maharashtra,AURANGABAD,Groundnut,Kharif     
Maharashtra,BEED,Groundnut,Kharif     
Maharashtra,BHANDARA,Groundnut,Kharif     
Maharashtra,BULDHANA,Groundnut,Kharif     
Maharashtra,CHANDRAPUR,Groundnut,Summer     
Maharashtra,DHULE,Groundnut,Kharif     
Maharashtra,GADCHIROLI,Groundnut,Summer     
Maharashtra,GONDIA,Groundnut,Summer     
Maharashtra,HINGOLI,Groundnut,Kharif     
Maharashtra,JALGAON,Groundnut,Kharif     
Maharashtra,JALNA,Groundnut,Kharif     
Maharashtra,KOLHAPUR,Groundnut,Kharif     
Maharashtra,LATUR,Groundnut,Kharif     
Maharashtra,NAGPUR,Groundnut,Kharif     
Maharashtra,NANDED,Groundnut,Kharif     
Maharashtra,NANDURBAR,Groundnut,Kharif     
Maharashtra,NASHIK,Groundnut,Kharif     
Maharashtra,OSMANABAD,Groundnut,Kharif     
Maharashtra,PALGHAR,Groundnut,Summer     
Maharashtra,PARBHANI,Groundnut,Kharif     
Maharashtra,PUNE,Groundnut,Kharif     
Maharashtra,RAIGAD,Groundnut,Kharif     
Maharashtra,RATNAGIRI,Groundnut,Kharif     
Maharashtra,SANGLI,Groundnut,Kharif     
Maharashtra,SATARA,Groundnut,Kharif     
Maharashtra,SINDHUDURG,Groundnut,Kharif     
Maharashtra,SOLAPUR,Groundnut,Kharif     
Maharashtra,THANE,Groundnut,Kharif     
Maharashtra,WARDHA,Groundnut,Kharif     
Maharashtra,WASHIM,Groundnut,Kharif     
Maharashtra,YAVATMAL,Groundnut,Kharif     
Maharashtra,AHMEDNAGAR,Jowar,Kharif     
Maharashtra,AKOLA,Jowar,Kharif     
Maharashtra,AMRAVATI,Jowar,Kharif     
Maharashtra,AURANGABAD,Jowar,Kharif     
Maharashtra,BEED,Jowar,Kharif     
Maharashtra,BHANDARA,Jowar,Kharif     
Maharashtra,BULDHANA,Jowar,Kharif     
Maharashtra,CHANDRAPUR,Jowar,Kharif     
Maharashtra,DHULE,Jowar,Kharif     
Maharashtra,GADCHIROLI,Jowar,Kharif     
Maharashtra,GONDIA,Jowar,Kharif     
Maharashtra,HINGOLI,Jowar,Kharif     
Maharashtra,JALGAON,Jowar,Kharif     
Maharashtra,JALNA,Jowar,Kharif     
Maharashtra,KOLHAPUR,Jowar,Kharif     
Maharashtra,LATUR,Jowar,Kharif     
Maharashtra,NAGPUR,Jowar,Kharif     
Maharashtra,NANDED,Jowar,Kharif     
Maharashtra,NANDURBAR,Jowar,Kharif     
Maharashtra,NASHIK,Jowar,Kharif     
Maharashtra,OSMANABAD,Jowar,Kharif     
Maharashtra,PARBHANI,Jowar,Kharif     
Maharashtra,PUNE,Jowar,Kharif     
Maharashtra,SANGLI,Jowar,Kharif     
Maharashtra,SATARA,Jowar,Kharif     
Maharashtra,SOLAPUR,Jowar,Kharif     
Maharashtra,WARDHA,Jowar,Kharif     
Maharashtra,WASHIM,Jowar,Kharif     
Maharashtra,YAVATMAL,Jowar,Kharif     
Maharashtra,AHMEDNAGAR,Linseed,Rabi       
Maharashtra,AMRAVATI,Linseed,Rabi       
Maharashtra,AURANGABAD,Linseed,Rabi       
Maharashtra,BEED,Linseed,Rabi       
Maharashtra,BHANDARA,Linseed,Rabi       
Maharashtra,BULDHANA,Linseed,Rabi       
Maharashtra,CHANDRAPUR,Linseed,Rabi       
Maharashtra,DHULE,Linseed,Rabi       
Maharashtra,GADCHIROLI,Linseed,Rabi       
Maharashtra,GONDIA,Linseed,Rabi       
Maharashtra,HINGOLI,Linseed,Rabi       
Maharashtra,JALGAON,Linseed,Rabi       
Maharashtra,JALNA,Linseed,Rabi       
Maharashtra,LATUR,Linseed,Rabi       
Maharashtra,MUMBAI SUBURBAN,Linseed,Rabi       
Maharashtra,NAGPUR,Linseed,Rabi       
Maharashtra,NANDED,Linseed,Rabi       
Maharashtra,NASHIK,Linseed,Rabi       
Maharashtra,OSMANABAD,Linseed,Rabi       
Maharashtra,PARBHANI,Linseed,Rabi       
Maharashtra,PUNE,Linseed,Rabi       
Maharashtra,SANGLI,Linseed,Rabi       
Maharashtra,SATARA,Linseed,Rabi       
Maharashtra,SOLAPUR,Linseed,Rabi       
Maharashtra,WARDHA,Linseed,Rabi       
Maharashtra,YAVATMAL,Linseed,Rabi       
Maharashtra,AHMEDNAGAR,Maize,Autumn     
Maharashtra,AKOLA,Maize,Kharif     
Maharashtra,AMRAVATI,Maize,Kharif     
Maharashtra,AURANGABAD,Maize,Kharif     
Maharashtra,BEED,Maize,Kharif     
Maharashtra,BHANDARA,Maize,Kharif     
Maharashtra,BULDHANA,Maize,Kharif     
Maharashtra,CHANDRAPUR,Maize,Kharif     
Maharashtra,DHULE,Maize,Autumn     
Maharashtra,GADCHIROLI,Maize,Kharif     
Maharashtra,GONDIA,Maize,Kharif     
Maharashtra,HINGOLI,Maize,Kharif     
Maharashtra,JALGAON,Maize,Autumn     
Maharashtra,JALNA,Maize,Kharif     
Maharashtra,KOLHAPUR,Maize,Kharif     
Maharashtra,LATUR,Maize,Kharif     
Maharashtra,MUMBAI,Maize,Autumn     
Maharashtra,MUMBAI SUBURBAN,Maize,Summer     
Maharashtra,NAGPUR,Maize,Kharif     
Maharashtra,NANDED,Maize,Summer     
Maharashtra,NANDURBAR,Maize,Kharif     
Maharashtra,NASHIK,Maize,Autumn     
Maharashtra,OSMANABAD,Maize,Autumn     
Maharashtra,PALGHAR,Maize,Rabi       
Maharashtra,PARBHANI,Maize,Kharif     
Maharashtra,PUNE,Maize,Autumn     
Maharashtra,RAIGAD,Maize,Rabi       
Maharashtra,RATNAGIRI,Maize,Rabi       
Maharashtra,SANGLI,Maize,Kharif     
Maharashtra,SATARA,Maize,Kharif     
Maharashtra,SINDHUDURG,Maize,Rabi       
Maharashtra,SOLAPUR,Maize,Kharif     
Maharashtra,THANE,Maize,Rabi       
Maharashtra,WARDHA,Maize,Kharif     
Maharashtra,WASHIM,Maize,Kharif     
Maharashtra,YAVATMAL,Maize,Kharif     
Maharashtra,AHMEDNAGAR,Moong(Green Gram),Kharif     
Maharashtra,AKOLA,Moong(Green Gram),Kharif     
Maharashtra,AMRAVATI,Moong(Green Gram),Kharif     
Maharashtra,AURANGABAD,Moong(Green Gram),Kharif     
Maharashtra,BEED,Moong(Green Gram),Kharif     
Maharashtra,BHANDARA,Moong(Green Gram),Kharif     
Maharashtra,BULDHANA,Moong(Green Gram),Kharif     
Maharashtra,CHANDRAPUR,Moong(Green Gram),Kharif     
Maharashtra,DHULE,Moong(Green Gram),Kharif     
Maharashtra,GADCHIROLI,Moong(Green Gram),Kharif     
Maharashtra,GONDIA,Moong(Green Gram),Kharif     
Maharashtra,HINGOLI,Moong(Green Gram),Kharif     
Maharashtra,JALGAON,Moong(Green Gram),Kharif     
Maharashtra,JALNA,Moong(Green Gram),Kharif     
Maharashtra,KOLHAPUR,Moong(Green Gram),Kharif     
Maharashtra,LATUR,Moong(Green Gram),Kharif     
Maharashtra,NAGPUR,Moong(Green Gram),Kharif     
Maharashtra,NANDED,Moong(Green Gram),Kharif     
Maharashtra,NANDURBAR,Moong(Green Gram),Kharif     
Maharashtra,NASHIK,Moong(Green Gram),Kharif     
Maharashtra,OSMANABAD,Moong(Green Gram),Kharif     
Maharashtra,PALGHAR,Moong(Green Gram),Kharif     
Maharashtra,PARBHANI,Moong(Green Gram),Kharif     
Maharashtra,PUNE,Moong(Green Gram),Kharif     
Maharashtra,RAIGAD,Moong(Green Gram),Kharif     
Maharashtra,RATNAGIRI,Moong(Green Gram),Kharif     
Maharashtra,SANGLI,Moong(Green Gram),Kharif     
Maharashtra,SATARA,Moong(Green Gram),Kharif     
Maharashtra,SINDHUDURG,Moong(Green Gram),Kharif     
Maharashtra,SOLAPUR,Moong(Green Gram),Kharif     
Maharashtra,THANE,Moong(Green Gram),Kharif     
Maharashtra,WARDHA,Moong(Green Gram),Kharif     
Maharashtra,WASHIM,Moong(Green Gram),Kharif     
Maharashtra,YAVATMAL,Moong(Green Gram),Kharif     
Maharashtra,AHMEDNAGAR,Niger seed,Kharif     
Maharashtra,AKOLA,Niger seed,Kharif     
Maharashtra,AMRAVATI,Niger seed,Kharif     
Maharashtra,AURANGABAD,Niger seed,Kharif     
Maharashtra,BEED,Niger seed,Kharif     
Maharashtra,BULDHANA,Niger seed,Kharif     
Maharashtra,CHANDRAPUR,Niger seed,Kharif     
Maharashtra,DHULE,Niger seed,Kharif     
Maharashtra,HINGOLI,Niger seed,Kharif     
Maharashtra,JALNA,Niger seed,Kharif     
Maharashtra,KOLHAPUR,Niger seed,Kharif     
Maharashtra,LATUR,Niger seed,Kharif     
Maharashtra,NAGPUR,Niger seed,Kharif     
Maharashtra,NANDED,Niger seed,Kharif     
Maharashtra,NANDURBAR,Niger seed,Kharif     
Maharashtra,NASHIK,Niger seed,Kharif     
Maharashtra,OSMANABAD,Niger seed,Kharif     
Maharashtra,PALGHAR,Niger seed,Kharif     
Maharashtra,PARBHANI,Niger seed,Kharif     
Maharashtra,PUNE,Niger seed,Kharif     
Maharashtra,RAIGAD,Niger seed,Kharif     
Maharashtra,RATNAGIRI,Niger seed,Kharif     
Maharashtra,SANGLI,Niger seed,Kharif     
Maharashtra,SATARA,Niger seed,Kharif     
Maharashtra,SINDHUDURG,Niger seed,Kharif     
Maharashtra,SOLAPUR,Niger seed,Kharif     
Maharashtra,THANE,Niger seed,Kharif     
Maharashtra,WASHIM,Niger seed,Kharif     
Maharashtra,YAVATMAL,Niger seed,Kharif     
Maharashtra,AHMEDNAGAR,Onion,Whole Year 
Maharashtra,AKOLA,Onion,Whole Year 
Maharashtra,AMRAVATI,Onion,Whole Year 
Maharashtra,AURANGABAD,Onion,Whole Year 
Maharashtra,BEED,Onion,Whole Year 
Maharashtra,BHANDARA,Onion,Whole Year 
Maharashtra,BULDHANA,Onion,Whole Year 
Maharashtra,CHANDRAPUR,Onion,Whole Year 
Maharashtra,DHULE,Onion,Whole Year 
Maharashtra,GADCHIROLI,Onion,Whole Year 
Maharashtra,GONDIA,Onion,Whole Year 
Maharashtra,JALGAON,Onion,Whole Year 
Maharashtra,JALNA,Onion,Whole Year 
Maharashtra,KOLHAPUR,Onion,Whole Year 
Maharashtra,NAGPUR,Onion,Whole Year 
Maharashtra,NANDURBAR,Onion,Whole Year 
Maharashtra,NASHIK,Onion,Whole Year 
Maharashtra,OSMANABAD,Onion,Whole Year 
Maharashtra,PARBHANI,Onion,Whole Year 
Maharashtra,PUNE,Onion,Whole Year 
Maharashtra,SANGLI,Onion,Whole Year 
Maharashtra,SATARA,Onion,Whole Year 
Maharashtra,SOLAPUR,Onion,Whole Year 
Maharashtra,WARDHA,Onion,Whole Year 
Maharashtra,WASHIM,Onion,Whole Year 
Maharashtra,YAVATMAL,Onion,Whole Year 
Maharashtra,AHMEDNAGAR,Other  Rabi pulses,Rabi       
Maharashtra,AKOLA,Other  Rabi pulses,Rabi       
Maharashtra,AMRAVATI,Other  Rabi pulses,Rabi       
Maharashtra,AURANGABAD,Other  Rabi pulses,Rabi       
Maharashtra,BEED,Other  Rabi pulses,Rabi       
Maharashtra,BHANDARA,Other  Rabi pulses,Rabi       
Maharashtra,BULDHANA,Other  Rabi pulses,Rabi       
Maharashtra,CHANDRAPUR,Other  Rabi pulses,Rabi       
Maharashtra,DHULE,Other  Rabi pulses,Rabi       
Maharashtra,GADCHIROLI,Other  Rabi pulses,Rabi       
Maharashtra,GONDIA,Other  Rabi pulses,Rabi       
Maharashtra,HINGOLI,Other  Rabi pulses,Rabi       
Maharashtra,JALGAON,Other  Rabi pulses,Rabi       
Maharashtra,JALNA,Other  Rabi pulses,Rabi       
Maharashtra,KOLHAPUR,Other  Rabi pulses,Rabi       
Maharashtra,LATUR,Other  Rabi pulses,Rabi       
Maharashtra,NAGPUR,Other  Rabi pulses,Rabi       
Maharashtra,NANDED,Other  Rabi pulses,Rabi       
Maharashtra,NANDURBAR,Other  Rabi pulses,Rabi       
Maharashtra,NASHIK,Other  Rabi pulses,Rabi       
Maharashtra,OSMANABAD,Other  Rabi pulses,Rabi       
Maharashtra,PALGHAR,Other  Rabi pulses,Rabi       
Maharashtra,PARBHANI,Other  Rabi pulses,Rabi       
Maharashtra,PUNE,Other  Rabi pulses,Rabi       
Maharashtra,RAIGAD,Other  Rabi pulses,Rabi       
Maharashtra,RATNAGIRI,Other  Rabi pulses,Rabi       
Maharashtra,SANGLI,Other  Rabi pulses,Rabi       
Maharashtra,SATARA,Other  Rabi pulses,Rabi       
Maharashtra,SINDHUDURG,Other  Rabi pulses,Rabi       
Maharashtra,SOLAPUR,Other  Rabi pulses,Rabi       
Maharashtra,THANE,Other  Rabi pulses,Rabi       
Maharashtra,WARDHA,Other  Rabi pulses,Rabi       
Maharashtra,WASHIM,Other  Rabi pulses,Rabi       
Maharashtra,YAVATMAL,Other  Rabi pulses,Rabi       
Maharashtra,AHMEDNAGAR,Other Cereals,Kharif     
Maharashtra,AKOLA,Other Cereals,Kharif     
Maharashtra,AMRAVATI,Other Cereals,Kharif     
Maharashtra,AURANGABAD,Other Cereals,Kharif     
Maharashtra,BEED,Other Cereals,Kharif     
Maharashtra,BHANDARA,Other Cereals,Kharif     
Maharashtra,BULDHANA,Other Cereals,Kharif     
Maharashtra,CHANDRAPUR,Other Cereals,Kharif     
Maharashtra,DHULE,Other Cereals,Kharif     
Maharashtra,GADCHIROLI,Other Cereals,Kharif     
Maharashtra,GONDIA,Other Cereals,Kharif     
Maharashtra,HINGOLI,Other Cereals,Kharif     
Maharashtra,JALGAON,Other Cereals,Kharif     
Maharashtra,JALNA,Other Cereals,Kharif     
Maharashtra,KOLHAPUR,Other Cereals,Kharif     
Maharashtra,LATUR,Other Cereals,Kharif     
Maharashtra,NAGPUR,Other Cereals,Kharif     
Maharashtra,NANDED,Other Cereals,Kharif     
Maharashtra,NANDURBAR,Other Cereals,Kharif     
Maharashtra,NASHIK,Other Cereals,Kharif     
Maharashtra,OSMANABAD,Other Cereals,Rabi       
Maharashtra,PALGHAR,Other Cereals,Kharif     
Maharashtra,PARBHANI,Other Cereals,Rabi       
Maharashtra,PUNE,Other Cereals,Kharif     
Maharashtra,RAIGAD,Other Cereals,Kharif     
Maharashtra,RATNAGIRI,Other Cereals,Kharif     
Maharashtra,SANGLI,Other Cereals,Rabi       
Maharashtra,SATARA,Other Cereals,Kharif     
Maharashtra,SINDHUDURG,Other Cereals,Kharif     
Maharashtra,SOLAPUR,Other Cereals,Kharif     
Maharashtra,THANE,Other Cereals,Kharif     
Maharashtra,WARDHA,Other Cereals,Kharif     
Maharashtra,WASHIM,Other Cereals,Kharif     
Maharashtra,YAVATMAL,Other Cereals,Kharif     
Maharashtra,AHMEDNAGAR,Other Kharif pulses,Kharif     
Maharashtra,AKOLA,Other Kharif pulses,Kharif     
Maharashtra,AMRAVATI,Other Kharif pulses,Kharif     
Maharashtra,AURANGABAD,Other Kharif pulses,Kharif     
Maharashtra,BEED,Other Kharif pulses,Kharif     
Maharashtra,BHANDARA,Other Kharif pulses,Kharif     
Maharashtra,BULDHANA,Other Kharif pulses,Kharif     
Maharashtra,CHANDRAPUR,Other Kharif pulses,Kharif     
Maharashtra,DHULE,Other Kharif pulses,Kharif     
Maharashtra,GADCHIROLI,Other Kharif pulses,Kharif     
Maharashtra,GONDIA,Other Kharif pulses,Kharif     
Maharashtra,HINGOLI,Other Kharif pulses,Kharif     
Maharashtra,JALGAON,Other Kharif pulses,Kharif     
Maharashtra,JALNA,Other Kharif pulses,Kharif     
Maharashtra,KOLHAPUR,Other Kharif pulses,Kharif     
Maharashtra,LATUR,Other Kharif pulses,Kharif     
Maharashtra,NAGPUR,Other Kharif pulses,Kharif     
Maharashtra,NANDED,Other Kharif pulses,Kharif     
Maharashtra,NANDURBAR,Other Kharif pulses,Kharif     
Maharashtra,NASHIK,Other Kharif pulses,Kharif     
Maharashtra,OSMANABAD,Other Kharif pulses,Kharif     
Maharashtra,PALGHAR,Other Kharif pulses,Kharif     
Maharashtra,PARBHANI,Other Kharif pulses,Kharif     
Maharashtra,PUNE,Other Kharif pulses,Kharif     
Maharashtra,RAIGAD,Other Kharif pulses,Kharif     
Maharashtra,RATNAGIRI,Other Kharif pulses,Kharif     
Maharashtra,SANGLI,Other Kharif pulses,Kharif     
Maharashtra,SATARA,Other Kharif pulses,Kharif     
Maharashtra,SINDHUDURG,Other Kharif pulses,Kharif     
Maharashtra,SOLAPUR,Other Kharif pulses,Kharif     
Maharashtra,THANE,Other Kharif pulses,Kharif     
Maharashtra,WARDHA,Other Kharif pulses,Kharif     
Maharashtra,WASHIM,Other Kharif pulses,Kharif     
Maharashtra,YAVATMAL,Other Kharif pulses,Kharif     
Maharashtra,AHMEDNAGAR,other oilseeds,Kharif     
Maharashtra,AMRAVATI,other oilseeds,Kharif     
Maharashtra,AURANGABAD,other oilseeds,Kharif     
Maharashtra,BEED,other oilseeds,Kharif     
Maharashtra,BHANDARA,other oilseeds,Rabi       
Maharashtra,BULDHANA,other oilseeds,Kharif     
Maharashtra,CHANDRAPUR,other oilseeds,Kharif     
Maharashtra,DHULE,other oilseeds,Kharif     
Maharashtra,GADCHIROLI,other oilseeds,Rabi       
Maharashtra,GONDIA,other oilseeds,Kharif     
Maharashtra,HINGOLI,other oilseeds,Kharif     
Maharashtra,JALGAON,other oilseeds,Kharif     
Maharashtra,JALNA,other oilseeds,Kharif     
Maharashtra,KOLHAPUR,other oilseeds,Summer     
Maharashtra,LATUR,other oilseeds,Rabi       
Maharashtra,NAGPUR,other oilseeds,Kharif     
Maharashtra,NANDED,other oilseeds,Kharif     
Maharashtra,NANDURBAR,other oilseeds,Kharif     
Maharashtra,NASHIK,other oilseeds,Kharif     
Maharashtra,OSMANABAD,other oilseeds,Kharif     
Maharashtra,PALGHAR,other oilseeds,Rabi       
Maharashtra,PARBHANI,other oilseeds,Kharif     
Maharashtra,PUNE,other oilseeds,Rabi       
Maharashtra,RAIGAD,other oilseeds,Rabi       
Maharashtra,RATNAGIRI,other oilseeds,Rabi       
Maharashtra,SANGLI,other oilseeds,Summer     
Maharashtra,SATARA,other oilseeds,Rabi       
Maharashtra,SINDHUDURG,other oilseeds,Rabi       
Maharashtra,SOLAPUR,other oilseeds,Kharif     
Maharashtra,THANE,other oilseeds,Rabi       
Maharashtra,WARDHA,other oilseeds,Kharif     
Maharashtra,WASHIM,other oilseeds,Kharif     
Maharashtra,YAVATMAL,other oilseeds,Kharif     
Maharashtra,AHMEDNAGAR,Other Summer Pulses,Summer     
Maharashtra,AKOLA,Other Summer Pulses,Summer     
Maharashtra,AMRAVATI,Other Summer Pulses,Summer     
Maharashtra,AURANGABAD,Other Summer Pulses,Summer     
Maharashtra,BEED,Other Summer Pulses,Summer     
Maharashtra,BHANDARA,Other Summer Pulses,Summer     
Maharashtra,BULDHANA,Other Summer Pulses,Summer     
Maharashtra,CHANDRAPUR,Other Summer Pulses,Summer     
Maharashtra,GADCHIROLI,Other Summer Pulses,Summer     
Maharashtra,GONDIA,Other Summer Pulses,Summer     
Maharashtra,HINGOLI,Other Summer Pulses,Summer     
Maharashtra,JALGAON,Other Summer Pulses,Summer     
Maharashtra,JALNA,Other Summer Pulses,Summer     
Maharashtra,KOLHAPUR,Other Summer Pulses,Summer     
Maharashtra,NAGPUR,Other Summer Pulses,Summer     
Maharashtra,NANDURBAR,Other Summer Pulses,Summer     
Maharashtra,NASHIK,Other Summer Pulses,Summer     
Maharashtra,PUNE,Other Summer Pulses,Summer     
Maharashtra,SOLAPUR,Other Summer Pulses,Summer     
Maharashtra,WASHIM,Other Summer Pulses,Summer     
Maharashtra,YAVATMAL,Other Summer Pulses,Summer     
Maharashtra,AHMEDNAGAR,Ragi,Kharif     
Maharashtra,AURANGABAD,Ragi,Kharif     
Maharashtra,BEED,Ragi,Kharif     
Maharashtra,BULDHANA,Ragi,Kharif     
Maharashtra,DHULE,Ragi,Kharif     
Maharashtra,KOLHAPUR,Ragi,Kharif     
Maharashtra,NANDURBAR,Ragi,Kharif     
Maharashtra,NASHIK,Ragi,Kharif     
Maharashtra,OSMANABAD,Ragi,Kharif     
Maharashtra,PALGHAR,Ragi,Kharif     
Maharashtra,PUNE,Ragi,Kharif     
Maharashtra,RAIGAD,Ragi,Kharif     
Maharashtra,RATNAGIRI,Ragi,Kharif     
Maharashtra,SANGLI,Ragi,Kharif     
Maharashtra,SATARA,Ragi,Kharif     
Maharashtra,SINDHUDURG,Ragi,Kharif     
Maharashtra,SOLAPUR,Ragi,Kharif     
Maharashtra,THANE,Ragi,Kharif     
Maharashtra,AHMEDNAGAR,Rapeseed &Mustard,Rabi       
Maharashtra,AKOLA,Rapeseed &Mustard,Rabi       
Maharashtra,AMRAVATI,Rapeseed &Mustard,Rabi       
Maharashtra,AURANGABAD,Rapeseed &Mustard,Rabi       
Maharashtra,BEED,Rapeseed &Mustard,Rabi       
Maharashtra,BHANDARA,Rapeseed &Mustard,Rabi       
Maharashtra,BULDHANA,Rapeseed &Mustard,Rabi       
Maharashtra,CHANDRAPUR,Rapeseed &Mustard,Rabi       
Maharashtra,DHULE,Rapeseed &Mustard,Rabi       
Maharashtra,GADCHIROLI,Rapeseed &Mustard,Rabi       
Maharashtra,GONDIA,Rapeseed &Mustard,Rabi       
Maharashtra,HINGOLI,Rapeseed &Mustard,Rabi       
Maharashtra,JALGAON,Rapeseed &Mustard,Rabi       
Maharashtra,JALNA,Rapeseed &Mustard,Rabi       
Maharashtra,KOLHAPUR,Rapeseed &Mustard,Rabi       
Maharashtra,LATUR,Rapeseed &Mustard,Rabi       
Maharashtra,NAGPUR,Rapeseed &Mustard,Rabi       
Maharashtra,NANDED,Rapeseed &Mustard,Rabi       
Maharashtra,NANDURBAR,Rapeseed &Mustard,Rabi       
Maharashtra,NASHIK,Rapeseed &Mustard,Rabi       
Maharashtra,OSMANABAD,Rapeseed &Mustard,Rabi       
Maharashtra,PALGHAR,Rapeseed &Mustard,Rabi       
Maharashtra,PARBHANI,Rapeseed &Mustard,Rabi       
Maharashtra,PUNE,Rapeseed &Mustard,Rabi       
Maharashtra,RAIGAD,Rapeseed &Mustard,Rabi       
Maharashtra,RATNAGIRI,Rapeseed &Mustard,Rabi       
Maharashtra,SANGLI,Rapeseed &Mustard,Rabi       
Maharashtra,SATARA,Rapeseed &Mustard,Rabi       
Maharashtra,SINDHUDURG,Rapeseed &Mustard,Rabi       
Maharashtra,SOLAPUR,Rapeseed &Mustard,Rabi       
Maharashtra,THANE,Rapeseed &Mustard,Rabi       
Maharashtra,WARDHA,Rapeseed &Mustard,Rabi       
Maharashtra,WASHIM,Rapeseed &Mustard,Rabi       
Maharashtra,YAVATMAL,Rapeseed &Mustard,Rabi       
Maharashtra,AHMEDNAGAR,Rice,Kharif     
Maharashtra,AKOLA,Rice,Kharif     
Maharashtra,AMRAVATI,Rice,Kharif     
Maharashtra,AURANGABAD,Rice,Kharif     
Maharashtra,BEED,Rice,Kharif     
Maharashtra,BHANDARA,Rice,Kharif     
Maharashtra,BULDHANA,Rice,Kharif     
Maharashtra,CHANDRAPUR,Rice,Kharif     
Maharashtra,DHULE,Rice,Kharif     
Maharashtra,GADCHIROLI,Rice,Kharif     
Maharashtra,GONDIA,Rice,Kharif     
Maharashtra,HINGOLI,Rice,Kharif     
Maharashtra,JALGAON,Rice,Kharif     
Maharashtra,JALNA,Rice,Kharif     
Maharashtra,KOLHAPUR,Rice,Kharif     
Maharashtra,LATUR,Rice,Kharif     
Maharashtra,NAGPUR,Rice,Kharif     
Maharashtra,NANDED,Rice,Kharif     
Maharashtra,NANDURBAR,Rice,Kharif     
Maharashtra,NASHIK,Rice,Kharif     
Maharashtra,OSMANABAD,Rice,Kharif     
Maharashtra,PALGHAR,Rice,Kharif     
Maharashtra,PARBHANI,Rice,Kharif     
Maharashtra,PUNE,Rice,Kharif     
Maharashtra,RAIGAD,Rice,Kharif     
Maharashtra,RATNAGIRI,Rice,Kharif     
Maharashtra,SANGLI,Rice,Kharif     
Maharashtra,SATARA,Rice,Kharif     
Maharashtra,SINDHUDURG,Rice,Kharif     
Maharashtra,SOLAPUR,Rice,Kharif     
Maharashtra,THANE,Rice,Kharif     
Maharashtra,WARDHA,Rice,Kharif     
Maharashtra,WASHIM,Rice,Kharif     
Maharashtra,YAVATMAL,Rice,Kharif     
Maharashtra,AHMEDNAGAR,Safflower,Rabi       
Maharashtra,AKOLA,Safflower,Rabi       
Maharashtra,AMRAVATI,Safflower,Rabi       
Maharashtra,AURANGABAD,Safflower,Rabi       
Maharashtra,BEED,Safflower,Rabi       
Maharashtra,BHANDARA,Safflower,Rabi       
Maharashtra,BULDHANA,Safflower,Rabi       
Maharashtra,CHANDRAPUR,Safflower,Rabi       
Maharashtra,DHULE,Safflower,Rabi       
Maharashtra,GADCHIROLI,Safflower,Rabi       
Maharashtra,HINGOLI,Safflower,Rabi       
Maharashtra,JALGAON,Safflower,Rabi       
Maharashtra,JALNA,Safflower,Rabi       
Maharashtra,LATUR,Safflower,Rabi       
Maharashtra,NANDED,Safflower,Rabi       
Maharashtra,NANDURBAR,Safflower,Rabi       
Maharashtra,NASHIK,Safflower,Rabi       
Maharashtra,OSMANABAD,Safflower,Rabi       
Maharashtra,PARBHANI,Safflower,Rabi       
Maharashtra,PUNE,Safflower,Rabi       
Maharashtra,RATNAGIRI,Safflower,Rabi       
Maharashtra,SANGLI,Safflower,Rabi       
Maharashtra,SATARA,Safflower,Rabi       
Maharashtra,SOLAPUR,Safflower,Rabi       
Maharashtra,WARDHA,Safflower,Rabi       
Maharashtra,WASHIM,Safflower,Rabi       
Maharashtra,YAVATMAL,Safflower,Rabi       
Maharashtra,AHMEDNAGAR,Sesamum,Kharif     
Maharashtra,AKOLA,Sesamum,Kharif     
Maharashtra,AMRAVATI,Sesamum,Kharif     
Maharashtra,AURANGABAD,Sesamum,Kharif     
Maharashtra,BEED,Sesamum,Kharif     
Maharashtra,BHANDARA,Sesamum,Kharif     
Maharashtra,BULDHANA,Sesamum,Kharif     
Maharashtra,CHANDRAPUR,Sesamum,Kharif     
Maharashtra,DHULE,Sesamum,Kharif     
Maharashtra,GADCHIROLI,Sesamum,Kharif     
Maharashtra,GONDIA,Sesamum,Kharif     
Maharashtra,HINGOLI,Sesamum,Kharif     
Maharashtra,JALGAON,Sesamum,Kharif     
Maharashtra,JALNA,Sesamum,Kharif     
Maharashtra,KOLHAPUR,Sesamum,Kharif     
Maharashtra,LATUR,Sesamum,Kharif     
Maharashtra,NAGPUR,Sesamum,Kharif     
Maharashtra,NANDED,Sesamum,Kharif     
Maharashtra,NANDURBAR,Sesamum,Kharif     
Maharashtra,NASHIK,Sesamum,Kharif     
Maharashtra,OSMANABAD,Sesamum,Kharif     
Maharashtra,PALGHAR,Sesamum,Kharif     
Maharashtra,PARBHANI,Sesamum,Kharif     
Maharashtra,PUNE,Sesamum,Kharif     
Maharashtra,RAIGAD,Sesamum,Kharif     
Maharashtra,RATNAGIRI,Sesamum,Kharif     
Maharashtra,SANGLI,Sesamum,Kharif     
Maharashtra,SATARA,Sesamum,Kharif     
Maharashtra,SINDHUDURG,Sesamum,Kharif     
Maharashtra,SOLAPUR,Sesamum,Kharif     
Maharashtra,THANE,Sesamum,Kharif     
Maharashtra,WARDHA,Sesamum,Kharif     
Maharashtra,WASHIM,Sesamum,Kharif     
Maharashtra,YAVATMAL,Sesamum,Kharif     
Maharashtra,AHMEDNAGAR,Small millets,Kharif     
Maharashtra,AKOLA,Small millets,Kharif     
Maharashtra,AMRAVATI,Small millets,Kharif     
Maharashtra,AURANGABAD,Small millets,Kharif     
Maharashtra,BEED,Small millets,Kharif     
Maharashtra,BHANDARA,Small millets,Kharif     
Maharashtra,BULDHANA,Small millets,Kharif     
Maharashtra,CHANDRAPUR,Small millets,Kharif     
Maharashtra,DHULE,Small millets,Kharif     
Maharashtra,GADCHIROLI,Small millets,Kharif     
Maharashtra,GONDIA,Small millets,Kharif     
Maharashtra,HINGOLI,Small millets,Kharif     
Maharashtra,JALGAON,Small millets,Kharif     
Maharashtra,JALNA,Small millets,Kharif     
Maharashtra,KOLHAPUR,Small millets,Kharif     
Maharashtra,LATUR,Small millets,Kharif     
Maharashtra,NAGPUR,Small millets,Kharif     
Maharashtra,NANDED,Small millets,Kharif     
Maharashtra,NANDURBAR,Small millets,Rabi       
Maharashtra,NASHIK,Small millets,Kharif     
Maharashtra,OSMANABAD,Small millets,Kharif     
Maharashtra,PALGHAR,Small millets,Rabi       
Maharashtra,PARBHANI,Small millets,Kharif     
Maharashtra,PUNE,Small millets,Kharif     
Maharashtra,RAIGAD,Small millets,Kharif     
Maharashtra,RATNAGIRI,Small millets,Kharif     
Maharashtra,SANGLI,Small millets,Rabi       
Maharashtra,SATARA,Small millets,Rabi       
Maharashtra,SINDHUDURG,Small millets,Kharif     
Maharashtra,SOLAPUR,Small millets,Rabi       
Maharashtra,THANE,Small millets,Kharif     
Maharashtra,WARDHA,Small millets,Kharif     
Maharashtra,WASHIM,Small millets,Kharif     
Maharashtra,YAVATMAL,Small millets,Kharif     
Maharashtra,AHMEDNAGAR,Soyabean,Kharif     
Maharashtra,AKOLA,Soyabean,Kharif     
Maharashtra,AMRAVATI,Soyabean,Kharif     
Maharashtra,AURANGABAD,Soyabean,Kharif     
Maharashtra,BEED,Soyabean,Kharif     
Maharashtra,BHANDARA,Soyabean,Kharif     
Maharashtra,BULDHANA,Soyabean,Kharif     
Maharashtra,CHANDRAPUR,Soyabean,Kharif     
Maharashtra,DHULE,Soyabean,Kharif     
Maharashtra,GADCHIROLI,Soyabean,Kharif     
Maharashtra,GONDIA,Soyabean,Kharif     
Maharashtra,HINGOLI,Soyabean,Kharif     
Maharashtra,JALGAON,Soyabean,Kharif     
Maharashtra,JALNA,Soyabean,Kharif     
Maharashtra,KOLHAPUR,Soyabean,Kharif     
Maharashtra,LATUR,Soyabean,Kharif     
Maharashtra,NAGPUR,Soyabean,Kharif     
Maharashtra,NANDED,Soyabean,Kharif     
Maharashtra,NANDURBAR,Soyabean,Kharif     
Maharashtra,NASHIK,Soyabean,Kharif     
Maharashtra,OSMANABAD,Soyabean,Kharif     
Maharashtra,PARBHANI,Soyabean,Kharif     
Maharashtra,PUNE,Soyabean,Kharif     
Maharashtra,SANGLI,Soyabean,Kharif     
Maharashtra,SATARA,Soyabean,Kharif     
Maharashtra,SOLAPUR,Soyabean,Kharif     
Maharashtra,WARDHA,Soyabean,Kharif     
Maharashtra,WASHIM,Soyabean,Kharif     
Maharashtra,YAVATMAL,Soyabean,Kharif     
Maharashtra,AHMEDNAGAR,Sugarcane,Kharif     
Maharashtra,AKOLA,Sugarcane,Kharif     
Maharashtra,AMRAVATI,Sugarcane,Kharif     
Maharashtra,AURANGABAD,Sugarcane,Kharif     
Maharashtra,BEED,Sugarcane,Kharif     
Maharashtra,BHANDARA,Sugarcane,Kharif     
Maharashtra,BULDHANA,Sugarcane,Kharif     
Maharashtra,CHANDRAPUR,Sugarcane,Whole Year 
Maharashtra,DHULE,Sugarcane,Kharif     
Maharashtra,GADCHIROLI,Sugarcane,Whole Year 
Maharashtra,GONDIA,Sugarcane,Whole Year 
Maharashtra,HINGOLI,Sugarcane,Whole Year 
Maharashtra,JALGAON,Sugarcane,Kharif     
Maharashtra,JALNA,Sugarcane,Kharif     
Maharashtra,KOLHAPUR,Sugarcane,Kharif     
Maharashtra,LATUR,Sugarcane,Kharif     
Maharashtra,NAGPUR,Sugarcane,Kharif     
Maharashtra,NANDED,Sugarcane,Kharif     
Maharashtra,NANDURBAR,Sugarcane,Whole Year 
Maharashtra,NASHIK,Sugarcane,Kharif     
Maharashtra,OSMANABAD,Sugarcane,Kharif     
Maharashtra,PARBHANI,Sugarcane,Kharif     
Maharashtra,PUNE,Sugarcane,Kharif     
Maharashtra,RATNAGIRI,Sugarcane,Whole Year 
Maharashtra,SANGLI,Sugarcane,Kharif     
Maharashtra,SATARA,Sugarcane,Kharif     
Maharashtra,SINDHUDURG,Sugarcane,Whole Year 
Maharashtra,SOLAPUR,Sugarcane,Kharif     
Maharashtra,WARDHA,Sugarcane,Kharif     
Maharashtra,WASHIM,Sugarcane,Whole Year 
Maharashtra,YAVATMAL,Sugarcane,Kharif     
Maharashtra,AHMEDNAGAR,Sunflower,Kharif     
Maharashtra,AKOLA,Sunflower,Kharif     
Maharashtra,AMRAVATI,Sunflower,Kharif     
Maharashtra,AURANGABAD,Sunflower,Kharif     
Maharashtra,BEED,Sunflower,Kharif     
Maharashtra,BHANDARA,Sunflower,Summer     
Maharashtra,BULDHANA,Sunflower,Kharif     
Maharashtra,CHANDRAPUR,Sunflower,Rabi       
Maharashtra,DHULE,Sunflower,Kharif     
Maharashtra,GADCHIROLI,Sunflower,Rabi       
Maharashtra,HINGOLI,Sunflower,Kharif     
Maharashtra,JALGAON,Sunflower,Kharif     
Maharashtra,JALNA,Sunflower,Kharif     
Maharashtra,KOLHAPUR,Sunflower,Rabi       
Maharashtra,LATUR,Sunflower,Kharif     
Maharashtra,NAGPUR,Sunflower,Kharif     
Maharashtra,NANDED,Sunflower,Kharif     
Maharashtra,NANDURBAR,Sunflower,Kharif     
Maharashtra,NASHIK,Sunflower,Kharif     
Maharashtra,OSMANABAD,Sunflower,Kharif     
Maharashtra,PALGHAR,Sunflower,Rabi       
Maharashtra,PARBHANI,Sunflower,Kharif     
Maharashtra,PUNE,Sunflower,Kharif     
Maharashtra,RATNAGIRI,Sunflower,Rabi       
Maharashtra,SANGLI,Sunflower,Kharif     
Maharashtra,SATARA,Sunflower,Kharif     
Maharashtra,SINDHUDURG,Sunflower,Rabi       
Maharashtra,SOLAPUR,Sunflower,Kharif     
Maharashtra,THANE,Sunflower,Rabi       
Maharashtra,WARDHA,Sunflower,Rabi       
Maharashtra,WASHIM,Sunflower,Kharif     
Maharashtra,YAVATMAL,Sunflower,Kharif     
Maharashtra,KOLHAPUR,Tobacco,Whole Year 
Maharashtra,SANGLI,Tobacco,Whole Year 
Maharashtra,AHMEDNAGAR,Urad,Kharif     
Maharashtra,AKOLA,Urad,Kharif     
Maharashtra,AMRAVATI,Urad,Kharif     
Maharashtra,AURANGABAD,Urad,Kharif     
Maharashtra,BEED,Urad,Kharif     
Maharashtra,BHANDARA,Urad,Kharif     
Maharashtra,BULDHANA,Urad,Kharif     
Maharashtra,CHANDRAPUR,Urad,Kharif     
Maharashtra,DHULE,Urad,Kharif     
Maharashtra,GADCHIROLI,Urad,Kharif     
Maharashtra,GONDIA,Urad,Kharif     
Maharashtra,HINGOLI,Urad,Kharif     
Maharashtra,JALGAON,Urad,Kharif     
Maharashtra,JALNA,Urad,Kharif     
Maharashtra,KOLHAPUR,Urad,Kharif     
Maharashtra,LATUR,Urad,Kharif     
Maharashtra,NAGPUR,Urad,Kharif     
Maharashtra,NANDED,Urad,Kharif     
Maharashtra,NANDURBAR,Urad,Kharif     
Maharashtra,NASHIK,Urad,Kharif     
Maharashtra,OSMANABAD,Urad,Kharif     
Maharashtra,PALGHAR,Urad,Kharif     
Maharashtra,PARBHANI,Urad,Kharif     
Maharashtra,PUNE,Urad,Kharif     
Maharashtra,RAIGAD,Urad,Kharif     
Maharashtra,RATNAGIRI,Urad,Kharif     
Maharashtra,SANGLI,Urad,Kharif     
Maharashtra,SATARA,Urad,Kharif     
Maharashtra,SINDHUDURG,Urad,Kharif     
Maharashtra,SOLAPUR,Urad,Kharif     
Maharashtra,THANE,Urad,Kharif     
Maharashtra,WARDHA,Urad,Kharif     
Maharashtra,WASHIM,Urad,Kharif     
Maharashtra,YAVATMAL,Urad,Kharif     
Maharashtra,AHMEDNAGAR,Wheat,Rabi       
Maharashtra,AKOLA,Wheat,Rabi       
Maharashtra,AMRAVATI,Wheat,Rabi       
Maharashtra,AURANGABAD,Wheat,Rabi       
Maharashtra,BEED,Wheat,Rabi       
Maharashtra,BHANDARA,Wheat,Rabi       
Maharashtra,BULDHANA,Wheat,Rabi       
Maharashtra,CHANDRAPUR,Wheat,Rabi       
Maharashtra,DHULE,Wheat,Rabi       
Maharashtra,GADCHIROLI,Wheat,Rabi       
Maharashtra,GONDIA,Wheat,Rabi       
Maharashtra,HINGOLI,Wheat,Rabi       
Maharashtra,JALGAON,Wheat,Rabi       
Maharashtra,JALNA,Wheat,Rabi       
Maharashtra,KOLHAPUR,Wheat,Rabi       
Maharashtra,LATUR,Wheat,Rabi       
Maharashtra,NAGPUR,Wheat,Rabi       
Maharashtra,NANDED,Wheat,Rabi       
Maharashtra,NANDURBAR,Wheat,Rabi       
Maharashtra,NASHIK,Wheat,Rabi       
Maharashtra,OSMANABAD,Wheat,Rabi       
Maharashtra,PALGHAR,Wheat,Rabi       
Maharashtra,PARBHANI,Wheat,Rabi       
Maharashtra,PUNE,Wheat,Rabi       
Maharashtra,RAIGAD,Wheat,Rabi       
Maharashtra,SANGLI,Wheat,Rabi       
Maharashtra,SATARA,Wheat,Rabi       
Maharashtra,SOLAPUR,Wheat,Rabi       
Maharashtra,THANE,Wheat,Rabi       
Maharashtra,WARDHA,Wheat,Rabi       
Maharashtra,WASHIM,Wheat,Rabi       
Maharashtra,YAVATMAL,Wheat,Rabi       
Manipur,BISHNUPUR,Arhar/Tur,Kharif     
Manipur,CHANDEL,Arhar/Tur,Kharif     
Manipur,CHURACHANDPUR,Arhar/Tur,Kharif     
Manipur,IMPHAL EAST,Arhar/Tur,Kharif     
Manipur,IMPHAL WEST,Arhar/Tur,Kharif     
Manipur,SENAPATI,Arhar/Tur,Kharif     
Manipur,TAMENGLONG,Arhar/Tur,Kharif     
Manipur,THOUBAL,Arhar/Tur,Kharif     
Manipur,UKHRUL,Arhar/Tur,Kharif     
Manipur,BISHNUPUR,Banana,Whole Year 
Manipur,CHANDEL,Banana,Whole Year 
Manipur,CHURACHANDPUR,Banana,Autumn     
Manipur,IMPHAL EAST,Banana,Autumn     
Manipur,IMPHAL WEST,Banana,Whole Year 
Manipur,SENAPATI,Banana,Autumn     
Manipur,TAMENGLONG,Banana,Autumn     
Manipur,THOUBAL,Banana,Whole Year 
Manipur,UKHRUL,Banana,Autumn     
Manipur,CHANDEL,Cashewnut,Whole Year 
Manipur,IMPHAL EAST,Cashewnut,Whole Year 
Manipur,UKHRUL,Cashewnut,Whole Year 
Manipur,CHURACHANDPUR,Cotton(lint),Autumn     
Manipur,IMPHAL WEST,Cotton(lint),Rabi       
Manipur,BISHNUPUR,Cowpea(Lobia),Kharif     
Manipur,CHANDEL,Cowpea(Lobia),Kharif     
Manipur,CHURACHANDPUR,Cowpea(Lobia),Kharif     
Manipur,IMPHAL EAST,Cowpea(Lobia),Kharif     
Manipur,IMPHAL WEST,Cowpea(Lobia),Kharif     
Manipur,SENAPATI,Cowpea(Lobia),Kharif     
Manipur,TAMENGLONG,Cowpea(Lobia),Kharif     
Manipur,THOUBAL,Cowpea(Lobia),Kharif     
Manipur,UKHRUL,Cowpea(Lobia),Kharif     
Manipur,BISHNUPUR,Dry chillies,Autumn     
Manipur,CHANDEL,Dry chillies,Whole Year 
Manipur,CHURACHANDPUR,Dry chillies,Whole Year 
Manipur,IMPHAL EAST,Dry chillies,Rabi       
Manipur,IMPHAL WEST,Dry chillies,Rabi       
Manipur,SENAPATI,Dry chillies,Autumn     
Manipur,TAMENGLONG,Dry chillies,Autumn     
Manipur,THOUBAL,Dry chillies,Whole Year 
Manipur,UKHRUL,Dry chillies,Autumn     
Manipur,BISHNUPUR,Ginger,Summer     
Manipur,CHANDEL,Ginger,Autumn     
Manipur,CHURACHANDPUR,Ginger,Autumn     
Manipur,IMPHAL EAST,Ginger,Kharif     
Manipur,IMPHAL WEST,Ginger,Kharif     
Manipur,SENAPATI,Ginger,Autumn     
Manipur,TAMENGLONG,Ginger,Autumn     
Manipur,THOUBAL,Ginger,Autumn     
Manipur,UKHRUL,Ginger,Autumn     
Manipur,BISHNUPUR,Gram,Rabi       
Manipur,CHANDEL,Gram,Rabi       
Manipur,CHURACHANDPUR,Gram,Rabi       
Manipur,IMPHAL EAST,Gram,Rabi       
Manipur,IMPHAL WEST,Gram,Rabi       
Manipur,SENAPATI,Gram,Rabi       
Manipur,TAMENGLONG,Gram,Rabi       
Manipur,THOUBAL,Gram,Rabi       
Manipur,UKHRUL,Gram,Rabi       
Manipur,BISHNUPUR,Groundnut,Kharif     
Manipur,CHANDEL,Groundnut,Kharif     
Manipur,CHURACHANDPUR,Groundnut,Kharif     
Manipur,IMPHAL EAST,Groundnut,Kharif     
Manipur,IMPHAL WEST,Groundnut,Kharif     
Manipur,SENAPATI,Groundnut,Kharif     
Manipur,TAMENGLONG,Groundnut,Kharif     
Manipur,THOUBAL,Groundnut,Kharif     
Manipur,UKHRUL,Groundnut,Kharif     
Manipur,BISHNUPUR,Jute,Autumn     
Manipur,BISHNUPUR,Maize,Kharif     
Manipur,CHANDEL,Maize,Kharif     
Manipur,CHURACHANDPUR,Maize,Kharif     
Manipur,IMPHAL EAST,Maize,Kharif     
Manipur,IMPHAL WEST,Maize,Kharif     
Manipur,SENAPATI,Maize,Kharif     
Manipur,TAMENGLONG,Maize,Kharif     
Manipur,THOUBAL,Maize,Kharif     
Manipur,UKHRUL,Maize,Autumn     
Manipur,BISHNUPUR,Masoor,Rabi       
Manipur,CHANDEL,Masoor,Rabi       
Manipur,CHURACHANDPUR,Masoor,Rabi       
Manipur,IMPHAL EAST,Masoor,Rabi       
Manipur,IMPHAL WEST,Masoor,Rabi       
Manipur,SENAPATI,Masoor,Rabi       
Manipur,TAMENGLONG,Masoor,Rabi       
Manipur,THOUBAL,Masoor,Rabi       
Manipur,UKHRUL,Masoor,Rabi       
Manipur,BISHNUPUR,Moong(Green Gram),Kharif     
Manipur,CHANDEL,Moong(Green Gram),Kharif     
Manipur,CHURACHANDPUR,Moong(Green Gram),Kharif     
Manipur,IMPHAL EAST,Moong(Green Gram),Kharif     
Manipur,IMPHAL WEST,Moong(Green Gram),Kharif     
Manipur,SENAPATI,Moong(Green Gram),Kharif     
Manipur,TAMENGLONG,Moong(Green Gram),Kharif     
Manipur,THOUBAL,Moong(Green Gram),Kharif     
Manipur,UKHRUL,Moong(Green Gram),Kharif     
Manipur,BISHNUPUR,Onion,Kharif     
Manipur,CHANDEL,Onion,Rabi       
Manipur,CHURACHANDPUR,Onion,Autumn     
Manipur,IMPHAL EAST,Onion,Rabi       
Manipur,IMPHAL WEST,Onion,Autumn     
Manipur,SENAPATI,Onion,Autumn     
Manipur,THOUBAL,Onion,Whole Year 
Manipur,UKHRUL,Onion,Whole Year 
Manipur,BISHNUPUR,Other  Rabi pulses,Rabi       
Manipur,CHANDEL,Other  Rabi pulses,Rabi       
Manipur,CHURACHANDPUR,Other  Rabi pulses,Rabi       
Manipur,IMPHAL EAST,Other  Rabi pulses,Rabi       
Manipur,IMPHAL WEST,Other  Rabi pulses,Rabi       
Manipur,SENAPATI,Other  Rabi pulses,Rabi       
Manipur,TAMENGLONG,Other  Rabi pulses,Rabi       
Manipur,THOUBAL,Other  Rabi pulses,Rabi       
Manipur,UKHRUL,Other  Rabi pulses,Rabi       
Manipur,BISHNUPUR,Other Kharif pulses,Kharif     
Manipur,CHANDEL,Other Kharif pulses,Kharif     
Manipur,CHURACHANDPUR,Other Kharif pulses,Kharif     
Manipur,IMPHAL EAST,Other Kharif pulses,Kharif     
Manipur,IMPHAL WEST,Other Kharif pulses,Kharif     
Manipur,SENAPATI,Other Kharif pulses,Kharif     
Manipur,TAMENGLONG,Other Kharif pulses,Kharif     
Manipur,THOUBAL,Other Kharif pulses,Kharif     
Manipur,UKHRUL,Other Kharif pulses,Kharif     
Manipur,BISHNUPUR,Peas & beans (Pulses),Rabi       
Manipur,CHANDEL,Peas & beans (Pulses),Autumn     
Manipur,CHURACHANDPUR,Peas & beans (Pulses),Rabi       
Manipur,IMPHAL EAST,Peas & beans (Pulses),Autumn     
Manipur,IMPHAL WEST,Peas & beans (Pulses),Autumn     
Manipur,SENAPATI,Peas & beans (Pulses),Autumn     
Manipur,TAMENGLONG,Peas & beans (Pulses),Rabi       
Manipur,THOUBAL,Peas & beans (Pulses),Kharif     
Manipur,UKHRUL,Peas & beans (Pulses),Autumn     
Manipur,BISHNUPUR,Potato,Rabi       
Manipur,CHANDEL,Potato,Autumn     
Manipur,CHURACHANDPUR,Potato,Winter     
Manipur,IMPHAL EAST,Potato,Autumn     
Manipur,IMPHAL WEST,Potato,Autumn     
Manipur,SENAPATI,Potato,Autumn     
Manipur,TAMENGLONG,Potato,Whole Year 
Manipur,THOUBAL,Potato,Autumn     
Manipur,UKHRUL,Potato,Autumn     
Manipur,BISHNUPUR,Rapeseed &Mustard,Rabi       
Manipur,CHANDEL,Rapeseed &Mustard,Rabi       
Manipur,CHURACHANDPUR,Rapeseed &Mustard,Rabi       
Manipur,IMPHAL EAST,Rapeseed &Mustard,Rabi       
Manipur,IMPHAL WEST,Rapeseed &Mustard,Rabi       
Manipur,SENAPATI,Rapeseed &Mustard,Rabi       
Manipur,TAMENGLONG,Rapeseed &Mustard,Rabi       
Manipur,THOUBAL,Rapeseed &Mustard,Winter     
Manipur,UKHRUL,Rapeseed &Mustard,Rabi       
Manipur,BISHNUPUR,Rice,Kharif     
Manipur,CHANDEL,Rice,Kharif     
Manipur,CHURACHANDPUR,Rice,Kharif     
Manipur,IMPHAL EAST,Rice,Kharif     
Manipur,IMPHAL WEST,Rice,Kharif     
Manipur,SENAPATI,Rice,Kharif     
Manipur,TAMENGLONG,Rice,Kharif     
Manipur,THOUBAL,Rice,Kharif     
Manipur,UKHRUL,Rice,Kharif     
Manipur,CHANDEL,Sesamum,Autumn     
Manipur,CHURACHANDPUR,Sesamum,Kharif     
Manipur,SENAPATI,Sesamum,Kharif     
Manipur,TAMENGLONG,Sesamum,Winter     
Manipur,UKHRUL,Sesamum,Autumn     
Manipur,BISHNUPUR,Soyabean,Kharif     
Manipur,CHANDEL,Soyabean,Autumn     
Manipur,CHURACHANDPUR,Soyabean,Autumn     
Manipur,IMPHAL EAST,Soyabean,Kharif     
Manipur,IMPHAL WEST,Soyabean,Autumn     
Manipur,SENAPATI,Soyabean,Autumn     
Manipur,TAMENGLONG,Soyabean,Kharif     
Manipur,THOUBAL,Soyabean,Kharif     
Manipur,UKHRUL,Soyabean,Autumn     
Manipur,BISHNUPUR,Sugarcane,Whole Year 
Manipur,CHANDEL,Sugarcane,Whole Year 
Manipur,CHURACHANDPUR,Sugarcane,Autumn     
Manipur,IMPHAL EAST,Sugarcane,Whole Year 
Manipur,IMPHAL WEST,Sugarcane,Whole Year 
Manipur,SENAPATI,Sugarcane,Whole Year 
Manipur,TAMENGLONG,Sugarcane,Autumn     
Manipur,THOUBAL,Sugarcane,Whole Year 
Manipur,UKHRUL,Sugarcane,Whole Year 
Manipur,BISHNUPUR,Sweet potato,Whole Year 
Manipur,CHANDEL,Sweet potato,Whole Year 
Manipur,CHURACHANDPUR,Sweet potato,Whole Year 
Manipur,IMPHAL EAST,Sweet potato,Whole Year 
Manipur,IMPHAL WEST,Sweet potato,Whole Year 
Manipur,SENAPATI,Sweet potato,Autumn     
Manipur,TAMENGLONG,Sweet potato,Whole Year 
Manipur,THOUBAL,Sweet potato,Whole Year 
Manipur,UKHRUL,Sweet potato,Whole Year 
Manipur,BISHNUPUR,Tapioca,Whole Year 
Manipur,CHANDEL,Tapioca,Whole Year 
Manipur,CHURACHANDPUR,Tapioca,Whole Year 
Manipur,IMPHAL EAST,Tapioca,Whole Year 
Manipur,IMPHAL WEST,Tapioca,Whole Year 
Manipur,SENAPATI,Tapioca,Autumn     
Manipur,TAMENGLONG,Tapioca,Whole Year 
Manipur,THOUBAL,Tapioca,Whole Year 
Manipur,UKHRUL,Tapioca,Whole Year 
Manipur,BISHNUPUR,Turmeric,Autumn     
Manipur,CHANDEL,Turmeric,Whole Year 
Manipur,CHURACHANDPUR,Turmeric,Autumn     
Manipur,IMPHAL EAST,Turmeric,Autumn     
Manipur,IMPHAL WEST,Turmeric,Whole Year 
Manipur,SENAPATI,Turmeric,Autumn     
Manipur,TAMENGLONG,Turmeric,Whole Year 
Manipur,THOUBAL,Turmeric,Autumn     
Manipur,UKHRUL,Turmeric,Whole Year 
Manipur,BISHNUPUR,Urad,Kharif     
Manipur,CHANDEL,Urad,Kharif     
Manipur,CHURACHANDPUR,Urad,Kharif     
Manipur,IMPHAL EAST,Urad,Kharif     
Manipur,IMPHAL WEST,Urad,Kharif     
Manipur,SENAPATI,Urad,Kharif     
Manipur,TAMENGLONG,Urad,Kharif     
Manipur,THOUBAL,Urad,Kharif     
Manipur,UKHRUL,Urad,Kharif     
Manipur,BISHNUPUR,Wheat,Rabi       
Manipur,CHANDEL,Wheat,Rabi       
Manipur,CHURACHANDPUR,Wheat,Rabi       
Manipur,IMPHAL EAST,Wheat,Rabi       
Manipur,IMPHAL WEST,Wheat,Rabi       
Manipur,SENAPATI,Wheat,Rabi       
Manipur,TAMENGLONG,Wheat,Rabi       
Manipur,THOUBAL,Wheat,Rabi       
Manipur,UKHRUL,Wheat,Rabi       
Meghalaya,EAST GARO HILLS,Arecanut,Whole Year 
Meghalaya,EAST JAINTIA HILLS,Arecanut,Whole Year 
Meghalaya,EAST KHASI HILLS,Arecanut,Whole Year 
Meghalaya,NORTH GARO HILLS,Arecanut,Whole Year 
Meghalaya,RI BHOI,Arecanut,Whole Year 
Meghalaya,SOUTH GARO HILLS,Arecanut,Whole Year 
Meghalaya,SOUTH WEST GARO HILLS,Arecanut,Whole Year 
Meghalaya,SOUTH WEST KHASI HILLS,Arecanut,Whole Year 
Meghalaya,WEST GARO HILLS,Arecanut,Whole Year 
Meghalaya,WEST JAINTIA HILLS,Arecanut,Whole Year 
Meghalaya,WEST KHASI HILLS,Arecanut,Whole Year 
Meghalaya,EAST GARO HILLS,Arhar/Tur,Kharif     
Meghalaya,NORTH GARO HILLS,Arhar/Tur,Kharif     
Meghalaya,SOUTH GARO HILLS,Arhar/Tur,Kharif     
Meghalaya,SOUTH WEST GARO HILLS,Arhar/Tur,Kharif     
Meghalaya,WEST GARO HILLS,Arhar/Tur,Kharif     
Meghalaya,EAST GARO HILLS,Banana,Whole Year 
Meghalaya,EAST JAINTIA HILLS,Banana,Whole Year 
Meghalaya,EAST KHASI HILLS,Banana,Whole Year 
Meghalaya,NORTH GARO HILLS,Banana,Kharif     
Meghalaya,RI BHOI,Banana,Whole Year 
Meghalaya,SOUTH GARO HILLS,Banana,Whole Year 
Meghalaya,SOUTH WEST GARO HILLS,Banana,Kharif     
Meghalaya,SOUTH WEST KHASI HILLS,Banana,Kharif     
Meghalaya,WEST GARO HILLS,Banana,Whole Year 
Meghalaya,WEST JAINTIA HILLS,Banana,Kharif     
Meghalaya,WEST KHASI HILLS,Banana,Whole Year 
Meghalaya,EAST GARO HILLS,Black pepper,Whole Year 
Meghalaya,EAST JAINTIA HILLS,Black pepper,Whole Year 
Meghalaya,EAST KHASI HILLS,Black pepper,Whole Year 
Meghalaya,NORTH GARO HILLS,Black pepper,Whole Year 
Meghalaya,RI BHOI,Black pepper,Whole Year 
Meghalaya,SOUTH GARO HILLS,Black pepper,Whole Year 
Meghalaya,SOUTH WEST GARO HILLS,Black pepper,Whole Year 
Meghalaya,SOUTH WEST KHASI HILLS,Black pepper,Whole Year 
Meghalaya,WEST GARO HILLS,Black pepper,Whole Year 
Meghalaya,WEST JAINTIA HILLS,Black pepper,Whole Year 
Meghalaya,WEST KHASI HILLS,Black pepper,Whole Year 
Meghalaya,EAST GARO HILLS,Cashewnut,Whole Year 
Meghalaya,NORTH GARO HILLS,Cashewnut,Whole Year 
Meghalaya,SOUTH GARO HILLS,Cashewnut,Whole Year 
Meghalaya,SOUTH WEST GARO HILLS,Cashewnut,Whole Year 
Meghalaya,WEST GARO HILLS,Cashewnut,Whole Year 
Meghalaya,EAST GARO HILLS,Castor seed,Rabi       
Meghalaya,NORTH GARO HILLS,Castor seed,Kharif     
Meghalaya,RI BHOI,Castor seed,Kharif     
Meghalaya,SOUTH WEST GARO HILLS,Castor seed,Kharif     
Meghalaya,WEST GARO HILLS,Castor seed,Rabi       
Meghalaya,EAST GARO HILLS,Coriander,Whole Year 
Meghalaya,EAST JAINTIA HILLS,Coriander,Whole Year 
Meghalaya,EAST KHASI HILLS,Coriander,Whole Year 
Meghalaya,NORTH GARO HILLS,Coriander,Whole Year 
Meghalaya,SOUTH GARO HILLS,Coriander,Whole Year 
Meghalaya,SOUTH WEST GARO HILLS,Coriander,Whole Year 
Meghalaya,SOUTH WEST KHASI HILLS,Coriander,Whole Year 
Meghalaya,WEST GARO HILLS,Coriander,Whole Year 
Meghalaya,WEST JAINTIA HILLS,Coriander,Whole Year 
Meghalaya,WEST KHASI HILLS,Coriander,Whole Year 
Meghalaya,EAST GARO HILLS,Cotton(lint),Kharif     
Meghalaya,NORTH GARO HILLS,Cotton(lint),Kharif     
Meghalaya,SOUTH GARO HILLS,Cotton(lint),Kharif     
Meghalaya,SOUTH WEST GARO HILLS,Cotton(lint),Kharif     
Meghalaya,WEST GARO HILLS,Cotton(lint),Kharif     
Meghalaya,EAST GARO HILLS,Cowpea(Lobia),Rabi       
Meghalaya,EAST JAINTIA HILLS,Cowpea(Lobia),Rabi       
Meghalaya,EAST KHASI HILLS,Cowpea(Lobia),Rabi       
Meghalaya,NORTH GARO HILLS,Cowpea(Lobia),Rabi       
Meghalaya,RI BHOI,Cowpea(Lobia),Rabi       
Meghalaya,SOUTH GARO HILLS,Cowpea(Lobia),Rabi       
Meghalaya,SOUTH WEST GARO HILLS,Cowpea(Lobia),Rabi       
Meghalaya,SOUTH WEST KHASI HILLS,Cowpea(Lobia),Rabi       
Meghalaya,WEST GARO HILLS,Cowpea(Lobia),Rabi       
Meghalaya,WEST JAINTIA HILLS,Cowpea(Lobia),Rabi       
Meghalaya,WEST KHASI HILLS,Cowpea(Lobia),Rabi       
Meghalaya,EAST GARO HILLS,Dry chillies,Whole Year 
Meghalaya,EAST JAINTIA HILLS,Dry chillies,Whole Year 
Meghalaya,EAST KHASI HILLS,Dry chillies,Whole Year 
Meghalaya,NORTH GARO HILLS,Dry chillies,Whole Year 
Meghalaya,RI BHOI,Dry chillies,Whole Year 
Meghalaya,SOUTH GARO HILLS,Dry chillies,Whole Year 
Meghalaya,SOUTH WEST GARO HILLS,Dry chillies,Whole Year 
Meghalaya,SOUTH WEST KHASI HILLS,Dry chillies,Whole Year 
Meghalaya,WEST GARO HILLS,Dry chillies,Whole Year 
Meghalaya,WEST JAINTIA HILLS,Dry chillies,Whole Year 
Meghalaya,WEST KHASI HILLS,Dry chillies,Whole Year 
Meghalaya,EAST GARO HILLS,Garlic,Whole Year 
Meghalaya,EAST JAINTIA HILLS,Garlic,Whole Year 
Meghalaya,EAST KHASI HILLS,Garlic,Whole Year 
Meghalaya,RI BHOI,Garlic,Whole Year 
Meghalaya,SOUTH GARO HILLS,Garlic,Whole Year 
Meghalaya,WEST GARO HILLS,Garlic,Whole Year 
Meghalaya,WEST KHASI HILLS,Garlic,Whole Year 
Meghalaya,EAST GARO HILLS,Ginger,Kharif     
Meghalaya,EAST JAINTIA HILLS,Ginger,Kharif     
Meghalaya,EAST KHASI HILLS,Ginger,Kharif     
Meghalaya,NORTH GARO HILLS,Ginger,Kharif     
Meghalaya,RI BHOI,Ginger,Kharif     
Meghalaya,SOUTH GARO HILLS,Ginger,Kharif     
Meghalaya,SOUTH WEST GARO HILLS,Ginger,Kharif     
Meghalaya,SOUTH WEST KHASI HILLS,Ginger,Kharif     
Meghalaya,WEST GARO HILLS,Ginger,Kharif     
Meghalaya,WEST JAINTIA HILLS,Ginger,Kharif     
Meghalaya,WEST KHASI HILLS,Ginger,Kharif     
Meghalaya,EAST GARO HILLS,Gram,Rabi       
Meghalaya,NORTH GARO HILLS,Gram,Rabi       
Meghalaya,SOUTH GARO HILLS,Gram,Rabi       
Meghalaya,SOUTH WEST GARO HILLS,Gram,Rabi       
Meghalaya,WEST GARO HILLS,Gram,Rabi       
Meghalaya,EAST GARO HILLS,Jute,Kharif     
Meghalaya,NORTH GARO HILLS,Jute,Kharif     
Meghalaya,SOUTH GARO HILLS,Jute,Kharif     
Meghalaya,SOUTH WEST GARO HILLS,Jute,Kharif     
Meghalaya,WEST GARO HILLS,Jute,Kharif     
Meghalaya,SOUTH WEST GARO HILLS,Linseed,Rabi       
Meghalaya,WEST GARO HILLS,Linseed,Kharif     
Meghalaya,EAST GARO HILLS,Maize,Kharif     
Meghalaya,EAST JAINTIA HILLS,Maize,Kharif     
Meghalaya,EAST KHASI HILLS,Maize,Kharif     
Meghalaya,NORTH GARO HILLS,Maize,Whole Year 
Meghalaya,RI BHOI,Maize,Kharif     
Meghalaya,SOUTH GARO HILLS,Maize,Kharif     
Meghalaya,SOUTH WEST GARO HILLS,Maize,Whole Year 
Meghalaya,SOUTH WEST KHASI HILLS,Maize,Whole Year 
Meghalaya,WEST GARO HILLS,Maize,Kharif     
Meghalaya,WEST JAINTIA HILLS,Maize,Whole Year 
Meghalaya,WEST KHASI HILLS,Maize,Kharif     
Meghalaya,EAST GARO HILLS,Masoor,Rabi       
Meghalaya,EAST KHASI HILLS,Masoor,Rabi       
Meghalaya,NORTH GARO HILLS,Masoor,Rabi       
Meghalaya,RI BHOI,Masoor,Rabi       
Meghalaya,SOUTH GARO HILLS,Masoor,Rabi       
Meghalaya,SOUTH WEST GARO HILLS,Masoor,Rabi       
Meghalaya,WEST GARO HILLS,Masoor,Rabi       
Meghalaya,EAST GARO HILLS,Mesta,Kharif     
Meghalaya,NORTH GARO HILLS,Mesta,Kharif     
Meghalaya,SOUTH GARO HILLS,Mesta,Kharif     
Meghalaya,SOUTH WEST GARO HILLS,Mesta,Kharif     
Meghalaya,WEST GARO HILLS,Mesta,Kharif     
Meghalaya,EAST JAINTIA HILLS,Mesta,Whole Year 
Meghalaya,EAST KHASI HILLS,Mesta,Whole Year 
Meghalaya,RI BHOI,Mesta,Whole Year 
Meghalaya,WEST KHASI HILLS,Mesta,Whole Year 
Meghalaya,EAST GARO HILLS,Onion,Rabi       
Meghalaya,EAST KHASI HILLS,Onion,Rabi       
Meghalaya,NORTH GARO HILLS,Onion,Rabi       
Meghalaya,RI BHOI,Onion,Rabi       
Meghalaya,SOUTH GARO HILLS,Onion,Rabi       
Meghalaya,SOUTH WEST GARO HILLS,Onion,Rabi       
Meghalaya,SOUTH WEST KHASI HILLS,Onion,Rabi       
Meghalaya,WEST GARO HILLS,Onion,Rabi       
Meghalaya,WEST JAINTIA HILLS,Onion,Rabi       
Meghalaya,WEST KHASI HILLS,Onion,Rabi       
Meghalaya,EAST GARO HILLS,Other  Rabi pulses,Rabi       
Meghalaya,EAST JAINTIA HILLS,Other  Rabi pulses,Rabi       
Meghalaya,EAST KHASI HILLS,Other  Rabi pulses,Rabi       
Meghalaya,RI BHOI,Other  Rabi pulses,Rabi       
Meghalaya,SOUTH GARO HILLS,Other  Rabi pulses,Rabi       
Meghalaya,WEST GARO HILLS,Other  Rabi pulses,Rabi       
Meghalaya,WEST KHASI HILLS,Other  Rabi pulses,Rabi       
Meghalaya,EAST GARO HILLS,Peas & beans (Pulses),Rabi       
Meghalaya,EAST JAINTIA HILLS,Peas & beans (Pulses),Rabi       
Meghalaya,EAST KHASI HILLS,Peas & beans (Pulses),Rabi       
Meghalaya,NORTH GARO HILLS,Peas & beans (Pulses),Rabi       
Meghalaya,RI BHOI,Peas & beans (Pulses),Rabi       
Meghalaya,SOUTH GARO HILLS,Peas & beans (Pulses),Rabi       
Meghalaya,SOUTH WEST GARO HILLS,Peas & beans (Pulses),Rabi       
Meghalaya,SOUTH WEST KHASI HILLS,Peas & beans (Pulses),Rabi       
Meghalaya,WEST GARO HILLS,Peas & beans (Pulses),Rabi       
Meghalaya,WEST JAINTIA HILLS,Peas & beans (Pulses),Rabi       
Meghalaya,WEST KHASI HILLS,Peas & beans (Pulses),Rabi       
Meghalaya,EAST GARO HILLS,Potato,Whole Year 
Meghalaya,EAST JAINTIA HILLS,Potato,Whole Year 
Meghalaya,EAST KHASI HILLS,Potato,Whole Year 
Meghalaya,NORTH GARO HILLS,Potato,Whole Year 
Meghalaya,RI BHOI,Potato,Whole Year 
Meghalaya,SOUTH GARO HILLS,Potato,Whole Year 
Meghalaya,SOUTH WEST GARO HILLS,Potato,Whole Year 
Meghalaya,SOUTH WEST KHASI HILLS,Potato,Whole Year 
Meghalaya,WEST GARO HILLS,Potato,Whole Year 
Meghalaya,WEST JAINTIA HILLS,Potato,Whole Year 
Meghalaya,WEST KHASI HILLS,Potato,Whole Year 
Meghalaya,EAST GARO HILLS,Rapeseed &Mustard,Rabi       
Meghalaya,EAST JAINTIA HILLS,Rapeseed &Mustard,Rabi       
Meghalaya,EAST KHASI HILLS,Rapeseed &Mustard,Rabi       
Meghalaya,NORTH GARO HILLS,Rapeseed &Mustard,Rabi       
Meghalaya,RI BHOI,Rapeseed &Mustard,Rabi       
Meghalaya,SOUTH GARO HILLS,Rapeseed &Mustard,Rabi       
Meghalaya,SOUTH WEST GARO HILLS,Rapeseed &Mustard,Rabi       
Meghalaya,SOUTH WEST KHASI HILLS,Rapeseed &Mustard,Rabi       
Meghalaya,WEST GARO HILLS,Rapeseed &Mustard,Rabi       
Meghalaya,WEST JAINTIA HILLS,Rapeseed &Mustard,Rabi       
Meghalaya,WEST KHASI HILLS,Rapeseed &Mustard,Rabi       
Meghalaya,EAST GARO HILLS,Rice,Kharif     
Meghalaya,EAST JAINTIA HILLS,Rice,Kharif     
Meghalaya,EAST KHASI HILLS,Rice,Kharif     
Meghalaya,NORTH GARO HILLS,Rice,Rabi       
Meghalaya,RI BHOI,Rice,Kharif     
Meghalaya,SOUTH GARO HILLS,Rice,Kharif     
Meghalaya,SOUTH WEST GARO HILLS,Rice,Rabi       
Meghalaya,SOUTH WEST KHASI HILLS,Rice,Rabi       
Meghalaya,WEST GARO HILLS,Rice,Kharif     
Meghalaya,WEST JAINTIA HILLS,Rice,Rabi       
Meghalaya,WEST KHASI HILLS,Rice,Kharif     
Meghalaya,EAST GARO HILLS,Sesamum,Kharif     
Meghalaya,EAST JAINTIA HILLS,Sesamum,Kharif     
Meghalaya,EAST KHASI HILLS,Sesamum,Kharif     
Meghalaya,NORTH GARO HILLS,Sesamum,Kharif     
Meghalaya,RI BHOI,Sesamum,Kharif     
Meghalaya,SOUTH GARO HILLS,Sesamum,Kharif     
Meghalaya,SOUTH WEST GARO HILLS,Sesamum,Kharif     
Meghalaya,SOUTH WEST KHASI HILLS,Sesamum,Kharif     
Meghalaya,WEST GARO HILLS,Sesamum,Kharif     
Meghalaya,WEST JAINTIA HILLS,Sesamum,Kharif     
Meghalaya,WEST KHASI HILLS,Sesamum,Kharif     
Meghalaya,EAST GARO HILLS,Small millets,Kharif     
Meghalaya,EAST JAINTIA HILLS,Small millets,Kharif     
Meghalaya,EAST KHASI HILLS,Small millets,Kharif     
Meghalaya,NORTH GARO HILLS,Small millets,Rabi       
Meghalaya,RI BHOI,Small millets,Kharif     
Meghalaya,SOUTH GARO HILLS,Small millets,Kharif     
Meghalaya,SOUTH WEST GARO HILLS,Small millets,Rabi       
Meghalaya,SOUTH WEST KHASI HILLS,Small millets,Rabi       
Meghalaya,WEST GARO HILLS,Small millets,Kharif     
Meghalaya,WEST JAINTIA HILLS,Small millets,Rabi       
Meghalaya,WEST KHASI HILLS,Small millets,Kharif     
Meghalaya,EAST GARO HILLS,Soyabean,Kharif     
Meghalaya,EAST JAINTIA HILLS,Soyabean,Kharif     
Meghalaya,EAST KHASI HILLS,Soyabean,Kharif     
Meghalaya,NORTH GARO HILLS,Soyabean,Kharif     
Meghalaya,RI BHOI,Soyabean,Kharif     
Meghalaya,SOUTH GARO HILLS,Soyabean,Kharif     
Meghalaya,SOUTH WEST GARO HILLS,Soyabean,Kharif     
Meghalaya,SOUTH WEST KHASI HILLS,Soyabean,Kharif     
Meghalaya,WEST GARO HILLS,Soyabean,Kharif     
Meghalaya,WEST JAINTIA HILLS,Soyabean,Kharif     
Meghalaya,WEST KHASI HILLS,Soyabean,Kharif     
Meghalaya,EAST GARO HILLS,Sugarcane,Whole Year 
Meghalaya,EAST JAINTIA HILLS,Sugarcane,Whole Year 
Meghalaya,NORTH GARO HILLS,Sugarcane,Whole Year 
Meghalaya,SOUTH GARO HILLS,Sugarcane,Whole Year 
Meghalaya,SOUTH WEST GARO HILLS,Sugarcane,Whole Year 
Meghalaya,WEST GARO HILLS,Sugarcane,Whole Year 
Meghalaya,WEST JAINTIA HILLS,Sugarcane,Whole Year 
Meghalaya,WEST KHASI HILLS,Sugarcane,Whole Year 
Meghalaya,EAST GARO HILLS,Sweet potato,Whole Year 
Meghalaya,EAST JAINTIA HILLS,Sweet potato,Whole Year 
Meghalaya,EAST KHASI HILLS,Sweet potato,Whole Year 
Meghalaya,NORTH GARO HILLS,Sweet potato,Kharif     
Meghalaya,RI BHOI,Sweet potato,Whole Year 
Meghalaya,SOUTH GARO HILLS,Sweet potato,Whole Year 
Meghalaya,SOUTH WEST GARO HILLS,Sweet potato,Kharif     
Meghalaya,SOUTH WEST KHASI HILLS,Sweet potato,Kharif     
Meghalaya,WEST GARO HILLS,Sweet potato,Whole Year 
Meghalaya,WEST JAINTIA HILLS,Sweet potato,Kharif     
Meghalaya,WEST KHASI HILLS,Sweet potato,Whole Year 
Meghalaya,EAST GARO HILLS,Tapioca,Whole Year 
Meghalaya,EAST JAINTIA HILLS,Tapioca,Whole Year 
Meghalaya,EAST KHASI HILLS,Tapioca,Whole Year 
Meghalaya,NORTH GARO HILLS,Tapioca,Kharif     
Meghalaya,RI BHOI,Tapioca,Whole Year 
Meghalaya,SOUTH GARO HILLS,Tapioca,Whole Year 
Meghalaya,SOUTH WEST GARO HILLS,Tapioca,Kharif     
Meghalaya,SOUTH WEST KHASI HILLS,Tapioca,Kharif     
Meghalaya,WEST GARO HILLS,Tapioca,Whole Year 
Meghalaya,WEST JAINTIA HILLS,Tapioca,Kharif     
Meghalaya,WEST KHASI HILLS,Tapioca,Whole Year 
Meghalaya,EAST GARO HILLS,Tobacco,Rabi       
Meghalaya,EAST JAINTIA HILLS,Tobacco,Rabi       
Meghalaya,NORTH GARO HILLS,Tobacco,Rabi       
Meghalaya,SOUTH GARO HILLS,Tobacco,Rabi       
Meghalaya,SOUTH WEST GARO HILLS,Tobacco,Rabi       
Meghalaya,WEST GARO HILLS,Tobacco,Rabi       
Meghalaya,WEST KHASI HILLS,Tobacco,Rabi       
Meghalaya,EAST GARO HILLS,Turmeric,Whole Year 
Meghalaya,EAST JAINTIA HILLS,Turmeric,Whole Year 
Meghalaya,EAST KHASI HILLS,Turmeric,Whole Year 
Meghalaya,NORTH GARO HILLS,Turmeric,Whole Year 
Meghalaya,RI BHOI,Turmeric,Whole Year 
Meghalaya,SOUTH GARO HILLS,Turmeric,Whole Year 
Meghalaya,SOUTH WEST GARO HILLS,Turmeric,Whole Year 
Meghalaya,SOUTH WEST KHASI HILLS,Turmeric,Whole Year 
Meghalaya,WEST GARO HILLS,Turmeric,Whole Year 
Meghalaya,WEST JAINTIA HILLS,Turmeric,Whole Year 
Meghalaya,WEST KHASI HILLS,Turmeric,Whole Year 
Meghalaya,EAST GARO HILLS,Wheat,Rabi       
Meghalaya,NORTH GARO HILLS,Wheat,Rabi       
Meghalaya,RI BHOI,Wheat,Rabi       
Meghalaya,SOUTH WEST GARO HILLS,Wheat,Rabi       
Meghalaya,WEST GARO HILLS,Wheat,Rabi       
Meghalaya,WEST KHASI HILLS,Wheat,Rabi       
Mizoram,AIZAWL,Arhar/Tur,Kharif     
Mizoram,CHAMPHAI,Arhar/Tur,Kharif     
Mizoram,KOLASIB,Arhar/Tur,Kharif     
Mizoram,LAWNGTLAI,Arhar/Tur,Rabi       
Mizoram,LUNGLEI,Arhar/Tur,Kharif     
Mizoram,MAMIT,Arhar/Tur,Kharif     
Mizoram,SAIHA,Arhar/Tur,Kharif     
Mizoram,SERCHHIP,Arhar/Tur,Kharif     
Mizoram,AIZAWL,Coconut ,Kharif     
Mizoram,LUNGLEI,Coconut ,Kharif     
Mizoram,AIZAWL,Cotton(lint),Kharif     
Mizoram,CHAMPHAI,Cotton(lint),Kharif     
Mizoram,KOLASIB,Cotton(lint),Kharif     
Mizoram,LAWNGTLAI,Cotton(lint),Kharif     
Mizoram,LUNGLEI,Cotton(lint),Kharif     
Mizoram,MAMIT,Cotton(lint),Kharif     
Mizoram,SAIHA,Cotton(lint),Kharif     
Mizoram,AIZAWL,Cowpea(Lobia),Kharif     
Mizoram,CHAMPHAI,Cowpea(Lobia),Kharif     
Mizoram,KOLASIB,Cowpea(Lobia),Kharif     
Mizoram,LAWNGTLAI,Cowpea(Lobia),Kharif     
Mizoram,LUNGLEI,Cowpea(Lobia),Kharif     
Mizoram,MAMIT,Cowpea(Lobia),Kharif     
Mizoram,SAIHA,Cowpea(Lobia),Kharif     
Mizoram,SERCHHIP,Cowpea(Lobia),Kharif     
Mizoram,AIZAWL,Gram,Kharif     
Mizoram,KOLASIB,Gram,Rabi       
Mizoram,LUNGLEI,Gram,Kharif     
Mizoram,MAMIT,Gram,Kharif     
Mizoram,AIZAWL,Groundnut,Kharif     
Mizoram,CHAMPHAI,Groundnut,Kharif     
Mizoram,KOLASIB,Groundnut,Kharif     
Mizoram,LAWNGTLAI,Groundnut,Kharif     
Mizoram,LUNGLEI,Groundnut,Kharif     
Mizoram,MAMIT,Groundnut,Kharif     
Mizoram,AIZAWL,Maize,Kharif     
Mizoram,CHAMPHAI,Maize,Kharif     
Mizoram,KOLASIB,Maize,Kharif     
Mizoram,LAWNGTLAI,Maize,Kharif     
Mizoram,LUNGLEI,Maize,Kharif     
Mizoram,MAMIT,Maize,Kharif     
Mizoram,SAIHA,Maize,Kharif     
Mizoram,SERCHHIP,Maize,Kharif     
Mizoram,AIZAWL,Masoor,Rabi       
Mizoram,CHAMPHAI,Masoor,Kharif     
Mizoram,KOLASIB,Masoor,Rabi       
Mizoram,LAWNGTLAI,Masoor,Rabi       
Mizoram,LUNGLEI,Masoor,Rabi       
Mizoram,MAMIT,Masoor,Rabi       
Mizoram,SAIHA,Masoor,Rabi       
Mizoram,AIZAWL,Moong(Green Gram),Kharif     
Mizoram,KOLASIB,Moong(Green Gram),Rabi       
Mizoram,LAWNGTLAI,Moong(Green Gram),Rabi       
Mizoram,LUNGLEI,Moong(Green Gram),Kharif     
Mizoram,MAMIT,Moong(Green Gram),Kharif     
Mizoram,SAIHA,Moong(Green Gram),Rabi       
Mizoram,AIZAWL,Onion,Rabi       
Mizoram,CHAMPHAI,Onion,Rabi       
Mizoram,KOLASIB,Onion,Rabi       
Mizoram,LAWNGTLAI,Onion,Rabi       
Mizoram,LUNGLEI,Onion,Rabi       
Mizoram,SERCHHIP,Onion,Rabi       
Mizoram,AIZAWL,Other  Rabi pulses,Rabi       
Mizoram,CHAMPHAI,Other  Rabi pulses,Rabi       
Mizoram,KOLASIB,Other  Rabi pulses,Rabi       
Mizoram,LAWNGTLAI,Other  Rabi pulses,Rabi       
Mizoram,LUNGLEI,Other  Rabi pulses,Rabi       
Mizoram,MAMIT,Other  Rabi pulses,Rabi       
Mizoram,SAIHA,Other  Rabi pulses,Rabi       
Mizoram,SERCHHIP,Other  Rabi pulses,Rabi       
Mizoram,AIZAWL,Other Kharif pulses,Kharif     
Mizoram,CHAMPHAI,Other Kharif pulses,Kharif     
Mizoram,KOLASIB,Other Kharif pulses,Kharif     
Mizoram,LAWNGTLAI,Other Kharif pulses,Kharif     
Mizoram,LUNGLEI,Other Kharif pulses,Kharif     
Mizoram,MAMIT,Other Kharif pulses,Kharif     
Mizoram,SAIHA,Other Kharif pulses,Kharif     
Mizoram,SERCHHIP,Other Kharif pulses,Kharif     
Mizoram,AIZAWL,other oilseeds,Kharif     
Mizoram,CHAMPHAI,other oilseeds,Kharif     
Mizoram,KOLASIB,other oilseeds,Kharif     
Mizoram,LAWNGTLAI,other oilseeds,Kharif     
Mizoram,LUNGLEI,other oilseeds,Kharif     
Mizoram,MAMIT,other oilseeds,Kharif     
Mizoram,SAIHA,other oilseeds,Kharif     
Mizoram,SERCHHIP,other oilseeds,Kharif     
Mizoram,AIZAWL,Peas & beans (Pulses),Kharif     
Mizoram,CHAMPHAI,Peas & beans (Pulses),Kharif     
Mizoram,KOLASIB,Peas & beans (Pulses),Kharif     
Mizoram,LAWNGTLAI,Peas & beans (Pulses),Kharif     
Mizoram,LUNGLEI,Peas & beans (Pulses),Kharif     
Mizoram,MAMIT,Peas & beans (Pulses),Kharif     
Mizoram,SAIHA,Peas & beans (Pulses),Kharif     
Mizoram,SERCHHIP,Peas & beans (Pulses),Rabi       
Mizoram,AIZAWL,Potato,Kharif     
Mizoram,CHAMPHAI,Potato,Kharif     
Mizoram,KOLASIB,Potato,Whole Year 
Mizoram,LAWNGTLAI,Potato,Whole Year 
Mizoram,LUNGLEI,Potato,Whole Year 
Mizoram,MAMIT,Potato,Whole Year 
Mizoram,SAIHA,Potato,Whole Year 
Mizoram,SERCHHIP,Potato,Whole Year 
Mizoram,AIZAWL,Rapeseed &Mustard,Kharif     
Mizoram,CHAMPHAI,Rapeseed &Mustard,Kharif     
Mizoram,KOLASIB,Rapeseed &Mustard,Rabi       
Mizoram,LAWNGTLAI,Rapeseed &Mustard,Rabi       
Mizoram,LUNGLEI,Rapeseed &Mustard,Kharif     
Mizoram,MAMIT,Rapeseed &Mustard,Kharif     
Mizoram,SAIHA,Rapeseed &Mustard,Kharif     
Mizoram,SERCHHIP,Rapeseed &Mustard,Kharif     
Mizoram,AIZAWL,Rice,Whole Year 
Mizoram,CHAMPHAI,Rice,Whole Year 
Mizoram,KOLASIB,Rice,Whole Year 
Mizoram,LAWNGTLAI,Rice,Kharif     
Mizoram,LUNGLEI,Rice,Whole Year 
Mizoram,MAMIT,Rice,Kharif     
Mizoram,SAIHA,Rice,Kharif     
Mizoram,SERCHHIP,Rice,Kharif     
Mizoram,AIZAWL,Sesamum,Kharif     
Mizoram,CHAMPHAI,Sesamum,Kharif     
Mizoram,KOLASIB,Sesamum,Kharif     
Mizoram,LAWNGTLAI,Sesamum,Kharif     
Mizoram,LUNGLEI,Sesamum,Kharif     
Mizoram,MAMIT,Sesamum,Kharif     
Mizoram,SAIHA,Sesamum,Kharif     
Mizoram,SERCHHIP,Sesamum,Kharif     
Mizoram,AIZAWL,Soyabean,Kharif     
Mizoram,CHAMPHAI,Soyabean,Kharif     
Mizoram,KOLASIB,Soyabean,Kharif     
Mizoram,LAWNGTLAI,Soyabean,Kharif     
Mizoram,LUNGLEI,Soyabean,Kharif     
Mizoram,MAMIT,Soyabean,Kharif     
Mizoram,SAIHA,Soyabean,Kharif     
Mizoram,SERCHHIP,Soyabean,Kharif     
Mizoram,AIZAWL,Sugarcane,Whole Year 
Mizoram,CHAMPHAI,Sugarcane,Whole Year 
Mizoram,KOLASIB,Sugarcane,Whole Year 
Mizoram,LAWNGTLAI,Sugarcane,Whole Year 
Mizoram,LUNGLEI,Sugarcane,Whole Year 
Mizoram,MAMIT,Sugarcane,Whole Year 
Mizoram,SAIHA,Sugarcane,Whole Year 
Mizoram,SERCHHIP,Sugarcane,Whole Year 
Mizoram,CHAMPHAI,Sunflower,Kharif     
Mizoram,LAWNGTLAI,Sunflower,Kharif     
Mizoram,LUNGLEI,Sunflower,Kharif     
Mizoram,SAIHA,Sunflower,Kharif     
Mizoram,AIZAWL,Tapioca,Whole Year 
Mizoram,CHAMPHAI,Tapioca,Whole Year 
Mizoram,KOLASIB,Tapioca,Whole Year 
Mizoram,LAWNGTLAI,Tapioca,Kharif     
Mizoram,LUNGLEI,Tapioca,Whole Year 
Mizoram,MAMIT,Tapioca,Whole Year 
Mizoram,SAIHA,Tapioca,Kharif     
Mizoram,AIZAWL,Tobacco,Rabi       
Mizoram,CHAMPHAI,Tobacco,Rabi       
Mizoram,KOLASIB,Tobacco,Rabi       
Mizoram,LAWNGTLAI,Tobacco,Whole Year 
Mizoram,LUNGLEI,Tobacco,Rabi       
Mizoram,MAMIT,Tobacco,Whole Year 
Mizoram,SAIHA,Tobacco,Whole Year 
Mizoram,AIZAWL,Urad,Kharif     
Mizoram,KOLASIB,Urad,Kharif     
Mizoram,LUNGLEI,Urad,Rabi       
Mizoram,MAMIT,Urad,Kharif     
Mizoram,AIZAWL,Wheat,Rabi       
Mizoram,KOLASIB,Wheat,Rabi       
Mizoram,MAMIT,Wheat,Rabi       
Nagaland,DIMAPUR,Arhar/Tur,Kharif     
Nagaland,KIPHIRE,Arhar/Tur,Kharif     
Nagaland,KOHIMA,Arhar/Tur,Kharif     
Nagaland,LONGLENG,Arhar/Tur,Kharif     
Nagaland,MOKOKCHUNG,Arhar/Tur,Kharif     
Nagaland,MON,Arhar/Tur,Kharif     
Nagaland,PEREN,Arhar/Tur,Kharif     
Nagaland,PHEK,Arhar/Tur,Kharif     
Nagaland,TUENSANG,Arhar/Tur,Kharif     
Nagaland,WOKHA,Arhar/Tur,Kharif     
Nagaland,ZUNHEBOTO,Arhar/Tur,Kharif     
Nagaland,DIMAPUR,Bajra,Kharif     
Nagaland,KIPHIRE,Bajra,Kharif     
Nagaland,KOHIMA,Bajra,Kharif     
Nagaland,LONGLENG,Bajra,Kharif     
Nagaland,MOKOKCHUNG,Bajra,Kharif     
Nagaland,MON,Bajra,Kharif     
Nagaland,PEREN,Bajra,Kharif     
Nagaland,PHEK,Bajra,Kharif     
Nagaland,TUENSANG,Bajra,Kharif     
Nagaland,WOKHA,Bajra,Kharif     
Nagaland,ZUNHEBOTO,Bajra,Kharif     
Nagaland,DIMAPUR,Barley,Rabi       
Nagaland,KIPHIRE,Barley,Rabi       
Nagaland,KOHIMA,Barley,Rabi       
Nagaland,LONGLENG,Barley,Rabi       
Nagaland,MOKOKCHUNG,Barley,Rabi       
Nagaland,MON,Barley,Rabi       
Nagaland,PEREN,Barley,Rabi       
Nagaland,PHEK,Barley,Rabi       
Nagaland,TUENSANG,Barley,Rabi       
Nagaland,WOKHA,Barley,Rabi       
Nagaland,ZUNHEBOTO,Barley,Rabi       
Nagaland,DIMAPUR,Cardamom,Kharif     
Nagaland,KIPHIRE,Cardamom,Kharif     
Nagaland,KOHIMA,Cardamom,Kharif     
Nagaland,MOKOKCHUNG,Cardamom,Kharif     
Nagaland,MON,Cardamom,Kharif     
Nagaland,PHEK,Cardamom,Kharif     
Nagaland,TUENSANG,Cardamom,Kharif     
Nagaland,WOKHA,Cardamom,Kharif     
Nagaland,ZUNHEBOTO,Cardamom,Kharif     
Nagaland,DIMAPUR,Castor seed,Kharif     
Nagaland,KIPHIRE,Castor seed,Kharif     
Nagaland,KOHIMA,Castor seed,Kharif     
Nagaland,LONGLENG,Castor seed,Kharif     
Nagaland,MOKOKCHUNG,Castor seed,Kharif     
Nagaland,MON,Castor seed,Kharif     
Nagaland,PEREN,Castor seed,Kharif     
Nagaland,PHEK,Castor seed,Kharif     
Nagaland,TUENSANG,Castor seed,Kharif     
Nagaland,WOKHA,Castor seed,Kharif     
Nagaland,ZUNHEBOTO,Castor seed,Kharif     
Nagaland,DIMAPUR,Cotton(lint),Kharif     
Nagaland,KOHIMA,Cotton(lint),Kharif     
Nagaland,MOKOKCHUNG,Cotton(lint),Kharif     
Nagaland,MON,Cotton(lint),Kharif     
Nagaland,PHEK,Cotton(lint),Kharif     
Nagaland,TUENSANG,Cotton(lint),Kharif     
Nagaland,WOKHA,Cotton(lint),Kharif     
Nagaland,ZUNHEBOTO,Cotton(lint),Kharif     
Nagaland,DIMAPUR,Cowpea(Lobia),Kharif     
Nagaland,MON,Cowpea(Lobia),Kharif     
Nagaland,PHEK,Cowpea(Lobia),Kharif     
Nagaland,DIMAPUR,Dry chillies,Kharif     
Nagaland,KIPHIRE,Dry chillies,Kharif     
Nagaland,KOHIMA,Dry chillies,Kharif     
Nagaland,LONGLENG,Dry chillies,Kharif     
Nagaland,MOKOKCHUNG,Dry chillies,Kharif     
Nagaland,MON,Dry chillies,Kharif     
Nagaland,PEREN,Dry chillies,Kharif     
Nagaland,PHEK,Dry chillies,Kharif     
Nagaland,TUENSANG,Dry chillies,Kharif     
Nagaland,WOKHA,Dry chillies,Kharif     
Nagaland,ZUNHEBOTO,Dry chillies,Kharif     
Nagaland,DIMAPUR,Ginger,Kharif     
Nagaland,KIPHIRE,Ginger,Kharif     
Nagaland,KOHIMA,Ginger,Kharif     
Nagaland,LONGLENG,Ginger,Kharif     
Nagaland,MOKOKCHUNG,Ginger,Kharif     
Nagaland,MON,Ginger,Kharif     
Nagaland,PEREN,Ginger,Kharif     
Nagaland,PHEK,Ginger,Kharif     
Nagaland,TUENSANG,Ginger,Kharif     
Nagaland,WOKHA,Ginger,Kharif     
Nagaland,ZUNHEBOTO,Ginger,Kharif     
Nagaland,DIMAPUR,Gram,Rabi       
Nagaland,KIPHIRE,Gram,Rabi       
Nagaland,KOHIMA,Gram,Rabi       
Nagaland,LONGLENG,Gram,Rabi       
Nagaland,MOKOKCHUNG,Gram,Rabi       
Nagaland,MON,Gram,Rabi       
Nagaland,PEREN,Gram,Rabi       
Nagaland,PHEK,Gram,Rabi       
Nagaland,TUENSANG,Gram,Rabi       
Nagaland,WOKHA,Gram,Rabi       
Nagaland,ZUNHEBOTO,Gram,Rabi       
Nagaland,DIMAPUR,Groundnut,Kharif     
Nagaland,KIPHIRE,Groundnut,Kharif     
Nagaland,KOHIMA,Groundnut,Kharif     
Nagaland,LONGLENG,Groundnut,Kharif     
Nagaland,MOKOKCHUNG,Groundnut,Kharif     
Nagaland,MON,Groundnut,Kharif     
Nagaland,PEREN,Groundnut,Kharif     
Nagaland,PHEK,Groundnut,Kharif     
Nagaland,TUENSANG,Groundnut,Kharif     
Nagaland,WOKHA,Groundnut,Kharif     
Nagaland,ZUNHEBOTO,Groundnut,Kharif     
Nagaland,DIMAPUR,Horse-gram,Kharif     
Nagaland,KIPHIRE,Horse-gram,Kharif     
Nagaland,KOHIMA,Horse-gram,Kharif     
Nagaland,LONGLENG,Horse-gram,Kharif     
Nagaland,MOKOKCHUNG,Horse-gram,Kharif     
Nagaland,MON,Horse-gram,Kharif     
Nagaland,PEREN,Horse-gram,Kharif     
Nagaland,PHEK,Horse-gram,Kharif     
Nagaland,TUENSANG,Horse-gram,Kharif     
Nagaland,WOKHA,Horse-gram,Kharif     
Nagaland,ZUNHEBOTO,Horse-gram,Kharif     
Nagaland,DIMAPUR,Jowar,Kharif     
Nagaland,KOHIMA,Jowar,Kharif     
Nagaland,MOKOKCHUNG,Jowar,Kharif     
Nagaland,MON,Jowar,Kharif     
Nagaland,PHEK,Jowar,Kharif     
Nagaland,TUENSANG,Jowar,Kharif     
Nagaland,WOKHA,Jowar,Kharif     
Nagaland,ZUNHEBOTO,Jowar,Kharif     
Nagaland,DIMAPUR,Jute,Kharif     
Nagaland,KOHIMA,Jute,Kharif     
Nagaland,MOKOKCHUNG,Jute,Kharif     
Nagaland,MON,Jute,Kharif     
Nagaland,WOKHA,Jute,Kharif     
Nagaland,DIMAPUR,Linseed,Rabi       
Nagaland,KIPHIRE,Linseed,Rabi       
Nagaland,KOHIMA,Linseed,Rabi       
Nagaland,LONGLENG,Linseed,Rabi       
Nagaland,MOKOKCHUNG,Linseed,Rabi       
Nagaland,MON,Linseed,Rabi       
Nagaland,PEREN,Linseed,Rabi       
Nagaland,PHEK,Linseed,Rabi       
Nagaland,TUENSANG,Linseed,Rabi       
Nagaland,WOKHA,Linseed,Rabi       
Nagaland,ZUNHEBOTO,Linseed,Rabi       
Nagaland,DIMAPUR,Maize,Kharif     
Nagaland,KIPHIRE,Maize,Kharif     
Nagaland,KOHIMA,Maize,Kharif     
Nagaland,LONGLENG,Maize,Kharif     
Nagaland,MOKOKCHUNG,Maize,Kharif     
Nagaland,MON,Maize,Kharif     
Nagaland,PEREN,Maize,Kharif     
Nagaland,PHEK,Maize,Kharif     
Nagaland,TUENSANG,Maize,Kharif     
Nagaland,WOKHA,Maize,Kharif     
Nagaland,ZUNHEBOTO,Maize,Kharif     
Nagaland,DIMAPUR,Masoor,Rabi       
Nagaland,KOHIMA,Masoor,Rabi       
Nagaland,MOKOKCHUNG,Masoor,Rabi       
Nagaland,MON,Masoor,Rabi       
Nagaland,PEREN,Masoor,Rabi       
Nagaland,PHEK,Masoor,Rabi       
Nagaland,TUENSANG,Masoor,Rabi       
Nagaland,WOKHA,Masoor,Rabi       
Nagaland,ZUNHEBOTO,Masoor,Rabi       
Nagaland,DIMAPUR,Mesta,Kharif     
Nagaland,KIPHIRE,Mesta,Kharif     
Nagaland,KOHIMA,Mesta,Kharif     
Nagaland,LONGLENG,Mesta,Kharif     
Nagaland,MOKOKCHUNG,Mesta,Kharif     
Nagaland,MON,Mesta,Kharif     
Nagaland,PEREN,Mesta,Kharif     
Nagaland,PHEK,Mesta,Kharif     
Nagaland,TUENSANG,Mesta,Kharif     
Nagaland,WOKHA,Mesta,Kharif     
Nagaland,ZUNHEBOTO,Mesta,Kharif     
Nagaland,DIMAPUR,Moong(Green Gram),Kharif     
Nagaland,KIPHIRE,Moong(Green Gram),Kharif     
Nagaland,KOHIMA,Moong(Green Gram),Kharif     
Nagaland,LONGLENG,Moong(Green Gram),Kharif     
Nagaland,MOKOKCHUNG,Moong(Green Gram),Kharif     
Nagaland,MON,Moong(Green Gram),Kharif     
Nagaland,PEREN,Moong(Green Gram),Kharif     
Nagaland,PHEK,Moong(Green Gram),Kharif     
Nagaland,TUENSANG,Moong(Green Gram),Kharif     
Nagaland,WOKHA,Moong(Green Gram),Kharif     
Nagaland,ZUNHEBOTO,Moong(Green Gram),Kharif     
Nagaland,DIMAPUR,Niger seed,Kharif     
Nagaland,KOHIMA,Niger seed,Kharif     
Nagaland,MOKOKCHUNG,Niger seed,Kharif     
Nagaland,MON,Niger seed,Kharif     
Nagaland,TUENSANG,Niger seed,Kharif     
Nagaland,WOKHA,Niger seed,Kharif     
Nagaland,KIPHIRE,Niger seed,Kharif     
Nagaland,LONGLENG,Niger seed,Kharif     
Nagaland,PEREN,Niger seed,Kharif     
Nagaland,PHEK,Niger seed,Kharif     
Nagaland,ZUNHEBOTO,Niger seed,Kharif     
Nagaland,DIMAPUR,Other  Rabi pulses,Rabi       
Nagaland,KIPHIRE,Other  Rabi pulses,Rabi       
Nagaland,KOHIMA,Other  Rabi pulses,Rabi       
Nagaland,LONGLENG,Other  Rabi pulses,Rabi       
Nagaland,MOKOKCHUNG,Other  Rabi pulses,Rabi       
Nagaland,MON,Other  Rabi pulses,Rabi       
Nagaland,PHEK,Other  Rabi pulses,Rabi       
Nagaland,TUENSANG,Other  Rabi pulses,Rabi       
Nagaland,WOKHA,Other  Rabi pulses,Rabi       
Nagaland,ZUNHEBOTO,Other  Rabi pulses,Rabi       
Nagaland,DIMAPUR,Other Cereals,Rabi       
Nagaland,KIPHIRE,Other Cereals,Kharif     
Nagaland,KOHIMA,Other Cereals,Kharif     
Nagaland,LONGLENG,Other Cereals,Kharif     
Nagaland,MOKOKCHUNG,Other Cereals,Kharif     
Nagaland,MON,Other Cereals,Kharif     
Nagaland,PEREN,Other Cereals,Rabi       
Nagaland,PHEK,Other Cereals,Kharif     
Nagaland,TUENSANG,Other Cereals,Kharif     
Nagaland,WOKHA,Other Cereals,Kharif     
Nagaland,ZUNHEBOTO,Other Cereals,Kharif     
Nagaland,DIMAPUR,Other Kharif pulses,Kharif     
Nagaland,KIPHIRE,Other Kharif pulses,Kharif     
Nagaland,KOHIMA,Other Kharif pulses,Kharif     
Nagaland,LONGLENG,Other Kharif pulses,Kharif     
Nagaland,MOKOKCHUNG,Other Kharif pulses,Kharif     
Nagaland,MON,Other Kharif pulses,Kharif     
Nagaland,PEREN,Other Kharif pulses,Kharif     
Nagaland,PHEK,Other Kharif pulses,Kharif     
Nagaland,TUENSANG,Other Kharif pulses,Kharif     
Nagaland,WOKHA,Other Kharif pulses,Kharif     
Nagaland,ZUNHEBOTO,Other Kharif pulses,Kharif     
Nagaland,KIPHIRE,other oilseeds,Kharif     
Nagaland,KOHIMA,other oilseeds,Kharif     
Nagaland,LONGLENG,other oilseeds,Kharif     
Nagaland,MOKOKCHUNG,other oilseeds,Kharif     
Nagaland,MON,other oilseeds,Kharif     
Nagaland,PHEK,other oilseeds,Kharif     
Nagaland,TUENSANG,other oilseeds,Kharif     
Nagaland,WOKHA,other oilseeds,Kharif     
Nagaland,ZUNHEBOTO,other oilseeds,Kharif     
Nagaland,DIMAPUR,Peas & beans (Pulses),Rabi       
Nagaland,KIPHIRE,Peas & beans (Pulses),Kharif     
Nagaland,KOHIMA,Peas & beans (Pulses),Kharif     
Nagaland,LONGLENG,Peas & beans (Pulses),Kharif     
Nagaland,MOKOKCHUNG,Peas & beans (Pulses),Kharif     
Nagaland,MON,Peas & beans (Pulses),Kharif     
Nagaland,PEREN,Peas & beans (Pulses),Kharif     
Nagaland,PHEK,Peas & beans (Pulses),Kharif     
Nagaland,TUENSANG,Peas & beans (Pulses),Kharif     
Nagaland,WOKHA,Peas & beans (Pulses),Kharif     
Nagaland,ZUNHEBOTO,Peas & beans (Pulses),Kharif     
Nagaland,DIMAPUR,Potato,Whole Year 
Nagaland,KIPHIRE,Potato,Kharif     
Nagaland,KOHIMA,Potato,Whole Year 
Nagaland,LONGLENG,Potato,Kharif     
Nagaland,MOKOKCHUNG,Potato,Whole Year 
Nagaland,MON,Potato,Whole Year 
Nagaland,PEREN,Potato,Kharif     
Nagaland,PHEK,Potato,Whole Year 
Nagaland,TUENSANG,Potato,Whole Year 
Nagaland,WOKHA,Potato,Whole Year 
Nagaland,ZUNHEBOTO,Potato,Whole Year 
Nagaland,DIMAPUR,Ragi,Kharif     
Nagaland,KIPHIRE,Ragi,Kharif     
Nagaland,LONGLENG,Ragi,Kharif     
Nagaland,MOKOKCHUNG,Ragi,Kharif     
Nagaland,MON,Ragi,Kharif     
Nagaland,TUENSANG,Ragi,Kharif     
Nagaland,WOKHA,Ragi,Kharif     
Nagaland,DIMAPUR,Rapeseed &Mustard,Rabi       
Nagaland,KIPHIRE,Rapeseed &Mustard,Rabi       
Nagaland,KOHIMA,Rapeseed &Mustard,Rabi       
Nagaland,LONGLENG,Rapeseed &Mustard,Rabi       
Nagaland,MOKOKCHUNG,Rapeseed &Mustard,Rabi       
Nagaland,MON,Rapeseed &Mustard,Rabi       
Nagaland,PEREN,Rapeseed &Mustard,Rabi       
Nagaland,PHEK,Rapeseed &Mustard,Rabi       
Nagaland,TUENSANG,Rapeseed &Mustard,Rabi       
Nagaland,WOKHA,Rapeseed &Mustard,Rabi       
Nagaland,ZUNHEBOTO,Rapeseed &Mustard,Rabi       
Nagaland,DIMAPUR,Rice,Kharif     
Nagaland,KIPHIRE,Rice,Kharif     
Nagaland,KOHIMA,Rice,Kharif     
Nagaland,LONGLENG,Rice,Kharif     
Nagaland,MOKOKCHUNG,Rice,Kharif     
Nagaland,MON,Rice,Kharif     
Nagaland,PEREN,Rice,Kharif     
Nagaland,PHEK,Rice,Kharif     
Nagaland,TUENSANG,Rice,Kharif     
Nagaland,WOKHA,Rice,Kharif     
Nagaland,ZUNHEBOTO,Rice,Kharif     
Nagaland,DIMAPUR,Sesamum,Kharif     
Nagaland,KIPHIRE,Sesamum,Kharif     
Nagaland,KOHIMA,Sesamum,Kharif     
Nagaland,LONGLENG,Sesamum,Kharif     
Nagaland,MOKOKCHUNG,Sesamum,Kharif     
Nagaland,MON,Sesamum,Kharif     
Nagaland,PEREN,Sesamum,Kharif     
Nagaland,PHEK,Sesamum,Kharif     
Nagaland,TUENSANG,Sesamum,Kharif     
Nagaland,WOKHA,Sesamum,Kharif     
Nagaland,ZUNHEBOTO,Sesamum,Kharif     
Nagaland,DIMAPUR,Small millets,Kharif     
Nagaland,KIPHIRE,Small millets,Kharif     
Nagaland,KOHIMA,Small millets,Kharif     
Nagaland,LONGLENG,Small millets,Kharif     
Nagaland,MOKOKCHUNG,Small millets,Kharif     
Nagaland,MON,Small millets,Kharif     
Nagaland,PEREN,Small millets,Kharif     
Nagaland,PHEK,Small millets,Kharif     
Nagaland,TUENSANG,Small millets,Kharif     
Nagaland,WOKHA,Small millets,Kharif     
Nagaland,ZUNHEBOTO,Small millets,Kharif     
Nagaland,DIMAPUR,Soyabean,Kharif     
Nagaland,KIPHIRE,Soyabean,Kharif     
Nagaland,KOHIMA,Soyabean,Kharif     
Nagaland,LONGLENG,Soyabean,Kharif     
Nagaland,MOKOKCHUNG,Soyabean,Kharif     
Nagaland,MON,Soyabean,Kharif     
Nagaland,PEREN,Soyabean,Kharif     
Nagaland,PHEK,Soyabean,Kharif     
Nagaland,TUENSANG,Soyabean,Kharif     
Nagaland,WOKHA,Soyabean,Kharif     
Nagaland,ZUNHEBOTO,Soyabean,Kharif     
Nagaland,DIMAPUR,Sugarcane,Whole Year 
Nagaland,KIPHIRE,Sugarcane,Kharif     
Nagaland,KOHIMA,Sugarcane,Whole Year 
Nagaland,LONGLENG,Sugarcane,Kharif     
Nagaland,MOKOKCHUNG,Sugarcane,Whole Year 
Nagaland,MON,Sugarcane,Whole Year 
Nagaland,PEREN,Sugarcane,Kharif     
Nagaland,PHEK,Sugarcane,Whole Year 
Nagaland,TUENSANG,Sugarcane,Kharif     
Nagaland,WOKHA,Sugarcane,Whole Year 
Nagaland,ZUNHEBOTO,Sugarcane,Whole Year 
Nagaland,DIMAPUR,Sunflower,Kharif     
Nagaland,KIPHIRE,Sunflower,Kharif     
Nagaland,KOHIMA,Sunflower,Kharif     
Nagaland,LONGLENG,Sunflower,Kharif     
Nagaland,MOKOKCHUNG,Sunflower,Kharif     
Nagaland,MON,Sunflower,Kharif     
Nagaland,PEREN,Sunflower,Kharif     
Nagaland,PHEK,Sunflower,Kharif     
Nagaland,TUENSANG,Sunflower,Kharif     
Nagaland,WOKHA,Sunflower,Kharif     
Nagaland,ZUNHEBOTO,Sunflower,Kharif     
Nagaland,DIMAPUR,Sweet potato,Kharif     
Nagaland,KIPHIRE,Sweet potato,Kharif     
Nagaland,KOHIMA,Sweet potato,Kharif     
Nagaland,LONGLENG,Sweet potato,Kharif     
Nagaland,MOKOKCHUNG,Sweet potato,Kharif     
Nagaland,MON,Sweet potato,Kharif     
Nagaland,PEREN,Sweet potato,Kharif     
Nagaland,PHEK,Sweet potato,Kharif     
Nagaland,TUENSANG,Sweet potato,Kharif     
Nagaland,WOKHA,Sweet potato,Kharif     
Nagaland,ZUNHEBOTO,Sweet potato,Kharif     
Nagaland,DIMAPUR,Tapioca,Kharif     
Nagaland,KIPHIRE,Tapioca,Kharif     
Nagaland,KOHIMA,Tapioca,Kharif     
Nagaland,LONGLENG,Tapioca,Kharif     
Nagaland,MOKOKCHUNG,Tapioca,Kharif     
Nagaland,MON,Tapioca,Kharif     
Nagaland,PEREN,Tapioca,Kharif     
Nagaland,PHEK,Tapioca,Kharif     
Nagaland,TUENSANG,Tapioca,Kharif     
Nagaland,WOKHA,Tapioca,Kharif     
Nagaland,ZUNHEBOTO,Tapioca,Kharif     
Nagaland,DIMAPUR,Turmeric,Kharif     
Nagaland,KIPHIRE,Turmeric,Kharif     
Nagaland,KOHIMA,Turmeric,Kharif     
Nagaland,LONGLENG,Turmeric,Kharif     
Nagaland,MOKOKCHUNG,Turmeric,Kharif     
Nagaland,MON,Turmeric,Kharif     
Nagaland,PEREN,Turmeric,Kharif     
Nagaland,PHEK,Turmeric,Kharif     
Nagaland,TUENSANG,Turmeric,Kharif     
Nagaland,WOKHA,Turmeric,Kharif     
Nagaland,ZUNHEBOTO,Turmeric,Kharif     
Nagaland,DIMAPUR,Urad,Rabi       
Nagaland,KIPHIRE,Urad,Rabi       
Nagaland,KOHIMA,Urad,Rabi       
Nagaland,LONGLENG,Urad,Kharif     
Nagaland,MOKOKCHUNG,Urad,Rabi       
Nagaland,MON,Urad,Rabi       
Nagaland,PEREN,Urad,Rabi       
Nagaland,PHEK,Urad,Rabi       
Nagaland,TUENSANG,Urad,Rabi       
Nagaland,WOKHA,Urad,Rabi       
Nagaland,ZUNHEBOTO,Urad,Rabi       
Nagaland,DIMAPUR,Wheat,Rabi       
Nagaland,KOHIMA,Wheat,Rabi       
Nagaland,MOKOKCHUNG,Wheat,Rabi       
Nagaland,MON,Wheat,Rabi       
Nagaland,PEREN,Wheat,Rabi       
Nagaland,PHEK,Wheat,Rabi       
Nagaland,TUENSANG,Wheat,Rabi       
Nagaland,WOKHA,Wheat,Rabi       
Nagaland,ZUNHEBOTO,Wheat,Rabi       
Odisha,ANUGUL,Arhar/Tur,Autumn     
Odisha,BALANGIR,Arhar/Tur,Autumn     
Odisha,BALESHWAR,Arhar/Tur,Summer     
Odisha,BARGARH,Arhar/Tur,Autumn     
Odisha,BHADRAK,Arhar/Tur,Summer     
Odisha,BOUDH,Arhar/Tur,Autumn     
Odisha,CUTTACK,Arhar/Tur,Summer     
Odisha,DEOGARH,Arhar/Tur,Autumn     
Odisha,DHENKANAL,Arhar/Tur,Autumn     
Odisha,GAJAPATI,Arhar/Tur,Winter     
Odisha,GANJAM,Arhar/Tur,Autumn     
Odisha,JAGATSINGHAPUR,Arhar/Tur,Summer     
Odisha,JAJAPUR,Arhar/Tur,Summer     
Odisha,JHARSUGUDA,Arhar/Tur,Autumn     
Odisha,KALAHANDI,Arhar/Tur,Autumn     
Odisha,KANDHAMAL,Arhar/Tur,Winter     
Odisha,KENDRAPARA,Arhar/Tur,Autumn     
Odisha,KENDUJHAR,Arhar/Tur,Summer     
Odisha,KHORDHA,Arhar/Tur,Summer     
Odisha,KORAPUT,Arhar/Tur,Autumn     
Odisha,MALKANGIRI,Arhar/Tur,Summer     
Odisha,MAYURBHANJ,Arhar/Tur,Autumn     
Odisha,NABARANGPUR,Arhar/Tur,Autumn     
Odisha,NAYAGARH,Arhar/Tur,Summer     
Odisha,NUAPADA,Arhar/Tur,Autumn     
Odisha,PURI,Arhar/Tur,Summer     
Odisha,RAYAGADA,Arhar/Tur,Autumn     
Odisha,SAMBALPUR,Arhar/Tur,Autumn     
Odisha,SONEPUR,Arhar/Tur,Autumn     
Odisha,SUNDARGARH,Arhar/Tur,Autumn     
Odisha,BARGARH,Bajra,Kharif     
Odisha,GAJAPATI,Bajra,Kharif     
Odisha,GANJAM,Bajra,Kharif     
Odisha,KALAHANDI,Bajra,Kharif     
Odisha,KANDHAMAL,Bajra,Kharif     
Odisha,KENDUJHAR,Bajra,Kharif     
Odisha,KORAPUT,Bajra,Kharif     
Odisha,MALKANGIRI,Bajra,Kharif     
Odisha,MAYURBHANJ,Bajra,Kharif     
Odisha,NABARANGPUR,Bajra,Kharif     
Odisha,NAYAGARH,Bajra,Kharif     
Odisha,NUAPADA,Bajra,Kharif     
Odisha,RAYAGADA,Bajra,Kharif     
Odisha,SUNDARGARH,Bajra,Kharif     
Odisha,ANUGUL,Castor seed,Kharif     
Odisha,BALANGIR,Castor seed,Kharif     
Odisha,BALESHWAR,Castor seed,Kharif     
Odisha,BARGARH,Castor seed,Kharif     
Odisha,BHADRAK,Castor seed,Kharif     
Odisha,BOUDH,Castor seed,Kharif     
Odisha,CUTTACK,Castor seed,Kharif     
Odisha,DEOGARH,Castor seed,Kharif     
Odisha,DHENKANAL,Castor seed,Kharif     
Odisha,GAJAPATI,Castor seed,Kharif     
Odisha,GANJAM,Castor seed,Kharif     
Odisha,JAGATSINGHAPUR,Castor seed,Rabi       
Odisha,JAJAPUR,Castor seed,Kharif     
Odisha,JHARSUGUDA,Castor seed,Rabi       
Odisha,KALAHANDI,Castor seed,Kharif     
Odisha,KANDHAMAL,Castor seed,Kharif     
Odisha,KENDRAPARA,Castor seed,Rabi       
Odisha,KENDUJHAR,Castor seed,Kharif     
Odisha,KHORDHA,Castor seed,Kharif     
Odisha,KORAPUT,Castor seed,Kharif     
Odisha,MALKANGIRI,Castor seed,Rabi       
Odisha,MAYURBHANJ,Castor seed,Kharif     
Odisha,NABARANGPUR,Castor seed,Kharif     
Odisha,NAYAGARH,Castor seed,Kharif     
Odisha,NUAPADA,Castor seed,Kharif     
Odisha,PURI,Castor seed,Kharif     
Odisha,RAYAGADA,Castor seed,Kharif     
Odisha,SAMBALPUR,Castor seed,Kharif     
Odisha,SONEPUR,Castor seed,Kharif     
Odisha,SUNDARGARH,Castor seed,Kharif     
Odisha,ANUGUL,Coriander,Rabi       
Odisha,BALANGIR,Coriander,Rabi       
Odisha,BALESHWAR,Coriander,Rabi       
Odisha,BARGARH,Coriander,Rabi       
Odisha,BHADRAK,Coriander,Rabi       
Odisha,BOUDH,Coriander,Rabi       
Odisha,CUTTACK,Coriander,Rabi       
Odisha,DEOGARH,Coriander,Rabi       
Odisha,DHENKANAL,Coriander,Rabi       
Odisha,GAJAPATI,Coriander,Rabi       
Odisha,GANJAM,Coriander,Rabi       
Odisha,JAGATSINGHAPUR,Coriander,Rabi       
Odisha,JAJAPUR,Coriander,Rabi       
Odisha,JHARSUGUDA,Coriander,Rabi       
Odisha,KALAHANDI,Coriander,Rabi       
Odisha,KANDHAMAL,Coriander,Rabi       
Odisha,KENDRAPARA,Coriander,Rabi       
Odisha,KENDUJHAR,Coriander,Rabi       
Odisha,KHORDHA,Coriander,Rabi       
Odisha,KORAPUT,Coriander,Rabi       
Odisha,MALKANGIRI,Coriander,Whole Year 
Odisha,MAYURBHANJ,Coriander,Rabi       
Odisha,NABARANGPUR,Coriander,Rabi       
Odisha,NAYAGARH,Coriander,Rabi       
Odisha,NUAPADA,Coriander,Rabi       
Odisha,PURI,Coriander,Rabi       
Odisha,RAYAGADA,Coriander,Rabi       
Odisha,SAMBALPUR,Coriander,Rabi       
Odisha,SONEPUR,Coriander,Rabi       
Odisha,SUNDARGARH,Coriander,Rabi       
Odisha,ANUGUL,Cotton(lint),Kharif     
Odisha,BALANGIR,Cotton(lint),Kharif     
Odisha,BARGARH,Cotton(lint),Kharif     
Odisha,BOUDH,Cotton(lint),Kharif     
Odisha,DHENKANAL,Cotton(lint),Kharif     
Odisha,GAJAPATI,Cotton(lint),Kharif     
Odisha,GANJAM,Cotton(lint),Kharif     
Odisha,KALAHANDI,Cotton(lint),Kharif     
Odisha,KANDHAMAL,Cotton(lint),Kharif     
Odisha,KENDUJHAR,Cotton(lint),Kharif     
Odisha,KORAPUT,Cotton(lint),Kharif     
Odisha,NABARANGPUR,Cotton(lint),Kharif     
Odisha,NAYAGARH,Cotton(lint),Kharif     
Odisha,NUAPADA,Cotton(lint),Kharif     
Odisha,RAYAGADA,Cotton(lint),Kharif     
Odisha,SONEPUR,Cotton(lint),Kharif     
Odisha,BALANGIR,Cowpea(Lobia),Kharif     
Odisha,BALESHWAR,Cowpea(Lobia),Rabi       
Odisha,BARGARH,Cowpea(Lobia),Kharif     
Odisha,BHADRAK,Cowpea(Lobia),Rabi       
Odisha,CUTTACK,Cowpea(Lobia),Rabi       
Odisha,DEOGARH,Cowpea(Lobia),Kharif     
Odisha,GAJAPATI,Cowpea(Lobia),Kharif     
Odisha,GANJAM,Cowpea(Lobia),Rabi       
Odisha,JAGATSINGHAPUR,Cowpea(Lobia),Rabi       
Odisha,JAJAPUR,Cowpea(Lobia),Kharif     
Odisha,JHARSUGUDA,Cowpea(Lobia),Kharif     
Odisha,KALAHANDI,Cowpea(Lobia),Rabi       
Odisha,KANDHAMAL,Cowpea(Lobia),Kharif     
Odisha,KENDRAPARA,Cowpea(Lobia),Rabi       
Odisha,KENDUJHAR,Cowpea(Lobia),Kharif     
Odisha,KHORDHA,Cowpea(Lobia),Kharif     
Odisha,KORAPUT,Cowpea(Lobia),Rabi       
Odisha,MALKANGIRI,Cowpea(Lobia),Rabi       
Odisha,MAYURBHANJ,Cowpea(Lobia),Kharif     
Odisha,NABARANGPUR,Cowpea(Lobia),Rabi       
Odisha,NAYAGARH,Cowpea(Lobia),Kharif     
Odisha,PURI,Cowpea(Lobia),Rabi       
Odisha,RAYAGADA,Cowpea(Lobia),Kharif     
Odisha,SAMBALPUR,Cowpea(Lobia),Kharif     
Odisha,SONEPUR,Cowpea(Lobia),Kharif     
Odisha,SUNDARGARH,Cowpea(Lobia),Kharif     
Odisha,ANUGUL,Dry chillies,Kharif     
Odisha,BALANGIR,Dry chillies,Kharif     
Odisha,BALESHWAR,Dry chillies,Kharif     
Odisha,BARGARH,Dry chillies,Kharif     
Odisha,BHADRAK,Dry chillies,Kharif     
Odisha,BOUDH,Dry chillies,Kharif     
Odisha,CUTTACK,Dry chillies,Kharif     
Odisha,DEOGARH,Dry chillies,Kharif     
Odisha,DHENKANAL,Dry chillies,Kharif     
Odisha,GAJAPATI,Dry chillies,Kharif     
Odisha,GANJAM,Dry chillies,Kharif     
Odisha,JAGATSINGHAPUR,Dry chillies,Kharif     
Odisha,JAJAPUR,Dry chillies,Kharif     
Odisha,JHARSUGUDA,Dry chillies,Kharif     
Odisha,KALAHANDI,Dry chillies,Kharif     
Odisha,KANDHAMAL,Dry chillies,Kharif     
Odisha,KENDRAPARA,Dry chillies,Kharif     
Odisha,KENDUJHAR,Dry chillies,Kharif     
Odisha,KHORDHA,Dry chillies,Kharif     
Odisha,KORAPUT,Dry chillies,Kharif     
Odisha,MALKANGIRI,Dry chillies,Kharif     
Odisha,MAYURBHANJ,Dry chillies,Kharif     
Odisha,NABARANGPUR,Dry chillies,Kharif     
Odisha,NAYAGARH,Dry chillies,Kharif     
Odisha,NUAPADA,Dry chillies,Kharif     
Odisha,PURI,Dry chillies,Kharif     
Odisha,RAYAGADA,Dry chillies,Kharif     
Odisha,SAMBALPUR,Dry chillies,Kharif     
Odisha,SONEPUR,Dry chillies,Kharif     
Odisha,SUNDARGARH,Dry chillies,Kharif     
Odisha,ANUGUL,Garlic,Rabi       
Odisha,BALANGIR,Garlic,Rabi       
Odisha,BALESHWAR,Garlic,Rabi       
Odisha,BARGARH,Garlic,Rabi       
Odisha,BHADRAK,Garlic,Rabi       
Odisha,BOUDH,Garlic,Rabi       
Odisha,CUTTACK,Garlic,Rabi       
Odisha,DEOGARH,Garlic,Rabi       
Odisha,DHENKANAL,Garlic,Rabi       
Odisha,GAJAPATI,Garlic,Rabi       
Odisha,GANJAM,Garlic,Rabi       
Odisha,JAGATSINGHAPUR,Garlic,Rabi       
Odisha,JAJAPUR,Garlic,Rabi       
Odisha,JHARSUGUDA,Garlic,Rabi       
Odisha,KALAHANDI,Garlic,Rabi       
Odisha,KANDHAMAL,Garlic,Rabi       
Odisha,KENDRAPARA,Garlic,Rabi       
Odisha,KENDUJHAR,Garlic,Rabi       
Odisha,KHORDHA,Garlic,Rabi       
Odisha,KORAPUT,Garlic,Rabi       
Odisha,MALKANGIRI,Garlic,Rabi       
Odisha,MAYURBHANJ,Garlic,Rabi       
Odisha,NABARANGPUR,Garlic,Rabi       
Odisha,NAYAGARH,Garlic,Rabi       
Odisha,NUAPADA,Garlic,Rabi       
Odisha,PURI,Garlic,Rabi       
Odisha,RAYAGADA,Garlic,Rabi       
Odisha,SAMBALPUR,Garlic,Rabi       
Odisha,SONEPUR,Garlic,Rabi       
Odisha,SUNDARGARH,Garlic,Rabi       
Odisha,ANUGUL,Ginger,Kharif     
Odisha,BALANGIR,Ginger,Kharif     
Odisha,BALESHWAR,Ginger,Kharif     
Odisha,BARGARH,Ginger,Kharif     
Odisha,BHADRAK,Ginger,Kharif     
Odisha,BOUDH,Ginger,Kharif     
Odisha,CUTTACK,Ginger,Kharif     
Odisha,DEOGARH,Ginger,Kharif     
Odisha,DHENKANAL,Ginger,Kharif     
Odisha,GAJAPATI,Ginger,Kharif     
Odisha,GANJAM,Ginger,Kharif     
Odisha,JAGATSINGHAPUR,Ginger,Kharif     
Odisha,JAJAPUR,Ginger,Kharif     
Odisha,JHARSUGUDA,Ginger,Kharif     
Odisha,KALAHANDI,Ginger,Kharif     
Odisha,KANDHAMAL,Ginger,Kharif     
Odisha,KENDRAPARA,Ginger,Kharif     
Odisha,KENDUJHAR,Ginger,Kharif     
Odisha,KHORDHA,Ginger,Kharif     
Odisha,KORAPUT,Ginger,Kharif     
Odisha,MALKANGIRI,Ginger,Kharif     
Odisha,MAYURBHANJ,Ginger,Kharif     
Odisha,NABARANGPUR,Ginger,Kharif     
Odisha,NAYAGARH,Ginger,Kharif     
Odisha,NUAPADA,Ginger,Kharif     
Odisha,PURI,Ginger,Kharif     
Odisha,RAYAGADA,Ginger,Kharif     
Odisha,SAMBALPUR,Ginger,Kharif     
Odisha,SONEPUR,Ginger,Kharif     
Odisha,SUNDARGARH,Ginger,Kharif     
Odisha,ANUGUL,Gram,Rabi       
Odisha,BALANGIR,Gram,Rabi       
Odisha,BALESHWAR,Gram,Rabi       
Odisha,BARGARH,Gram,Rabi       
Odisha,BHADRAK,Gram,Rabi       
Odisha,BOUDH,Gram,Rabi       
Odisha,CUTTACK,Gram,Rabi       
Odisha,DEOGARH,Gram,Rabi       
Odisha,DHENKANAL,Gram,Rabi       
Odisha,GAJAPATI,Gram,Rabi       
Odisha,GANJAM,Gram,Rabi       
Odisha,JAGATSINGHAPUR,Gram,Rabi       
Odisha,JAJAPUR,Gram,Rabi       
Odisha,JHARSUGUDA,Gram,Rabi       
Odisha,KALAHANDI,Gram,Rabi       
Odisha,KANDHAMAL,Gram,Rabi       
Odisha,KENDRAPARA,Gram,Rabi       
Odisha,KENDUJHAR,Gram,Rabi       
Odisha,KHORDHA,Gram,Rabi       
Odisha,KORAPUT,Gram,Rabi       
Odisha,MALKANGIRI,Gram,Rabi       
Odisha,MAYURBHANJ,Gram,Rabi       
Odisha,NABARANGPUR,Gram,Rabi       
Odisha,NAYAGARH,Gram,Rabi       
Odisha,NUAPADA,Gram,Rabi       
Odisha,PURI,Gram,Rabi       
Odisha,RAYAGADA,Gram,Rabi       
Odisha,SAMBALPUR,Gram,Rabi       
Odisha,SONEPUR,Gram,Rabi       
Odisha,SUNDARGARH,Gram,Rabi       
Odisha,ANUGUL,Groundnut,Autumn     
Odisha,BALANGIR,Groundnut,Autumn     
Odisha,BALESHWAR,Groundnut,Autumn     
Odisha,BARGARH,Groundnut,Autumn     
Odisha,BHADRAK,Groundnut,Summer     
Odisha,BOUDH,Groundnut,Summer     
Odisha,CUTTACK,Groundnut,Autumn     
Odisha,DEOGARH,Groundnut,Autumn     
Odisha,DHENKANAL,Groundnut,Autumn     
Odisha,GAJAPATI,Groundnut,Autumn     
Odisha,GANJAM,Groundnut,Autumn     
Odisha,JAGATSINGHAPUR,Groundnut,Summer     
Odisha,JAJAPUR,Groundnut,Autumn     
Odisha,JHARSUGUDA,Groundnut,Autumn     
Odisha,KALAHANDI,Groundnut,Autumn     
Odisha,KANDHAMAL,Groundnut,Autumn     
Odisha,KENDRAPARA,Groundnut,Summer     
Odisha,KENDUJHAR,Groundnut,Autumn     
Odisha,KHORDHA,Groundnut,Summer     
Odisha,KORAPUT,Groundnut,Autumn     
Odisha,MALKANGIRI,Groundnut,Summer     
Odisha,MAYURBHANJ,Groundnut,Autumn     
Odisha,NABARANGPUR,Groundnut,Autumn     
Odisha,NAYAGARH,Groundnut,Autumn     
Odisha,NUAPADA,Groundnut,Autumn     
Odisha,PURI,Groundnut,Summer     
Odisha,RAYAGADA,Groundnut,Autumn     
Odisha,SAMBALPUR,Groundnut,Autumn     
Odisha,SONEPUR,Groundnut,Autumn     
Odisha,SUNDARGARH,Groundnut,Autumn     
Odisha,ANUGUL,Horse-gram,Winter     
Odisha,BALANGIR,Horse-gram,Summer     
Odisha,BALESHWAR,Horse-gram,Winter     
Odisha,BARGARH,Horse-gram,Winter     
Odisha,BHADRAK,Horse-gram,Summer     
Odisha,BOUDH,Horse-gram,Winter     
Odisha,CUTTACK,Horse-gram,Summer     
Odisha,DEOGARH,Horse-gram,Summer     
Odisha,DHENKANAL,Horse-gram,Winter     
Odisha,GAJAPATI,Horse-gram,Winter     
Odisha,GANJAM,Horse-gram,Summer     
Odisha,JAGATSINGHAPUR,Horse-gram,Summer     
Odisha,JAJAPUR,Horse-gram,Summer     
Odisha,JHARSUGUDA,Horse-gram,Winter     
Odisha,KALAHANDI,Horse-gram,Winter     
Odisha,KANDHAMAL,Horse-gram,Winter     
Odisha,KENDRAPARA,Horse-gram,Winter     
Odisha,KENDUJHAR,Horse-gram,Winter     
Odisha,KHORDHA,Horse-gram,Summer     
Odisha,KORAPUT,Horse-gram,Winter     
Odisha,MALKANGIRI,Horse-gram,Winter     
Odisha,MAYURBHANJ,Horse-gram,Winter     
Odisha,NABARANGPUR,Horse-gram,Winter     
Odisha,NAYAGARH,Horse-gram,Summer     
Odisha,NUAPADA,Horse-gram,Winter     
Odisha,PURI,Horse-gram,Summer     
Odisha,RAYAGADA,Horse-gram,Winter     
Odisha,SAMBALPUR,Horse-gram,Winter     
Odisha,SONEPUR,Horse-gram,Winter     
Odisha,SUNDARGARH,Horse-gram,Winter     
Odisha,BALANGIR,Jowar,Kharif     
Odisha,BARGARH,Jowar,Kharif     
Odisha,CUTTACK,Jowar,Kharif     
Odisha,DEOGARH,Jowar,Kharif     
Odisha,GAJAPATI,Jowar,Kharif     
Odisha,GANJAM,Jowar,Kharif     
Odisha,JAJAPUR,Jowar,Kharif     
Odisha,KALAHANDI,Jowar,Kharif     
Odisha,KANDHAMAL,Jowar,Kharif     
Odisha,KENDUJHAR,Jowar,Kharif     
Odisha,KHORDHA,Jowar,Kharif     
Odisha,KORAPUT,Jowar,Kharif     
Odisha,MALKANGIRI,Jowar,Kharif     
Odisha,MAYURBHANJ,Jowar,Kharif     
Odisha,NABARANGPUR,Jowar,Kharif     
Odisha,NAYAGARH,Jowar,Kharif     
Odisha,NUAPADA,Jowar,Kharif     
Odisha,RAYAGADA,Jowar,Kharif     
Odisha,SAMBALPUR,Jowar,Kharif     
Odisha,SONEPUR,Jowar,Kharif     
Odisha,SUNDARGARH,Jowar,Kharif     
Odisha,BALANGIR,Jute,Autumn     
Odisha,BALESHWAR,Jute,Autumn     
Odisha,BHADRAK,Jute,Autumn     
Odisha,CUTTACK,Jute,Autumn     
Odisha,GANJAM,Jute,Autumn     
Odisha,JAGATSINGHAPUR,Jute,Autumn     
Odisha,JAJAPUR,Jute,Autumn     
Odisha,KALAHANDI,Jute,Autumn     
Odisha,KENDRAPARA,Jute,Autumn     
Odisha,KENDUJHAR,Jute,Autumn     
Odisha,KHORDHA,Jute,Autumn     
Odisha,KORAPUT,Jute,Autumn     
Odisha,MALKANGIRI,Jute,Autumn     
Odisha,MAYURBHANJ,Jute,Autumn     
Odisha,NABARANGPUR,Jute,Kharif     
Odisha,NAYAGARH,Jute,Kharif     
Odisha,NUAPADA,Jute,Autumn     
Odisha,PURI,Jute,Autumn     
Odisha,SUNDARGARH,Jute,Autumn     
Odisha,BALANGIR,Linseed,Rabi       
Odisha,BOUDH,Linseed,Rabi       
Odisha,CUTTACK,Linseed,Rabi       
Odisha,GAJAPATI,Linseed,Rabi       
Odisha,GANJAM,Linseed,Rabi       
Odisha,JAGATSINGHAPUR,Linseed,Rabi       
Odisha,JAJAPUR,Linseed,Rabi       
Odisha,KALAHANDI,Linseed,Rabi       
Odisha,KENDRAPARA,Linseed,Rabi       
Odisha,KENDUJHAR,Linseed,Rabi       
Odisha,KHORDHA,Linseed,Rabi       
Odisha,KORAPUT,Linseed,Rabi       
Odisha,MAYURBHANJ,Linseed,Rabi       
Odisha,NABARANGPUR,Linseed,Rabi       
Odisha,NAYAGARH,Linseed,Rabi       
Odisha,NUAPADA,Linseed,Rabi       
Odisha,PURI,Linseed,Rabi       
Odisha,SUNDARGARH,Linseed,Rabi       
Odisha,ANUGUL,Maize,Autumn     
Odisha,BALANGIR,Maize,Autumn     
Odisha,BALESHWAR,Maize,Autumn     
Odisha,BARGARH,Maize,Autumn     
Odisha,BHADRAK,Maize,Kharif     
Odisha,BOUDH,Maize,Autumn     
Odisha,CUTTACK,Maize,Autumn     
Odisha,DEOGARH,Maize,Autumn     
Odisha,DHENKANAL,Maize,Autumn     
Odisha,GAJAPATI,Maize,Autumn     
Odisha,GANJAM,Maize,Autumn     
Odisha,JAGATSINGHAPUR,Maize,Kharif     
Odisha,JAJAPUR,Maize,Autumn     
Odisha,JHARSUGUDA,Maize,Autumn     
Odisha,KALAHANDI,Maize,Autumn     
Odisha,KANDHAMAL,Maize,Autumn     
Odisha,KENDRAPARA,Maize,Winter     
Odisha,KENDUJHAR,Maize,Autumn     
Odisha,KHORDHA,Maize,Autumn     
Odisha,KORAPUT,Maize,Autumn     
Odisha,MALKANGIRI,Maize,Autumn     
Odisha,MAYURBHANJ,Maize,Autumn     
Odisha,NABARANGPUR,Maize,Autumn     
Odisha,NAYAGARH,Maize,Autumn     
Odisha,NUAPADA,Maize,Autumn     
Odisha,PURI,Maize,Summer     
Odisha,RAYAGADA,Maize,Autumn     
Odisha,SAMBALPUR,Maize,Autumn     
Odisha,SONEPUR,Maize,Autumn     
Odisha,SUNDARGARH,Maize,Autumn     
Odisha,BALANGIR,Masoor,Rabi       
Odisha,KALAHANDI,Masoor,Rabi       
Odisha,KENDUJHAR,Masoor,Rabi       
Odisha,MAYURBHANJ,Masoor,Rabi       
Odisha,NABARANGPUR,Masoor,Rabi       
Odisha,NUAPADA,Masoor,Rabi       
Odisha,SUNDARGARH,Masoor,Rabi       
Odisha,ANUGUL,Mesta,Kharif     
Odisha,BALANGIR,Mesta,Kharif     
Odisha,BALESHWAR,Mesta,Kharif     
Odisha,BARGARH,Mesta,Kharif     
Odisha,BOUDH,Mesta,Kharif     
Odisha,CUTTACK,Mesta,Kharif     
Odisha,DEOGARH,Mesta,Kharif     
Odisha,DHENKANAL,Mesta,Kharif     
Odisha,GAJAPATI,Mesta,Kharif     
Odisha,GANJAM,Mesta,Kharif     
Odisha,JAJAPUR,Mesta,Kharif     
Odisha,JHARSUGUDA,Mesta,Kharif     
Odisha,KALAHANDI,Mesta,Kharif     
Odisha,KANDHAMAL,Mesta,Kharif     
Odisha,KENDUJHAR,Mesta,Kharif     
Odisha,KHORDHA,Mesta,Kharif     
Odisha,KORAPUT,Mesta,Kharif     
Odisha,MALKANGIRI,Mesta,Kharif     
Odisha,MAYURBHANJ,Mesta,Kharif     
Odisha,NABARANGPUR,Mesta,Kharif     
Odisha,NAYAGARH,Mesta,Kharif     
Odisha,NUAPADA,Mesta,Kharif     
Odisha,PURI,Mesta,Kharif     
Odisha,RAYAGADA,Mesta,Kharif     
Odisha,SAMBALPUR,Mesta,Kharif     
Odisha,SONEPUR,Mesta,Kharif     
Odisha,SUNDARGARH,Mesta,Kharif     
Odisha,ANUGUL,Moong(Green Gram),Autumn     
Odisha,BALANGIR,Moong(Green Gram),Autumn     
Odisha,BALESHWAR,Moong(Green Gram),Summer     
Odisha,BARGARH,Moong(Green Gram),Autumn     
Odisha,BHADRAK,Moong(Green Gram),Summer     
Odisha,BOUDH,Moong(Green Gram),Autumn     
Odisha,CUTTACK,Moong(Green Gram),Summer     
Odisha,DEOGARH,Moong(Green Gram),Autumn     
Odisha,DHENKANAL,Moong(Green Gram),Autumn     
Odisha,GAJAPATI,Moong(Green Gram),Autumn     
Odisha,GANJAM,Moong(Green Gram),Autumn     
Odisha,JAGATSINGHAPUR,Moong(Green Gram),Summer     
Odisha,JAJAPUR,Moong(Green Gram),Summer     
Odisha,JHARSUGUDA,Moong(Green Gram),Autumn     
Odisha,KALAHANDI,Moong(Green Gram),Autumn     
Odisha,KANDHAMAL,Moong(Green Gram),Autumn     
Odisha,KENDRAPARA,Moong(Green Gram),Summer     
Odisha,KENDUJHAR,Moong(Green Gram),Autumn     
Odisha,KHORDHA,Moong(Green Gram),Summer     
Odisha,KORAPUT,Moong(Green Gram),Autumn     
Odisha,MALKANGIRI,Moong(Green Gram),Summer     
Odisha,MAYURBHANJ,Moong(Green Gram),Autumn     
Odisha,NABARANGPUR,Moong(Green Gram),Summer     
Odisha,NAYAGARH,Moong(Green Gram),Summer     
Odisha,NUAPADA,Moong(Green Gram),Autumn     
Odisha,PURI,Moong(Green Gram),Summer     
Odisha,RAYAGADA,Moong(Green Gram),Autumn     
Odisha,SAMBALPUR,Moong(Green Gram),Autumn     
Odisha,SONEPUR,Moong(Green Gram),Autumn     
Odisha,SUNDARGARH,Moong(Green Gram),Autumn     
Odisha,ANUGUL,Niger seed,Rabi       
Odisha,BARGARH,Niger seed,Rabi       
Odisha,BOUDH,Niger seed,Kharif     
Odisha,DEOGARH,Niger seed,Kharif     
Odisha,GAJAPATI,Niger seed,Kharif     
Odisha,GANJAM,Niger seed,Kharif     
Odisha,JHARSUGUDA,Niger seed,Rabi       
Odisha,KALAHANDI,Niger seed,Kharif     
Odisha,KANDHAMAL,Niger seed,Kharif     
Odisha,KENDUJHAR,Niger seed,Kharif     
Odisha,KORAPUT,Niger seed,Kharif     
Odisha,MALKANGIRI,Niger seed,Kharif     
Odisha,MAYURBHANJ,Niger seed,Kharif     
Odisha,NABARANGPUR,Niger seed,Kharif     
Odisha,NUAPADA,Niger seed,Kharif     
Odisha,RAYAGADA,Niger seed,Kharif     
Odisha,SAMBALPUR,Niger seed,Kharif     
Odisha,SUNDARGARH,Niger seed,Rabi       
Odisha,ANUGUL,Onion,Whole Year 
Odisha,BALANGIR,Onion,Whole Year 
Odisha,BALESHWAR,Onion,Whole Year 
Odisha,BARGARH,Onion,Whole Year 
Odisha,BHADRAK,Onion,Whole Year 
Odisha,BOUDH,Onion,Whole Year 
Odisha,CUTTACK,Onion,Whole Year 
Odisha,DEOGARH,Onion,Whole Year 
Odisha,DHENKANAL,Onion,Whole Year 
Odisha,GAJAPATI,Onion,Whole Year 
Odisha,GANJAM,Onion,Whole Year 
Odisha,JAGATSINGHAPUR,Onion,Whole Year 
Odisha,JAJAPUR,Onion,Whole Year 
Odisha,JHARSUGUDA,Onion,Whole Year 
Odisha,KALAHANDI,Onion,Whole Year 
Odisha,KANDHAMAL,Onion,Whole Year 
Odisha,KENDRAPARA,Onion,Whole Year 
Odisha,KENDUJHAR,Onion,Whole Year 
Odisha,KHORDHA,Onion,Whole Year 
Odisha,KORAPUT,Onion,Whole Year 
Odisha,MALKANGIRI,Onion,Whole Year 
Odisha,MAYURBHANJ,Onion,Whole Year 
Odisha,NABARANGPUR,Onion,Whole Year 
Odisha,NAYAGARH,Onion,Whole Year 
Odisha,NUAPADA,Onion,Whole Year 
Odisha,PURI,Onion,Whole Year 
Odisha,RAYAGADA,Onion,Whole Year 
Odisha,SAMBALPUR,Onion,Whole Year 
Odisha,SONEPUR,Onion,Whole Year 
Odisha,SUNDARGARH,Onion,Whole Year 
Odisha,ANUGUL,Other  Rabi pulses,Rabi       
Odisha,BALANGIR,Other  Rabi pulses,Rabi       
Odisha,BALESHWAR,Other  Rabi pulses,Rabi       
Odisha,BARGARH,Other  Rabi pulses,Rabi       
Odisha,BHADRAK,Other  Rabi pulses,Rabi       
Odisha,BOUDH,Other  Rabi pulses,Rabi       
Odisha,CUTTACK,Other  Rabi pulses,Rabi       
Odisha,DEOGARH,Other  Rabi pulses,Rabi       
Odisha,DHENKANAL,Other  Rabi pulses,Rabi       
Odisha,GAJAPATI,Other  Rabi pulses,Rabi       
Odisha,GANJAM,Other  Rabi pulses,Rabi       
Odisha,JAGATSINGHAPUR,Other  Rabi pulses,Rabi       
Odisha,JAJAPUR,Other  Rabi pulses,Rabi       
Odisha,JHARSUGUDA,Other  Rabi pulses,Rabi       
Odisha,KALAHANDI,Other  Rabi pulses,Rabi       
Odisha,KANDHAMAL,Other  Rabi pulses,Rabi       
Odisha,KENDRAPARA,Other  Rabi pulses,Rabi       
Odisha,KENDUJHAR,Other  Rabi pulses,Rabi       
Odisha,KHORDHA,Other  Rabi pulses,Rabi       
Odisha,KORAPUT,Other  Rabi pulses,Rabi       
Odisha,MALKANGIRI,Other  Rabi pulses,Rabi       
Odisha,MAYURBHANJ,Other  Rabi pulses,Rabi       
Odisha,NABARANGPUR,Other  Rabi pulses,Rabi       
Odisha,NAYAGARH,Other  Rabi pulses,Rabi       
Odisha,NUAPADA,Other  Rabi pulses,Rabi       
Odisha,PURI,Other  Rabi pulses,Rabi       
Odisha,RAYAGADA,Other  Rabi pulses,Rabi       
Odisha,SAMBALPUR,Other  Rabi pulses,Rabi       
Odisha,SONEPUR,Other  Rabi pulses,Rabi       
Odisha,SUNDARGARH,Other  Rabi pulses,Rabi       
Odisha,ANUGUL,Other Kharif pulses,Kharif     
Odisha,BALANGIR,Other Kharif pulses,Kharif     
Odisha,BARGARH,Other Kharif pulses,Kharif     
Odisha,BOUDH,Other Kharif pulses,Kharif     
Odisha,CUTTACK,Other Kharif pulses,Kharif     
Odisha,GAJAPATI,Other Kharif pulses,Kharif     
Odisha,GANJAM,Other Kharif pulses,Kharif     
Odisha,JAGATSINGHAPUR,Other Kharif pulses,Kharif     
Odisha,JAJAPUR,Other Kharif pulses,Kharif     
Odisha,JHARSUGUDA,Other Kharif pulses,Kharif     
Odisha,KALAHANDI,Other Kharif pulses,Kharif     
Odisha,KANDHAMAL,Other Kharif pulses,Kharif     
Odisha,KENDUJHAR,Other Kharif pulses,Kharif     
Odisha,KHORDHA,Other Kharif pulses,Kharif     
Odisha,KORAPUT,Other Kharif pulses,Kharif     
Odisha,MALKANGIRI,Other Kharif pulses,Kharif     
Odisha,MAYURBHANJ,Other Kharif pulses,Kharif     
Odisha,NABARANGPUR,Other Kharif pulses,Kharif     
Odisha,NAYAGARH,Other Kharif pulses,Kharif     
Odisha,NUAPADA,Other Kharif pulses,Kharif     
Odisha,PURI,Other Kharif pulses,Kharif     
Odisha,RAYAGADA,Other Kharif pulses,Kharif     
Odisha,SAMBALPUR,Other Kharif pulses,Kharif     
Odisha,SONEPUR,Other Kharif pulses,Kharif     
Odisha,SUNDARGARH,Other Kharif pulses,Kharif     
Odisha,ANUGUL,Peas & beans (Pulses),Rabi       
Odisha,BALANGIR,Peas & beans (Pulses),Rabi       
Odisha,BALESHWAR,Peas & beans (Pulses),Rabi       
Odisha,BARGARH,Peas & beans (Pulses),Rabi       
Odisha,BHADRAK,Peas & beans (Pulses),Rabi       
Odisha,BOUDH,Peas & beans (Pulses),Rabi       
Odisha,CUTTACK,Peas & beans (Pulses),Rabi       
Odisha,DEOGARH,Peas & beans (Pulses),Rabi       
Odisha,DHENKANAL,Peas & beans (Pulses),Rabi       
Odisha,GAJAPATI,Peas & beans (Pulses),Rabi       
Odisha,GANJAM,Peas & beans (Pulses),Rabi       
Odisha,JAGATSINGHAPUR,Peas & beans (Pulses),Rabi       
Odisha,JAJAPUR,Peas & beans (Pulses),Rabi       
Odisha,JHARSUGUDA,Peas & beans (Pulses),Rabi       
Odisha,KALAHANDI,Peas & beans (Pulses),Rabi       
Odisha,KANDHAMAL,Peas & beans (Pulses),Rabi       
Odisha,KENDRAPARA,Peas & beans (Pulses),Rabi       
Odisha,KENDUJHAR,Peas & beans (Pulses),Rabi       
Odisha,KHORDHA,Peas & beans (Pulses),Rabi       
Odisha,KORAPUT,Peas & beans (Pulses),Rabi       
Odisha,MALKANGIRI,Peas & beans (Pulses),Rabi       
Odisha,MAYURBHANJ,Peas & beans (Pulses),Rabi       
Odisha,NABARANGPUR,Peas & beans (Pulses),Rabi       
Odisha,NAYAGARH,Peas & beans (Pulses),Rabi       
Odisha,NUAPADA,Peas & beans (Pulses),Rabi       
Odisha,PURI,Peas & beans (Pulses),Rabi       
Odisha,RAYAGADA,Peas & beans (Pulses),Rabi       
Odisha,SAMBALPUR,Peas & beans (Pulses),Rabi       
Odisha,SONEPUR,Peas & beans (Pulses),Rabi       
Odisha,SUNDARGARH,Peas & beans (Pulses),Rabi       
Odisha,ANUGUL,Potato,Whole Year 
Odisha,BALANGIR,Potato,Whole Year 
Odisha,BALESHWAR,Potato,Whole Year 
Odisha,BARGARH,Potato,Whole Year 
Odisha,BHADRAK,Potato,Whole Year 
Odisha,BOUDH,Potato,Whole Year 
Odisha,CUTTACK,Potato,Whole Year 
Odisha,DEOGARH,Potato,Whole Year 
Odisha,DHENKANAL,Potato,Whole Year 
Odisha,GAJAPATI,Potato,Whole Year 
Odisha,GANJAM,Potato,Whole Year 
Odisha,JAGATSINGHAPUR,Potato,Whole Year 
Odisha,JAJAPUR,Potato,Whole Year 
Odisha,JHARSUGUDA,Potato,Whole Year 
Odisha,KALAHANDI,Potato,Whole Year 
Odisha,KANDHAMAL,Potato,Whole Year 
Odisha,KENDRAPARA,Potato,Whole Year 
Odisha,KENDUJHAR,Potato,Whole Year 
Odisha,KHORDHA,Potato,Whole Year 
Odisha,KORAPUT,Potato,Whole Year 
Odisha,MALKANGIRI,Potato,Whole Year 
Odisha,MAYURBHANJ,Potato,Whole Year 
Odisha,NABARANGPUR,Potato,Whole Year 
Odisha,NAYAGARH,Potato,Whole Year 
Odisha,NUAPADA,Potato,Whole Year 
Odisha,PURI,Potato,Whole Year 
Odisha,RAYAGADA,Potato,Whole Year 
Odisha,SAMBALPUR,Potato,Whole Year 
Odisha,SONEPUR,Potato,Whole Year 
Odisha,SUNDARGARH,Potato,Whole Year 
Odisha,ANUGUL,Ragi,Autumn     
Odisha,BALANGIR,Ragi,Autumn     
Odisha,BALESHWAR,Ragi,Winter     
Odisha,BARGARH,Ragi,Autumn     
Odisha,BOUDH,Ragi,Autumn     
Odisha,CUTTACK,Ragi,Autumn     
Odisha,DEOGARH,Ragi,Autumn     
Odisha,DHENKANAL,Ragi,Autumn     
Odisha,GAJAPATI,Ragi,Autumn     
Odisha,GANJAM,Ragi,Autumn     
Odisha,JAGATSINGHAPUR,Ragi,Autumn     
Odisha,JAJAPUR,Ragi,Autumn     
Odisha,JHARSUGUDA,Ragi,Autumn     
Odisha,KALAHANDI,Ragi,Autumn     
Odisha,KANDHAMAL,Ragi,Autumn     
Odisha,KENDRAPARA,Ragi,Autumn     
Odisha,KENDUJHAR,Ragi,Autumn     
Odisha,KHORDHA,Ragi,Autumn     
Odisha,KORAPUT,Ragi,Autumn     
Odisha,MALKANGIRI,Ragi,Autumn     
Odisha,MAYURBHANJ,Ragi,Winter     
Odisha,NABARANGPUR,Ragi,Autumn     
Odisha,NAYAGARH,Ragi,Autumn     
Odisha,NUAPADA,Ragi,Autumn     
Odisha,PURI,Ragi,Autumn     
Odisha,RAYAGADA,Ragi,Autumn     
Odisha,SAMBALPUR,Ragi,Autumn     
Odisha,SONEPUR,Ragi,Autumn     
Odisha,SUNDARGARH,Ragi,Autumn     
Odisha,ANUGUL,Rapeseed &Mustard,Winter     
Odisha,BALANGIR,Rapeseed &Mustard,Winter     
Odisha,BALESHWAR,Rapeseed &Mustard,Winter     
Odisha,BARGARH,Rapeseed &Mustard,Winter     
Odisha,BHADRAK,Rapeseed &Mustard,Winter     
Odisha,BOUDH,Rapeseed &Mustard,Winter     
Odisha,CUTTACK,Rapeseed &Mustard,Winter     
Odisha,DEOGARH,Rapeseed &Mustard,Winter     
Odisha,DHENKANAL,Rapeseed &Mustard,Winter     
Odisha,GAJAPATI,Rapeseed &Mustard,Winter     
Odisha,GANJAM,Rapeseed &Mustard,Winter     
Odisha,JAGATSINGHAPUR,Rapeseed &Mustard,Winter     
Odisha,JAJAPUR,Rapeseed &Mustard,Winter     
Odisha,JHARSUGUDA,Rapeseed &Mustard,Winter     
Odisha,KALAHANDI,Rapeseed &Mustard,Winter     
Odisha,KANDHAMAL,Rapeseed &Mustard,Winter     
Odisha,KENDRAPARA,Rapeseed &Mustard,Winter     
Odisha,KENDUJHAR,Rapeseed &Mustard,Winter     
Odisha,KHORDHA,Rapeseed &Mustard,Winter     
Odisha,KORAPUT,Rapeseed &Mustard,Winter     
Odisha,MALKANGIRI,Rapeseed &Mustard,Winter     
Odisha,MAYURBHANJ,Rapeseed &Mustard,Winter     
Odisha,NABARANGPUR,Rapeseed &Mustard,Winter     
Odisha,NAYAGARH,Rapeseed &Mustard,Winter     
Odisha,NUAPADA,Rapeseed &Mustard,Winter     
Odisha,PURI,Rapeseed &Mustard,Winter     
Odisha,RAYAGADA,Rapeseed &Mustard,Winter     
Odisha,SAMBALPUR,Rapeseed &Mustard,Winter     
Odisha,SONEPUR,Rapeseed &Mustard,Winter     
Odisha,SUNDARGARH,Rapeseed &Mustard,Winter     
Odisha,ANUGUL,Rice,Autumn     
Odisha,BALANGIR,Rice,Autumn     
Odisha,BALESHWAR,Rice,Autumn     
Odisha,BARGARH,Rice,Autumn     
Odisha,BHADRAK,Rice,Autumn     
Odisha,BOUDH,Rice,Autumn     
Odisha,CUTTACK,Rice,Autumn     
Odisha,DEOGARH,Rice,Autumn     
Odisha,DHENKANAL,Rice,Autumn     
Odisha,GAJAPATI,Rice,Autumn     
Odisha,GANJAM,Rice,Autumn     
Odisha,JAGATSINGHAPUR,Rice,Autumn     
Odisha,JAJAPUR,Rice,Autumn     
Odisha,JHARSUGUDA,Rice,Autumn     
Odisha,KALAHANDI,Rice,Autumn     
Odisha,KANDHAMAL,Rice,Autumn     
Odisha,KENDRAPARA,Rice,Autumn     
Odisha,KENDUJHAR,Rice,Autumn     
Odisha,KHORDHA,Rice,Autumn     
Odisha,KORAPUT,Rice,Autumn     
Odisha,MALKANGIRI,Rice,Autumn     
Odisha,MAYURBHANJ,Rice,Autumn     
Odisha,NABARANGPUR,Rice,Autumn     
Odisha,NAYAGARH,Rice,Autumn     
Odisha,NUAPADA,Rice,Autumn     
Odisha,PURI,Rice,Autumn     
Odisha,RAYAGADA,Rice,Autumn     
Odisha,SAMBALPUR,Rice,Autumn     
Odisha,SONEPUR,Rice,Autumn     
Odisha,SUNDARGARH,Rice,Autumn     
Odisha,ANUGUL,Safflower,Rabi       
Odisha,BALANGIR,Safflower,Rabi       
Odisha,BALESHWAR,Safflower,Rabi       
Odisha,BARGARH,Safflower,Rabi       
Odisha,CUTTACK,Safflower,Rabi       
Odisha,DEOGARH,Safflower,Rabi       
Odisha,DHENKANAL,Safflower,Rabi       
Odisha,GANJAM,Safflower,Rabi       
Odisha,JAGATSINGHAPUR,Safflower,Rabi       
Odisha,JAJAPUR,Safflower,Rabi       
Odisha,JHARSUGUDA,Safflower,Rabi       
Odisha,KALAHANDI,Safflower,Rabi       
Odisha,KENDUJHAR,Safflower,Rabi       
Odisha,KHORDHA,Safflower,Rabi       
Odisha,KORAPUT,Safflower,Rabi       
Odisha,MAYURBHANJ,Safflower,Rabi       
Odisha,NABARANGPUR,Safflower,Rabi       
Odisha,NAYAGARH,Safflower,Rabi       
Odisha,NUAPADA,Safflower,Rabi       
Odisha,SAMBALPUR,Safflower,Rabi       
Odisha,SONEPUR,Safflower,Rabi       
Odisha,SUNDARGARH,Safflower,Rabi       
Odisha,ANUGUL,Sannhamp,Whole Year 
Odisha,BALANGIR,Sannhamp,Whole Year 
Odisha,BALESHWAR,Sannhamp,Whole Year 
Odisha,BARGARH,Sannhamp,Whole Year 
Odisha,BHADRAK,Sannhamp,Whole Year 
Odisha,DEOGARH,Sannhamp,Whole Year 
Odisha,DHENKANAL,Sannhamp,Whole Year 
Odisha,GAJAPATI,Sannhamp,Whole Year 
Odisha,GANJAM,Sannhamp,Whole Year 
Odisha,KALAHANDI,Sannhamp,Whole Year 
Odisha,KANDHAMAL,Sannhamp,Whole Year 
Odisha,KENDUJHAR,Sannhamp,Kharif     
Odisha,KORAPUT,Sannhamp,Whole Year 
Odisha,MAYURBHANJ,Sannhamp,Whole Year 
Odisha,NABARANGPUR,Sannhamp,Whole Year 
Odisha,NAYAGARH,Sannhamp,Whole Year 
Odisha,NUAPADA,Sannhamp,Whole Year 
Odisha,RAYAGADA,Sannhamp,Whole Year 
Odisha,SAMBALPUR,Sannhamp,Whole Year 
Odisha,SONEPUR,Sannhamp,Whole Year 
Odisha,SUNDARGARH,Sannhamp,Whole Year 
Odisha,ANUGUL,Sesamum,Autumn     
Odisha,BALANGIR,Sesamum,Autumn     
Odisha,BALESHWAR,Sesamum,Summer     
Odisha,BARGARH,Sesamum,Autumn     
Odisha,BHADRAK,Sesamum,Summer     
Odisha,BOUDH,Sesamum,Summer     
Odisha,CUTTACK,Sesamum,Summer     
Odisha,DEOGARH,Sesamum,Autumn     
Odisha,DHENKANAL,Sesamum,Autumn     
Odisha,GAJAPATI,Sesamum,Summer     
Odisha,GANJAM,Sesamum,Autumn     
Odisha,JAGATSINGHAPUR,Sesamum,Summer     
Odisha,JAJAPUR,Sesamum,Autumn     
Odisha,JHARSUGUDA,Sesamum,Autumn     
Odisha,KALAHANDI,Sesamum,Autumn     
Odisha,KANDHAMAL,Sesamum,Winter     
Odisha,KENDRAPARA,Sesamum,Summer     
Odisha,KENDUJHAR,Sesamum,Autumn     
Odisha,KHORDHA,Sesamum,Summer     
Odisha,KORAPUT,Sesamum,Autumn     
Odisha,MALKANGIRI,Sesamum,Winter     
Odisha,MAYURBHANJ,Sesamum,Autumn     
Odisha,NABARANGPUR,Sesamum,Winter     
Odisha,NAYAGARH,Sesamum,Autumn     
Odisha,NUAPADA,Sesamum,Autumn     
Odisha,PURI,Sesamum,Summer     
Odisha,RAYAGADA,Sesamum,Summer     
Odisha,SAMBALPUR,Sesamum,Autumn     
Odisha,SONEPUR,Sesamum,Autumn     
Odisha,SUNDARGARH,Sesamum,Autumn     
Odisha,ANUGUL,Small millets,Kharif     
Odisha,BALANGIR,Small millets,Kharif     
Odisha,BALESHWAR,Small millets,Kharif     
Odisha,BARGARH,Small millets,Kharif     
Odisha,BOUDH,Small millets,Kharif     
Odisha,DHENKANAL,Small millets,Kharif     
Odisha,GAJAPATI,Small millets,Kharif     
Odisha,GANJAM,Small millets,Kharif     
Odisha,KALAHANDI,Small millets,Kharif     
Odisha,KANDHAMAL,Small millets,Kharif     
Odisha,KENDUJHAR,Small millets,Kharif     
Odisha,KORAPUT,Small millets,Kharif     
Odisha,MALKANGIRI,Small millets,Kharif     
Odisha,MAYURBHANJ,Small millets,Kharif     
Odisha,NABARANGPUR,Small millets,Kharif     
Odisha,NAYAGARH,Small millets,Kharif     
Odisha,NUAPADA,Small millets,Kharif     
Odisha,RAYAGADA,Small millets,Kharif     
Odisha,SONEPUR,Small millets,Kharif     
Odisha,SUNDARGARH,Small millets,Kharif     
Odisha,NUAPADA,Soyabean,Kharif     
Odisha,ANUGUL,Sugarcane,Winter     
Odisha,BALANGIR,Sugarcane,Winter     
Odisha,BALESHWAR,Sugarcane,Winter     
Odisha,BARGARH,Sugarcane,Winter     
Odisha,BHADRAK,Sugarcane,Winter     
Odisha,BOUDH,Sugarcane,Winter     
Odisha,CUTTACK,Sugarcane,Winter     
Odisha,DEOGARH,Sugarcane,Winter     
Odisha,DHENKANAL,Sugarcane,Winter     
Odisha,GAJAPATI,Sugarcane,Winter     
Odisha,GANJAM,Sugarcane,Winter     
Odisha,JAGATSINGHAPUR,Sugarcane,Winter     
Odisha,JAJAPUR,Sugarcane,Winter     
Odisha,JHARSUGUDA,Sugarcane,Winter     
Odisha,KALAHANDI,Sugarcane,Winter     
Odisha,KANDHAMAL,Sugarcane,Winter     
Odisha,KENDRAPARA,Sugarcane,Winter     
Odisha,KENDUJHAR,Sugarcane,Winter     
Odisha,KHORDHA,Sugarcane,Winter     
Odisha,KORAPUT,Sugarcane,Winter     
Odisha,MALKANGIRI,Sugarcane,Winter     
Odisha,MAYURBHANJ,Sugarcane,Winter     
Odisha,NABARANGPUR,Sugarcane,Winter     
Odisha,NAYAGARH,Sugarcane,Winter     
Odisha,NUAPADA,Sugarcane,Winter     
Odisha,PURI,Sugarcane,Winter     
Odisha,RAYAGADA,Sugarcane,Winter     
Odisha,SAMBALPUR,Sugarcane,Winter     
Odisha,SONEPUR,Sugarcane,Winter     
Odisha,SUNDARGARH,Sugarcane,Winter     
Odisha,ANUGUL,Sunflower,Rabi       
Odisha,BALANGIR,Sunflower,Rabi       
Odisha,BALESHWAR,Sunflower,Rabi       
Odisha,BARGARH,Sunflower,Kharif     
Odisha,BHADRAK,Sunflower,Rabi       
Odisha,BOUDH,Sunflower,Rabi       
Odisha,CUTTACK,Sunflower,Rabi       
Odisha,DEOGARH,Sunflower,Rabi       
Odisha,DHENKANAL,Sunflower,Rabi       
Odisha,GAJAPATI,Sunflower,Rabi       
Odisha,GANJAM,Sunflower,Kharif     
Odisha,JAGATSINGHAPUR,Sunflower,Rabi       
Odisha,JAJAPUR,Sunflower,Rabi       
Odisha,JHARSUGUDA,Sunflower,Rabi       
Odisha,KALAHANDI,Sunflower,Rabi       
Odisha,KANDHAMAL,Sunflower,Rabi       
Odisha,KENDRAPARA,Sunflower,Rabi       
Odisha,KENDUJHAR,Sunflower,Rabi       
Odisha,KHORDHA,Sunflower,Rabi       
Odisha,KORAPUT,Sunflower,Rabi       
Odisha,MALKANGIRI,Sunflower,Rabi       
Odisha,MAYURBHANJ,Sunflower,Rabi       
Odisha,NABARANGPUR,Sunflower,Rabi       
Odisha,NAYAGARH,Sunflower,Rabi       
Odisha,NUAPADA,Sunflower,Kharif     
Odisha,PURI,Sunflower,Rabi       
Odisha,RAYAGADA,Sunflower,Rabi       
Odisha,SAMBALPUR,Sunflower,Rabi       
Odisha,SONEPUR,Sunflower,Rabi       
Odisha,SUNDARGARH,Sunflower,Rabi       
Odisha,ANUGUL,Sweet potato,Kharif     
Odisha,BALANGIR,Sweet potato,Kharif     
Odisha,BALESHWAR,Sweet potato,Kharif     
Odisha,BARGARH,Sweet potato,Kharif     
Odisha,BHADRAK,Sweet potato,Kharif     
Odisha,BOUDH,Sweet potato,Kharif     
Odisha,CUTTACK,Sweet potato,Kharif     
Odisha,DEOGARH,Sweet potato,Kharif     
Odisha,DHENKANAL,Sweet potato,Kharif     
Odisha,GAJAPATI,Sweet potato,Kharif     
Odisha,GANJAM,Sweet potato,Kharif     
Odisha,JAGATSINGHAPUR,Sweet potato,Kharif     
Odisha,JAJAPUR,Sweet potato,Kharif     
Odisha,JHARSUGUDA,Sweet potato,Kharif     
Odisha,KALAHANDI,Sweet potato,Kharif     
Odisha,KANDHAMAL,Sweet potato,Kharif     
Odisha,KENDRAPARA,Sweet potato,Rabi       
Odisha,KENDUJHAR,Sweet potato,Rabi       
Odisha,KHORDHA,Sweet potato,Kharif     
Odisha,KORAPUT,Sweet potato,Kharif     
Odisha,MALKANGIRI,Sweet potato,Kharif     
Odisha,MAYURBHANJ,Sweet potato,Kharif     
Odisha,NABARANGPUR,Sweet potato,Kharif     
Odisha,NAYAGARH,Sweet potato,Kharif     
Odisha,NUAPADA,Sweet potato,Kharif     
Odisha,PURI,Sweet potato,Kharif     
Odisha,RAYAGADA,Sweet potato,Kharif     
Odisha,SAMBALPUR,Sweet potato,Kharif     
Odisha,SONEPUR,Sweet potato,Kharif     
Odisha,SUNDARGARH,Sweet potato,Kharif     
Odisha,ANUGUL,Tobacco,Whole Year 
Odisha,BALANGIR,Tobacco,Whole Year 
Odisha,BOUDH,Tobacco,Whole Year 
Odisha,GAJAPATI,Tobacco,Whole Year 
Odisha,KALAHANDI,Tobacco,Whole Year 
Odisha,KANDHAMAL,Tobacco,Whole Year 
Odisha,KENDUJHAR,Tobacco,Whole Year 
Odisha,KORAPUT,Tobacco,Whole Year 
Odisha,MALKANGIRI,Tobacco,Whole Year 
Odisha,NABARANGPUR,Tobacco,Whole Year 
Odisha,NUAPADA,Tobacco,Whole Year 
Odisha,RAYAGADA,Tobacco,Whole Year 
Odisha,ANUGUL,Turmeric,Kharif     
Odisha,BALANGIR,Turmeric,Whole Year 
Odisha,BALESHWAR,Turmeric,Kharif     
Odisha,BARGARH,Turmeric,Kharif     
Odisha,BHADRAK,Turmeric,Kharif     
Odisha,BOUDH,Turmeric,Kharif     
Odisha,CUTTACK,Turmeric,Kharif     
Odisha,DEOGARH,Turmeric,Kharif     
Odisha,DHENKANAL,Turmeric,Kharif     
Odisha,GAJAPATI,Turmeric,Kharif     
Odisha,GANJAM,Turmeric,Kharif     
Odisha,JAGATSINGHAPUR,Turmeric,Kharif     
Odisha,JAJAPUR,Turmeric,Kharif     
Odisha,JHARSUGUDA,Turmeric,Kharif     
Odisha,KALAHANDI,Turmeric,Kharif     
Odisha,KANDHAMAL,Turmeric,Kharif     
Odisha,KENDRAPARA,Turmeric,Whole Year 
Odisha,KENDUJHAR,Turmeric,Kharif     
Odisha,KHORDHA,Turmeric,Whole Year 
Odisha,KORAPUT,Turmeric,Kharif     
Odisha,MALKANGIRI,Turmeric,Kharif     
Odisha,MAYURBHANJ,Turmeric,Kharif     
Odisha,NABARANGPUR,Turmeric,Kharif     
Odisha,NAYAGARH,Turmeric,Kharif     
Odisha,NUAPADA,Turmeric,Kharif     
Odisha,PURI,Turmeric,Whole Year 
Odisha,RAYAGADA,Turmeric,Kharif     
Odisha,SAMBALPUR,Turmeric,Kharif     
Odisha,SONEPUR,Turmeric,Whole Year 
Odisha,SUNDARGARH,Turmeric,Kharif     
Odisha,ANUGUL,Urad,Autumn     
Odisha,BALANGIR,Urad,Autumn     
Odisha,BALESHWAR,Urad,Autumn     
Odisha,BARGARH,Urad,Autumn     
Odisha,BHADRAK,Urad,Summer     
Odisha,BOUDH,Urad,Autumn     
Odisha,CUTTACK,Urad,Summer     
Odisha,DEOGARH,Urad,Autumn     
Odisha,DHENKANAL,Urad,Autumn     
Odisha,GAJAPATI,Urad,Winter     
Odisha,GANJAM,Urad,Autumn     
Odisha,JAGATSINGHAPUR,Urad,Summer     
Odisha,JAJAPUR,Urad,Autumn     
Odisha,JHARSUGUDA,Urad,Autumn     
Odisha,KALAHANDI,Urad,Autumn     
Odisha,KANDHAMAL,Urad,Autumn     
Odisha,KENDRAPARA,Urad,Summer     
Odisha,KENDUJHAR,Urad,Autumn     
Odisha,KHORDHA,Urad,Summer     
Odisha,KORAPUT,Urad,Autumn     
Odisha,MALKANGIRI,Urad,Summer     
Odisha,MAYURBHANJ,Urad,Autumn     
Odisha,NABARANGPUR,Urad,Autumn     
Odisha,NAYAGARH,Urad,Autumn     
Odisha,NUAPADA,Urad,Autumn     
Odisha,PURI,Urad,Summer     
Odisha,RAYAGADA,Urad,Autumn     
Odisha,SAMBALPUR,Urad,Autumn     
Odisha,SONEPUR,Urad,Autumn     
Odisha,SUNDARGARH,Urad,Autumn     
Odisha,ANUGUL,Wheat,Rabi       
Odisha,BALANGIR,Wheat,Rabi       
Odisha,BALESHWAR,Wheat,Rabi       
Odisha,BARGARH,Wheat,Rabi       
Odisha,BHADRAK,Wheat,Summer     
Odisha,BOUDH,Wheat,Rabi       
Odisha,CUTTACK,Wheat,Summer     
Odisha,DEOGARH,Wheat,Rabi       
Odisha,DHENKANAL,Wheat,Rabi       
Odisha,GAJAPATI,Wheat,Rabi       
Odisha,GANJAM,Wheat,Rabi       
Odisha,JAGATSINGHAPUR,Wheat,Summer     
Odisha,JAJAPUR,Wheat,Summer     
Odisha,JHARSUGUDA,Wheat,Summer     
Odisha,KALAHANDI,Wheat,Rabi       
Odisha,KANDHAMAL,Wheat,Rabi       
Odisha,KENDRAPARA,Wheat,Summer     
Odisha,KENDUJHAR,Wheat,Rabi       
Odisha,KHORDHA,Wheat,Summer     
Odisha,KORAPUT,Wheat,Rabi       
Odisha,MALKANGIRI,Wheat,Rabi       
Odisha,MAYURBHANJ,Wheat,Rabi       
Odisha,NABARANGPUR,Wheat,Rabi       
Odisha,NAYAGARH,Wheat,Rabi       
Odisha,NUAPADA,Wheat,Rabi       
Odisha,PURI,Wheat,Summer     
Odisha,RAYAGADA,Wheat,Rabi       
Odisha,SAMBALPUR,Wheat,Rabi       
Odisha,SONEPUR,Wheat,Summer     
Odisha,SUNDARGARH,Wheat,Rabi       
Puducherry,MAHE,Arecanut,Kharif     
Puducherry,KARAIKAL,Bajra,Kharif     
Puducherry,PONDICHERRY,Bajra,Kharif     
Puducherry,KARAIKAL,Banana,Whole Year 
Puducherry,MAHE,Banana,Whole Year 
Puducherry,PONDICHERRY,Banana,Whole Year 
Puducherry,YANAM,Banana,Whole Year 
Puducherry,MAHE,Black pepper,Kharif     
Puducherry,KARAIKAL,Cashewnut,Whole Year 
Puducherry,MAHE,Cashewnut,Whole Year 
Puducherry,PONDICHERRY,Cashewnut,Whole Year 
Puducherry,KARAIKAL,Coconut ,Whole Year 
Puducherry,MAHE,Coconut ,Whole Year 
Puducherry,PONDICHERRY,Coconut ,Whole Year 
Puducherry,YANAM,Coconut ,Whole Year 
Puducherry,YANAM,Coriander,Kharif     
Puducherry,KARAIKAL,Cotton(lint),Summer     
Puducherry,PONDICHERRY,Cotton(lint),Summer     
Puducherry,KARAIKAL,Dry chillies,Kharif     
Puducherry,MAHE,Dry chillies,Whole Year 
Puducherry,PONDICHERRY,Dry chillies,Kharif     
Puducherry,YANAM,Dry chillies,Whole Year 
Puducherry,KARAIKAL,Ginger,Kharif     
Puducherry,MAHE,Ginger,Kharif     
Puducherry,PONDICHERRY,Ginger,Kharif     
Puducherry,YANAM,Ginger,Kharif     
Puducherry,KARAIKAL,Groundnut,Rabi       
Puducherry,MAHE,Groundnut,Kharif     
Puducherry,PONDICHERRY,Groundnut,Rabi       
Puducherry,KARAIKAL,Jowar,Kharif     
Puducherry,PONDICHERRY,Jowar,Summer     
Puducherry,KARAIKAL,Moong(Green Gram),Rabi       
Puducherry,MAHE,Moong(Green Gram),Rabi       
Puducherry,PONDICHERRY,Moong(Green Gram),Rabi       
Puducherry,YANAM,Moong(Green Gram),Rabi       
Puducherry,PONDICHERRY,Onion,Kharif     
Puducherry,YANAM,Onion,Whole Year 
Puducherry,KARAIKAL,Other  Rabi pulses,Rabi       
Puducherry,PONDICHERRY,Other  Rabi pulses,Rabi       
Puducherry,YANAM,Other  Rabi pulses,Rabi       
Puducherry,PONDICHERRY,Other Cereals,Kharif     
Puducherry,PONDICHERRY,Other Kharif pulses,Kharif     
Puducherry,YANAM,Other Kharif pulses,Kharif     
Puducherry,PONDICHERRY,Other Summer Pulses,Summer     
Puducherry,KARAIKAL,Ragi,Kharif     
Puducherry,PONDICHERRY,Ragi,Kharif     
Puducherry,YANAM,Ragi,Kharif     
Puducherry,KARAIKAL,Rapeseed &Mustard,Rabi       
Puducherry,MAHE,Rapeseed &Mustard,Rabi       
Puducherry,PONDICHERRY,Rapeseed &Mustard,Rabi       
Puducherry,KARAIKAL,Rice,Kharif     
Puducherry,MAHE,Rice,Rabi       
Puducherry,PONDICHERRY,Rice,Kharif     
Puducherry,YANAM,Rice,Kharif     
Puducherry,KARAIKAL,Sesamum,Kharif     
Puducherry,PONDICHERRY,Sesamum,Kharif     
Puducherry,YANAM,Sesamum,Kharif     
Puducherry,PONDICHERRY,Small millets,Kharif     
Puducherry,KARAIKAL,Sugarcane,Kharif     
Puducherry,PONDICHERRY,Sugarcane,Kharif     
Puducherry,KARAIKAL,Sunflower,Kharif     
Puducherry,PONDICHERRY,Sunflower,Kharif     
Puducherry,PONDICHERRY,Sweet potato,Rabi       
Puducherry,KARAIKAL,Tapioca,Whole Year 
Puducherry,MAHE,Tapioca,Kharif     
Puducherry,PONDICHERRY,Tapioca,Kharif     
Puducherry,MAHE,Tobacco,Rabi       
Puducherry,PONDICHERRY,Tobacco,Rabi       
Puducherry,PONDICHERRY,Turmeric,Rabi       
Puducherry,KARAIKAL,Urad,Rabi       
Puducherry,MAHE,Urad,Kharif     
Puducherry,PONDICHERRY,Urad,Rabi       
Puducherry,YANAM,Urad,Rabi       
Punjab,AMRITSAR,Arhar/Tur,Kharif     
Punjab,BARNALA,Arhar/Tur,Kharif     
Punjab,BATHINDA,Arhar/Tur,Kharif     
Punjab,FARIDKOT,Arhar/Tur,Kharif     
Punjab,FATEHGARH SAHIB,Arhar/Tur,Kharif     
Punjab,FAZILKA,Arhar/Tur,Kharif     
Punjab,FIROZEPUR,Arhar/Tur,Kharif     
Punjab,GURDASPUR,Arhar/Tur,Kharif     
Punjab,HOSHIARPUR,Arhar/Tur,Kharif     
Punjab,JALANDHAR,Arhar/Tur,Kharif     
Punjab,KAPURTHALA,Arhar/Tur,Kharif     
Punjab,LUDHIANA,Arhar/Tur,Kharif     
Punjab,MANSA,Arhar/Tur,Kharif     
Punjab,MOGA,Arhar/Tur,Kharif     
Punjab,MUKTSAR,Arhar/Tur,Kharif     
Punjab,PATIALA,Arhar/Tur,Kharif     
Punjab,RUPNAGAR,Arhar/Tur,Kharif     
Punjab,S NAGAR,Arhar/Tur,Kharif     
Punjab,SANGRUR,Arhar/Tur,Kharif     
Punjab,SHAHID BHAGAT SINGH NAGAR,Arhar/Tur,Kharif     
Punjab,TARN TARAN,Arhar/Tur,Kharif     
Punjab,AMRITSAR,Bajra,Kharif     
Punjab,BATHINDA,Bajra,Kharif     
Punjab,FARIDKOT,Bajra,Kharif     
Punjab,FATEHGARH SAHIB,Bajra,Kharif     
Punjab,FAZILKA,Bajra,Kharif     
Punjab,FIROZEPUR,Bajra,Kharif     
Punjab,GURDASPUR,Bajra,Kharif     
Punjab,HOSHIARPUR,Bajra,Kharif     
Punjab,KAPURTHALA,Bajra,Kharif     
Punjab,LUDHIANA,Bajra,Kharif     
Punjab,MANSA,Bajra,Kharif     
Punjab,MOGA,Bajra,Kharif     
Punjab,MUKTSAR,Bajra,Kharif     
Punjab,RUPNAGAR,Bajra,Kharif     
Punjab,S NAGAR,Bajra,Kharif     
Punjab,SANGRUR,Bajra,Kharif     
Punjab,TARN TARAN,Bajra,Kharif     
Punjab,BARNALA,Barley,Rabi       
Punjab,BATHINDA,Barley,Rabi       
Punjab,FARIDKOT,Barley,Rabi       
Punjab,FATEHGARH SAHIB,Barley,Rabi       
Punjab,FAZILKA,Barley,Rabi       
Punjab,FIROZEPUR,Barley,Rabi       
Punjab,JALANDHAR,Barley,Rabi       
Punjab,KAPURTHALA,Barley,Rabi       
Punjab,LUDHIANA,Barley,Rabi       
Punjab,MANSA,Barley,Rabi       
Punjab,MOGA,Barley,Rabi       
Punjab,MUKTSAR,Barley,Rabi       
Punjab,PATHANKOT,Barley,Rabi       
Punjab,PATIALA,Barley,Rabi       
Punjab,RUPNAGAR,Barley,Rabi       
Punjab,S NAGAR,Barley,Rabi       
Punjab,SANGRUR,Barley,Rabi       
Punjab,SHAHID BHAGAT SINGH NAGAR,Barley,Rabi       
Punjab,AMRITSAR,Cotton(lint),Whole Year 
Punjab,BARNALA,Cotton(lint),Kharif     
Punjab,BATHINDA,Cotton(lint),Whole Year 
Punjab,FARIDKOT,Cotton(lint),Whole Year 
Punjab,FAZILKA,Cotton(lint),Kharif     
Punjab,FIROZEPUR,Cotton(lint),Whole Year 
Punjab,JALANDHAR,Cotton(lint),Kharif     
Punjab,LUDHIANA,Cotton(lint),Whole Year 
Punjab,MANSA,Cotton(lint),Whole Year 
Punjab,MOGA,Cotton(lint),Whole Year 
Punjab,MUKTSAR,Cotton(lint),Whole Year 
Punjab,PATIALA,Cotton(lint),Whole Year 
Punjab,SANGRUR,Cotton(lint),Whole Year 
Punjab,TARN TARAN,Cotton(lint),Kharif     
Punjab,AMRITSAR,Gram,Rabi       
Punjab,BARNALA,Gram,Rabi       
Punjab,BATHINDA,Gram,Rabi       
Punjab,FARIDKOT,Gram,Rabi       
Punjab,FATEHGARH SAHIB,Gram,Rabi       
Punjab,FAZILKA,Gram,Rabi       
Punjab,FIROZEPUR,Gram,Rabi       
Punjab,GURDASPUR,Gram,Rabi       
Punjab,HOSHIARPUR,Gram,Rabi       
Punjab,JALANDHAR,Gram,Rabi       
Punjab,KAPURTHALA,Gram,Rabi       
Punjab,LUDHIANA,Gram,Rabi       
Punjab,MANSA,Gram,Rabi       
Punjab,MOGA,Gram,Rabi       
Punjab,MUKTSAR,Gram,Rabi       
Punjab,PATHANKOT,Gram,Rabi       
Punjab,PATIALA,Gram,Rabi       
Punjab,RUPNAGAR,Gram,Rabi       
Punjab,S NAGAR,Gram,Rabi       
Punjab,SANGRUR,Gram,Rabi       
Punjab,SHAHID BHAGAT SINGH NAGAR,Gram,Rabi       
Punjab,TARN TARAN,Gram,Rabi       
Punjab,BATHINDA,Groundnut,Kharif     
Punjab,FARIDKOT,Groundnut,Kharif     
Punjab,FAZILKA,Groundnut,Kharif     
Punjab,FIROZEPUR,Groundnut,Kharif     
Punjab,HOSHIARPUR,Groundnut,Kharif     
Punjab,JALANDHAR,Groundnut,Kharif     
Punjab,LUDHIANA,Groundnut,Kharif     
Punjab,MANSA,Groundnut,Kharif     
Punjab,MUKTSAR,Groundnut,Kharif     
Punjab,RUPNAGAR,Groundnut,Kharif     
Punjab,SANGRUR,Groundnut,Kharif     
Punjab,BARNALA,Guar seed,Kharif     
Punjab,BATHINDA,Guar seed,Whole Year 
Punjab,FARIDKOT,Guar seed,Whole Year 
Punjab,FAZILKA,Guar seed,Kharif     
Punjab,FIROZEPUR,Guar seed,Whole Year 
Punjab,MANSA,Guar seed,Whole Year 
Punjab,MOGA,Guar seed,Whole Year 
Punjab,MUKTSAR,Guar seed,Whole Year 
Punjab,PATIALA,Guar seed,Whole Year 
Punjab,SANGRUR,Guar seed,Whole Year 
Punjab,SHAHID BHAGAT SINGH NAGAR,Guar seed,Kharif     
Punjab,FIROZEPUR,Jowar,Kharif     
Punjab,GURDASPUR,Linseed,Rabi       
Punjab,HOSHIARPUR,Linseed,Rabi       
Punjab,JALANDHAR,Linseed,Rabi       
Punjab,RUPNAGAR,Linseed,Rabi       
Punjab,SHAHID BHAGAT SINGH NAGAR,Linseed,Rabi       
Punjab,AMRITSAR,Maize,Kharif     
Punjab,BARNALA,Maize,Kharif     
Punjab,BATHINDA,Maize,Kharif     
Punjab,FATEHGARH SAHIB,Maize,Kharif     
Punjab,FAZILKA,Maize,Kharif     
Punjab,FIROZEPUR,Maize,Kharif     
Punjab,GURDASPUR,Maize,Kharif     
Punjab,HOSHIARPUR,Maize,Kharif     
Punjab,JALANDHAR,Maize,Kharif     
Punjab,KAPURTHALA,Maize,Kharif     
Punjab,LUDHIANA,Maize,Kharif     
Punjab,MANSA,Maize,Kharif     
Punjab,MOGA,Maize,Kharif     
Punjab,MUKTSAR,Maize,Kharif     
Punjab,PATHANKOT,Maize,Kharif     
Punjab,PATIALA,Maize,Kharif     
Punjab,RUPNAGAR,Maize,Kharif     
Punjab,S NAGAR,Maize,Kharif     
Punjab,SANGRUR,Maize,Kharif     
Punjab,SHAHID BHAGAT SINGH NAGAR,Maize,Kharif     
Punjab,TARN TARAN,Maize,Kharif     
Punjab,AMRITSAR,Masoor,Rabi       
Punjab,FATEHGARH SAHIB,Masoor,Rabi       
Punjab,FIROZEPUR,Masoor,Rabi       
Punjab,GURDASPUR,Masoor,Rabi       
Punjab,HOSHIARPUR,Masoor,Rabi       
Punjab,JALANDHAR,Masoor,Rabi       
Punjab,KAPURTHALA,Masoor,Rabi       
Punjab,MANSA,Masoor,Rabi       
Punjab,PATHANKOT,Masoor,Rabi       
Punjab,PATIALA,Masoor,Rabi       
Punjab,RUPNAGAR,Masoor,Rabi       
Punjab,S NAGAR,Masoor,Rabi       
Punjab,SANGRUR,Masoor,Rabi       
Punjab,SHAHID BHAGAT SINGH NAGAR,Masoor,Rabi       
Punjab,TARN TARAN,Masoor,Rabi       
Punjab,AMRITSAR,Moong(Green Gram),Whole Year 
Punjab,BARNALA,Moong(Green Gram),Kharif     
Punjab,BATHINDA,Moong(Green Gram),Whole Year 
Punjab,FARIDKOT,Moong(Green Gram),Whole Year 
Punjab,FATEHGARH SAHIB,Moong(Green Gram),Rabi       
Punjab,FAZILKA,Moong(Green Gram),Kharif     
Punjab,FIROZEPUR,Moong(Green Gram),Whole Year 
Punjab,GURDASPUR,Moong(Green Gram),Kharif     
Punjab,HOSHIARPUR,Moong(Green Gram),Kharif     
Punjab,JALANDHAR,Moong(Green Gram),Whole Year 
Punjab,KAPURTHALA,Moong(Green Gram),Whole Year 
Punjab,LUDHIANA,Moong(Green Gram),Whole Year 
Punjab,MANSA,Moong(Green Gram),Whole Year 
Punjab,MOGA,Moong(Green Gram),Whole Year 
Punjab,MUKTSAR,Moong(Green Gram),Whole Year 
Punjab,PATHANKOT,Moong(Green Gram),Rabi       
Punjab,PATIALA,Moong(Green Gram),Whole Year 
Punjab,RUPNAGAR,Moong(Green Gram),Kharif     
Punjab,S NAGAR,Moong(Green Gram),Rabi       
Punjab,SANGRUR,Moong(Green Gram),Whole Year 
Punjab,SHAHID BHAGAT SINGH NAGAR,Moong(Green Gram),Kharif     
Punjab,TARN TARAN,Moong(Green Gram),Kharif     
Punjab,BATHINDA,Moth,Kharif     
Punjab,FIROZEPUR,Moth,Kharif     
Punjab,GURDASPUR,Moth,Kharif     
Punjab,LUDHIANA,Moth,Kharif     
Punjab,MUKTSAR,Moth,Kharif     
Punjab,SANGRUR,Moth,Kharif     
Punjab,AMRITSAR,Other  Rabi pulses,Rabi       
Punjab,FATEHGARH SAHIB,Other  Rabi pulses,Rabi       
Punjab,FIROZEPUR,Other  Rabi pulses,Rabi       
Punjab,GURDASPUR,Other  Rabi pulses,Rabi       
Punjab,HOSHIARPUR,Other  Rabi pulses,Rabi       
Punjab,JALANDHAR,Other  Rabi pulses,Rabi       
Punjab,KAPURTHALA,Other  Rabi pulses,Rabi       
Punjab,LUDHIANA,Other  Rabi pulses,Rabi       
Punjab,MUKTSAR,Other  Rabi pulses,Rabi       
Punjab,PATIALA,Other  Rabi pulses,Rabi       
Punjab,SANGRUR,Other  Rabi pulses,Rabi       
Punjab,FAZILKA,other oilseeds,Rabi       
Punjab,HOSHIARPUR,other oilseeds,Rabi       
Punjab,RUPNAGAR,other oilseeds,Rabi       
Punjab,S NAGAR,other oilseeds,Rabi       
Punjab,SHAHID BHAGAT SINGH NAGAR,other oilseeds,Rabi       
Punjab,AMRITSAR,Peas & beans (Pulses),Rabi       
Punjab,FIROZEPUR,Peas & beans (Pulses),Rabi       
Punjab,GURDASPUR,Peas & beans (Pulses),Rabi       
Punjab,HOSHIARPUR,Peas & beans (Pulses),Rabi       
Punjab,JALANDHAR,Peas & beans (Pulses),Rabi       
Punjab,KAPURTHALA,Peas & beans (Pulses),Rabi       
Punjab,LUDHIANA,Peas & beans (Pulses),Rabi       
Punjab,MANSA,Peas & beans (Pulses),Rabi       
Punjab,MOGA,Peas & beans (Pulses),Rabi       
Punjab,MUKTSAR,Peas & beans (Pulses),Rabi       
Punjab,PATIALA,Peas & beans (Pulses),Rabi       
Punjab,RUPNAGAR,Peas & beans (Pulses),Rabi       
Punjab,SANGRUR,Peas & beans (Pulses),Rabi       
Punjab,SHAHID BHAGAT SINGH NAGAR,Peas & beans (Pulses),Rabi       
Punjab,TARN TARAN,Peas & beans (Pulses),Rabi       
Punjab,AMRITSAR,Rapeseed &Mustard,Rabi       
Punjab,BARNALA,Rapeseed &Mustard,Rabi       
Punjab,BATHINDA,Rapeseed &Mustard,Rabi       
Punjab,FARIDKOT,Rapeseed &Mustard,Rabi       
Punjab,FATEHGARH SAHIB,Rapeseed &Mustard,Rabi       
Punjab,FAZILKA,Rapeseed &Mustard,Rabi       
Punjab,FIROZEPUR,Rapeseed &Mustard,Rabi       
Punjab,GURDASPUR,Rapeseed &Mustard,Rabi       
Punjab,HOSHIARPUR,Rapeseed &Mustard,Rabi       
Punjab,JALANDHAR,Rapeseed &Mustard,Rabi       
Punjab,KAPURTHALA,Rapeseed &Mustard,Rabi       
Punjab,LUDHIANA,Rapeseed &Mustard,Rabi       
Punjab,MANSA,Rapeseed &Mustard,Rabi       
Punjab,MOGA,Rapeseed &Mustard,Rabi       
Punjab,MUKTSAR,Rapeseed &Mustard,Rabi       
Punjab,PATHANKOT,Rapeseed &Mustard,Rabi       
Punjab,PATIALA,Rapeseed &Mustard,Rabi       
Punjab,RUPNAGAR,Rapeseed &Mustard,Rabi       
Punjab,S NAGAR,Rapeseed &Mustard,Rabi       
Punjab,SANGRUR,Rapeseed &Mustard,Rabi       
Punjab,SHAHID BHAGAT SINGH NAGAR,Rapeseed &Mustard,Rabi       
Punjab,TARN TARAN,Rapeseed &Mustard,Rabi       
Punjab,AMRITSAR,Rice,Kharif     
Punjab,BARNALA,Rice,Kharif     
Punjab,BATHINDA,Rice,Kharif     
Punjab,FARIDKOT,Rice,Kharif     
Punjab,FATEHGARH SAHIB,Rice,Kharif     
Punjab,FAZILKA,Rice,Kharif     
Punjab,FIROZEPUR,Rice,Kharif     
Punjab,GURDASPUR,Rice,Kharif     
Punjab,HOSHIARPUR,Rice,Kharif     
Punjab,JALANDHAR,Rice,Kharif     
Punjab,KAPURTHALA,Rice,Kharif     
Punjab,LUDHIANA,Rice,Kharif     
Punjab,MANSA,Rice,Kharif     
Punjab,MOGA,Rice,Kharif     
Punjab,MUKTSAR,Rice,Kharif     
Punjab,PATHANKOT,Rice,Kharif     
Punjab,PATIALA,Rice,Kharif     
Punjab,RUPNAGAR,Rice,Kharif     
Punjab,S NAGAR,Rice,Kharif     
Punjab,SANGRUR,Rice,Kharif     
Punjab,SHAHID BHAGAT SINGH NAGAR,Rice,Kharif     
Punjab,TARN TARAN,Rice,Kharif     
Punjab,AMRITSAR,Sesamum,Kharif     
Punjab,BATHINDA,Sesamum,Kharif     
Punjab,FARIDKOT,Sesamum,Kharif     
Punjab,FAZILKA,Sesamum,Kharif     
Punjab,FIROZEPUR,Sesamum,Kharif     
Punjab,GURDASPUR,Sesamum,Kharif     
Punjab,HOSHIARPUR,Sesamum,Kharif     
Punjab,JALANDHAR,Sesamum,Kharif     
Punjab,KAPURTHALA,Sesamum,Kharif     
Punjab,LUDHIANA,Sesamum,Kharif     
Punjab,MANSA,Sesamum,Kharif     
Punjab,MOGA,Sesamum,Kharif     
Punjab,MUKTSAR,Sesamum,Kharif     
Punjab,PATHANKOT,Sesamum,Kharif     
Punjab,RUPNAGAR,Sesamum,Kharif     
Punjab,S NAGAR,Sesamum,Kharif     
Punjab,SANGRUR,Sesamum,Kharif     
Punjab,SHAHID BHAGAT SINGH NAGAR,Sesamum,Kharif     
Punjab,TARN TARAN,Sesamum,Kharif     
Punjab,AMRITSAR,Sugarcane,Whole Year 
Punjab,BARNALA,Sugarcane,Whole Year 
Punjab,BATHINDA,Sugarcane,Whole Year 
Punjab,FARIDKOT,Sugarcane,Whole Year 
Punjab,FATEHGARH SAHIB,Sugarcane,Whole Year 
Punjab,FAZILKA,Sugarcane,Whole Year 
Punjab,FIROZEPUR,Sugarcane,Whole Year 
Punjab,GURDASPUR,Sugarcane,Whole Year 
Punjab,HOSHIARPUR,Sugarcane,Whole Year 
Punjab,JALANDHAR,Sugarcane,Whole Year 
Punjab,KAPURTHALA,Sugarcane,Whole Year 
Punjab,LUDHIANA,Sugarcane,Whole Year 
Punjab,MANSA,Sugarcane,Whole Year 
Punjab,MOGA,Sugarcane,Whole Year 
Punjab,MUKTSAR,Sugarcane,Whole Year 
Punjab,PATHANKOT,Sugarcane,Whole Year 
Punjab,PATIALA,Sugarcane,Whole Year 
Punjab,RUPNAGAR,Sugarcane,Whole Year 
Punjab,S NAGAR,Sugarcane,Whole Year 
Punjab,SANGRUR,Sugarcane,Whole Year 
Punjab,SHAHID BHAGAT SINGH NAGAR,Sugarcane,Whole Year 
Punjab,TARN TARAN,Sugarcane,Whole Year 
Punjab,AMRITSAR,Sunflower,Rabi       
Punjab,FATEHGARH SAHIB,Sunflower,Rabi       
Punjab,HOSHIARPUR,Sunflower,Rabi       
Punjab,JALANDHAR,Sunflower,Rabi       
Punjab,KAPURTHALA,Sunflower,Rabi       
Punjab,LUDHIANA,Sunflower,Rabi       
Punjab,PATIALA,Sunflower,Rabi       
Punjab,RUPNAGAR,Sunflower,Rabi       
Punjab,S NAGAR,Sunflower,Rabi       
Punjab,SANGRUR,Sunflower,Rabi       
Punjab,SHAHID BHAGAT SINGH NAGAR,Sunflower,Rabi       
Punjab,TARN TARAN,Sunflower,Rabi       
Punjab,AMRITSAR,Urad,Kharif     
Punjab,GURDASPUR,Urad,Kharif     
Punjab,HOSHIARPUR,Urad,Kharif     
Punjab,JALANDHAR,Urad,Kharif     
Punjab,PATHANKOT,Urad,Kharif     
Punjab,PATIALA,Urad,Kharif     
Punjab,RUPNAGAR,Urad,Kharif     
Punjab,S NAGAR,Urad,Kharif     
Punjab,SHAHID BHAGAT SINGH NAGAR,Urad,Kharif     
Punjab,TARN TARAN,Urad,Kharif     
Punjab,AMRITSAR,Wheat,Rabi       
Punjab,BARNALA,Wheat,Rabi       
Punjab,BATHINDA,Wheat,Rabi       
Punjab,FARIDKOT,Wheat,Rabi       
Punjab,FATEHGARH SAHIB,Wheat,Rabi       
Punjab,FAZILKA,Wheat,Rabi       
Punjab,FIROZEPUR,Wheat,Rabi       
Punjab,GURDASPUR,Wheat,Rabi       
Punjab,HOSHIARPUR,Wheat,Rabi       
Punjab,JALANDHAR,Wheat,Rabi       
Punjab,KAPURTHALA,Wheat,Rabi       
Punjab,LUDHIANA,Wheat,Rabi       
Punjab,MANSA,Wheat,Rabi       
Punjab,MOGA,Wheat,Rabi       
Punjab,MUKTSAR,Wheat,Rabi       
Punjab,PATHANKOT,Wheat,Rabi       
Punjab,PATIALA,Wheat,Rabi       
Punjab,RUPNAGAR,Wheat,Rabi       
Punjab,S NAGAR,Wheat,Rabi       
Punjab,SANGRUR,Wheat,Rabi       
Punjab,SHAHID BHAGAT SINGH NAGAR,Wheat,Rabi       
Punjab,TARN TARAN,Wheat,Rabi       
Rajasthan,AJMER,Arhar/Tur,Kharif     
Rajasthan,ALWAR,Arhar/Tur,Kharif     
Rajasthan,BANSWARA,Arhar/Tur,Kharif     
Rajasthan,BARAN,Arhar/Tur,Kharif     
Rajasthan,BARMER,Arhar/Tur,Kharif     
Rajasthan,BHARATPUR,Arhar/Tur,Kharif     
Rajasthan,BHILWARA,Arhar/Tur,Kharif     
Rajasthan,BIKANER,Arhar/Tur,Kharif     
Rajasthan,BUNDI,Arhar/Tur,Kharif     
Rajasthan,CHITTORGARH,Arhar/Tur,Kharif     
Rajasthan,DAUSA,Arhar/Tur,Kharif     
Rajasthan,DHOLPUR,Arhar/Tur,Kharif     
Rajasthan,DUNGARPUR,Arhar/Tur,Kharif     
Rajasthan,GANGANAGAR,Arhar/Tur,Kharif     
Rajasthan,HANUMANGARH,Arhar/Tur,Kharif     
Rajasthan,JAIPUR,Arhar/Tur,Kharif     
Rajasthan,JAISALMER,Arhar/Tur,Kharif     
Rajasthan,JALORE,Arhar/Tur,Kharif     
Rajasthan,JHALAWAR,Arhar/Tur,Kharif     
Rajasthan,JHUNJHUNU,Arhar/Tur,Kharif     
Rajasthan,JODHPUR,Arhar/Tur,Kharif     
Rajasthan,KARAULI,Arhar/Tur,Kharif     
Rajasthan,KOTA,Arhar/Tur,Kharif     
Rajasthan,NAGAUR,Arhar/Tur,Kharif     
Rajasthan,PALI,Arhar/Tur,Kharif     
Rajasthan,PRATAPGARH,Arhar/Tur,Kharif     
Rajasthan,RAJSAMAND,Arhar/Tur,Kharif     
Rajasthan,SAWAI MADHOPUR,Arhar/Tur,Kharif     
Rajasthan,SIKAR,Arhar/Tur,Kharif     
Rajasthan,SIROHI,Arhar/Tur,Kharif     
Rajasthan,TONK,Arhar/Tur,Kharif     
Rajasthan,UDAIPUR,Arhar/Tur,Kharif     
Rajasthan,AJMER,Bajra,Kharif     
Rajasthan,ALWAR,Bajra,Kharif     
Rajasthan,BANSWARA,Bajra,Kharif     
Rajasthan,BARAN,Bajra,Kharif     
Rajasthan,BARMER,Bajra,Kharif     
Rajasthan,BHARATPUR,Bajra,Kharif     
Rajasthan,BHILWARA,Bajra,Kharif     
Rajasthan,BIKANER,Bajra,Kharif     
Rajasthan,BUNDI,Bajra,Kharif     
Rajasthan,CHITTORGARH,Bajra,Kharif     
Rajasthan,CHURU,Bajra,Kharif     
Rajasthan,DAUSA,Bajra,Kharif     
Rajasthan,DHOLPUR,Bajra,Kharif     
Rajasthan,DUNGARPUR,Bajra,Kharif     
Rajasthan,GANGANAGAR,Bajra,Kharif     
Rajasthan,HANUMANGARH,Bajra,Kharif     
Rajasthan,JAIPUR,Bajra,Kharif     
Rajasthan,JAISALMER,Bajra,Kharif     
Rajasthan,JALORE,Bajra,Kharif     
Rajasthan,JHALAWAR,Bajra,Kharif     
Rajasthan,JHUNJHUNU,Bajra,Kharif     
Rajasthan,JODHPUR,Bajra,Kharif     
Rajasthan,KARAULI,Bajra,Kharif     
Rajasthan,KOTA,Bajra,Kharif     
Rajasthan,NAGAUR,Bajra,Kharif     
Rajasthan,PALI,Bajra,Kharif     
Rajasthan,PRATAPGARH,Bajra,Kharif     
Rajasthan,RAJSAMAND,Bajra,Kharif     
Rajasthan,SAWAI MADHOPUR,Bajra,Kharif     
Rajasthan,SIKAR,Bajra,Kharif     
Rajasthan,SIROHI,Bajra,Kharif     
Rajasthan,TONK,Bajra,Kharif     
Rajasthan,UDAIPUR,Bajra,Kharif     
Rajasthan,ALWAR,Banana,Whole Year 
Rajasthan,BANSWARA,Banana,Whole Year 
Rajasthan,BARAN,Banana,Whole Year 
Rajasthan,BHILWARA,Banana,Whole Year 
Rajasthan,BIKANER,Banana,Whole Year 
Rajasthan,CHITTORGARH,Banana,Whole Year 
Rajasthan,DUNGARPUR,Banana,Whole Year 
Rajasthan,JHALAWAR,Banana,Whole Year 
Rajasthan,JODHPUR,Banana,Whole Year 
Rajasthan,KARAULI,Banana,Whole Year 
Rajasthan,KOTA,Banana,Whole Year 
Rajasthan,NAGAUR,Banana,Whole Year 
Rajasthan,PALI,Banana,Whole Year 
Rajasthan,PRATAPGARH,Banana,Whole Year 
Rajasthan,RAJSAMAND,Banana,Whole Year 
Rajasthan,SIROHI,Banana,Whole Year 
Rajasthan,TONK,Banana,Whole Year 
Rajasthan,UDAIPUR,Banana,Whole Year 
Rajasthan,AJMER,Barley,Rabi       
Rajasthan,ALWAR,Barley,Rabi       
Rajasthan,BANSWARA,Barley,Rabi       
Rajasthan,BARAN,Barley,Rabi       
Rajasthan,BARMER,Barley,Rabi       
Rajasthan,BHARATPUR,Barley,Rabi       
Rajasthan,BHILWARA,Barley,Rabi       
Rajasthan,BIKANER,Barley,Rabi       
Rajasthan,BUNDI,Barley,Rabi       
Rajasthan,CHITTORGARH,Barley,Rabi       
Rajasthan,CHURU,Barley,Rabi       
Rajasthan,DAUSA,Barley,Rabi       
Rajasthan,DHOLPUR,Barley,Rabi       
Rajasthan,DUNGARPUR,Barley,Rabi       
Rajasthan,GANGANAGAR,Barley,Rabi       
Rajasthan,HANUMANGARH,Barley,Rabi       
Rajasthan,JAIPUR,Barley,Rabi       
Rajasthan,JAISALMER,Barley,Rabi       
Rajasthan,JALORE,Barley,Rabi       
Rajasthan,JHALAWAR,Barley,Rabi       
Rajasthan,JHUNJHUNU,Barley,Rabi       
Rajasthan,JODHPUR,Barley,Rabi       
Rajasthan,KARAULI,Barley,Rabi       
Rajasthan,KOTA,Barley,Rabi       
Rajasthan,NAGAUR,Barley,Rabi       
Rajasthan,PALI,Barley,Rabi       
Rajasthan,PRATAPGARH,Barley,Rabi       
Rajasthan,RAJSAMAND,Barley,Rabi       
Rajasthan,SAWAI MADHOPUR,Barley,Rabi       
Rajasthan,SIKAR,Barley,Rabi       
Rajasthan,SIROHI,Barley,Rabi       
Rajasthan,TONK,Barley,Rabi       
Rajasthan,UDAIPUR,Barley,Rabi       
Rajasthan,AJMER,Castor seed,Kharif     
Rajasthan,ALWAR,Castor seed,Kharif     
Rajasthan,BANSWARA,Castor seed,Kharif     
Rajasthan,BARAN,Castor seed,Kharif     
Rajasthan,BARMER,Castor seed,Kharif     
Rajasthan,BHARATPUR,Castor seed,Kharif     
Rajasthan,BHILWARA,Castor seed,Kharif     
Rajasthan,BIKANER,Castor seed,Kharif     
Rajasthan,BUNDI,Castor seed,Kharif     
Rajasthan,CHITTORGARH,Castor seed,Kharif     
Rajasthan,CHURU,Castor seed,Kharif     
Rajasthan,DAUSA,Castor seed,Kharif     
Rajasthan,DHOLPUR,Castor seed,Kharif     
Rajasthan,DUNGARPUR,Castor seed,Kharif     
Rajasthan,GANGANAGAR,Castor seed,Kharif     
Rajasthan,HANUMANGARH,Castor seed,Kharif     
Rajasthan,JAIPUR,Castor seed,Kharif     
Rajasthan,JAISALMER,Castor seed,Kharif     
Rajasthan,JALORE,Castor seed,Kharif     
Rajasthan,JHALAWAR,Castor seed,Kharif     
Rajasthan,JHUNJHUNU,Castor seed,Kharif     
Rajasthan,JODHPUR,Castor seed,Kharif     
Rajasthan,KARAULI,Castor seed,Kharif     
Rajasthan,KOTA,Castor seed,Kharif     
Rajasthan,NAGAUR,Castor seed,Kharif     
Rajasthan,PALI,Castor seed,Kharif     
Rajasthan,PRATAPGARH,Castor seed,Kharif     
Rajasthan,RAJSAMAND,Castor seed,Kharif     
Rajasthan,SAWAI MADHOPUR,Castor seed,Kharif     
Rajasthan,SIKAR,Castor seed,Kharif     
Rajasthan,SIROHI,Castor seed,Kharif     
Rajasthan,TONK,Castor seed,Kharif     
Rajasthan,UDAIPUR,Castor seed,Kharif     
Rajasthan,AJMER,Coriander,Whole Year 
Rajasthan,ALWAR,Coriander,Whole Year 
Rajasthan,BANSWARA,Coriander,Whole Year 
Rajasthan,BARAN,Coriander,Whole Year 
Rajasthan,BARMER,Coriander,Whole Year 
Rajasthan,BHARATPUR,Coriander,Whole Year 
Rajasthan,BHILWARA,Coriander,Whole Year 
Rajasthan,BIKANER,Coriander,Whole Year 
Rajasthan,BUNDI,Coriander,Whole Year 
Rajasthan,CHITTORGARH,Coriander,Whole Year 
Rajasthan,CHURU,Coriander,Whole Year 
Rajasthan,DAUSA,Coriander,Whole Year 
Rajasthan,DHOLPUR,Coriander,Whole Year 
Rajasthan,DUNGARPUR,Coriander,Whole Year 
Rajasthan,GANGANAGAR,Coriander,Whole Year 
Rajasthan,HANUMANGARH,Coriander,Whole Year 
Rajasthan,JAIPUR,Coriander,Whole Year 
Rajasthan,JAISALMER,Coriander,Whole Year 
Rajasthan,JALORE,Coriander,Whole Year 
Rajasthan,JHALAWAR,Coriander,Whole Year 
Rajasthan,JHUNJHUNU,Coriander,Whole Year 
Rajasthan,JODHPUR,Coriander,Whole Year 
Rajasthan,KARAULI,Coriander,Whole Year 
Rajasthan,KOTA,Coriander,Whole Year 
Rajasthan,NAGAUR,Coriander,Whole Year 
Rajasthan,PALI,Coriander,Whole Year 
Rajasthan,PRATAPGARH,Coriander,Whole Year 
Rajasthan,RAJSAMAND,Coriander,Whole Year 
Rajasthan,SAWAI MADHOPUR,Coriander,Whole Year 
Rajasthan,SIKAR,Coriander,Whole Year 
Rajasthan,SIROHI,Coriander,Whole Year 
Rajasthan,TONK,Coriander,Whole Year 
Rajasthan,UDAIPUR,Coriander,Whole Year 
Rajasthan,AJMER,Cotton(lint),Kharif     
Rajasthan,ALWAR,Cotton(lint),Kharif     
Rajasthan,BANSWARA,Cotton(lint),Kharif     
Rajasthan,BARAN,Cotton(lint),Kharif     
Rajasthan,BARMER,Cotton(lint),Kharif     
Rajasthan,BHARATPUR,Cotton(lint),Kharif     
Rajasthan,BHILWARA,Cotton(lint),Kharif     
Rajasthan,BIKANER,Cotton(lint),Kharif     
Rajasthan,BUNDI,Cotton(lint),Kharif     
Rajasthan,CHITTORGARH,Cotton(lint),Kharif     
Rajasthan,CHURU,Cotton(lint),Kharif     
Rajasthan,DAUSA,Cotton(lint),Kharif     
Rajasthan,DHOLPUR,Cotton(lint),Kharif     
Rajasthan,DUNGARPUR,Cotton(lint),Kharif     
Rajasthan,GANGANAGAR,Cotton(lint),Kharif     
Rajasthan,HANUMANGARH,Cotton(lint),Kharif     
Rajasthan,JAIPUR,Cotton(lint),Kharif     
Rajasthan,JAISALMER,Cotton(lint),Kharif     
Rajasthan,JALORE,Cotton(lint),Kharif     
Rajasthan,JHALAWAR,Cotton(lint),Kharif     
Rajasthan,JHUNJHUNU,Cotton(lint),Kharif     
Rajasthan,JODHPUR,Cotton(lint),Kharif     
Rajasthan,KARAULI,Cotton(lint),Kharif     
Rajasthan,KOTA,Cotton(lint),Kharif     
Rajasthan,NAGAUR,Cotton(lint),Kharif     
Rajasthan,PALI,Cotton(lint),Kharif     
Rajasthan,PRATAPGARH,Cotton(lint),Kharif     
Rajasthan,RAJSAMAND,Cotton(lint),Kharif     
Rajasthan,SAWAI MADHOPUR,Cotton(lint),Kharif     
Rajasthan,SIKAR,Cotton(lint),Kharif     
Rajasthan,SIROHI,Cotton(lint),Kharif     
Rajasthan,TONK,Cotton(lint),Kharif     
Rajasthan,UDAIPUR,Cotton(lint),Kharif     
Rajasthan,AJMER,Dry chillies,Whole Year 
Rajasthan,ALWAR,Dry chillies,Whole Year 
Rajasthan,BANSWARA,Dry chillies,Whole Year 
Rajasthan,BARAN,Dry chillies,Whole Year 
Rajasthan,BARMER,Dry chillies,Whole Year 
Rajasthan,BHARATPUR,Dry chillies,Whole Year 
Rajasthan,BHILWARA,Dry chillies,Whole Year 
Rajasthan,BIKANER,Dry chillies,Whole Year 
Rajasthan,BUNDI,Dry chillies,Whole Year 
Rajasthan,CHITTORGARH,Dry chillies,Whole Year 
Rajasthan,CHURU,Dry chillies,Whole Year 
Rajasthan,DAUSA,Dry chillies,Whole Year 
Rajasthan,DHOLPUR,Dry chillies,Whole Year 
Rajasthan,DUNGARPUR,Dry chillies,Whole Year 
Rajasthan,GANGANAGAR,Dry chillies,Whole Year 
Rajasthan,HANUMANGARH,Dry chillies,Whole Year 
Rajasthan,JAIPUR,Dry chillies,Whole Year 
Rajasthan,JAISALMER,Dry chillies,Whole Year 
Rajasthan,JALORE,Dry chillies,Whole Year 
Rajasthan,JHALAWAR,Dry chillies,Whole Year 
Rajasthan,JHUNJHUNU,Dry chillies,Whole Year 
Rajasthan,JODHPUR,Dry chillies,Whole Year 
Rajasthan,KARAULI,Dry chillies,Whole Year 
Rajasthan,KOTA,Dry chillies,Whole Year 
Rajasthan,NAGAUR,Dry chillies,Whole Year 
Rajasthan,PALI,Dry chillies,Whole Year 
Rajasthan,PRATAPGARH,Dry chillies,Whole Year 
Rajasthan,RAJSAMAND,Dry chillies,Whole Year 
Rajasthan,SAWAI MADHOPUR,Dry chillies,Whole Year 
Rajasthan,SIKAR,Dry chillies,Whole Year 
Rajasthan,SIROHI,Dry chillies,Whole Year 
Rajasthan,TONK,Dry chillies,Whole Year 
Rajasthan,UDAIPUR,Dry chillies,Whole Year 
Rajasthan,AJMER,Garlic,Whole Year 
Rajasthan,ALWAR,Garlic,Whole Year 
Rajasthan,BANSWARA,Garlic,Whole Year 
Rajasthan,BARAN,Garlic,Whole Year 
Rajasthan,BARMER,Garlic,Whole Year 
Rajasthan,BHARATPUR,Garlic,Whole Year 
Rajasthan,BHILWARA,Garlic,Whole Year 
Rajasthan,BIKANER,Garlic,Whole Year 
Rajasthan,BUNDI,Garlic,Whole Year 
Rajasthan,CHITTORGARH,Garlic,Whole Year 
Rajasthan,CHURU,Garlic,Whole Year 
Rajasthan,DAUSA,Garlic,Whole Year 
Rajasthan,DHOLPUR,Garlic,Whole Year 
Rajasthan,DUNGARPUR,Garlic,Whole Year 
Rajasthan,GANGANAGAR,Garlic,Whole Year 
Rajasthan,HANUMANGARH,Garlic,Whole Year 
Rajasthan,JAIPUR,Garlic,Whole Year 
Rajasthan,JAISALMER,Garlic,Whole Year 
Rajasthan,JALORE,Garlic,Whole Year 
Rajasthan,JHALAWAR,Garlic,Whole Year 
Rajasthan,JHUNJHUNU,Garlic,Whole Year 
Rajasthan,JODHPUR,Garlic,Whole Year 
Rajasthan,KARAULI,Garlic,Whole Year 
Rajasthan,KOTA,Garlic,Whole Year 
Rajasthan,NAGAUR,Garlic,Whole Year 
Rajasthan,PALI,Garlic,Whole Year 
Rajasthan,PRATAPGARH,Garlic,Whole Year 
Rajasthan,RAJSAMAND,Garlic,Whole Year 
Rajasthan,SAWAI MADHOPUR,Garlic,Whole Year 
Rajasthan,SIKAR,Garlic,Whole Year 
Rajasthan,SIROHI,Garlic,Whole Year 
Rajasthan,TONK,Garlic,Whole Year 
Rajasthan,UDAIPUR,Garlic,Whole Year 
Rajasthan,ALWAR,Ginger,Kharif     
Rajasthan,BANSWARA,Ginger,Kharif     
Rajasthan,BARAN,Ginger,Kharif     
Rajasthan,BHILWARA,Ginger,Kharif     
Rajasthan,CHITTORGARH,Ginger,Kharif     
Rajasthan,DUNGARPUR,Ginger,Kharif     
Rajasthan,JHALAWAR,Ginger,Kharif     
Rajasthan,KOTA,Ginger,Kharif     
Rajasthan,PRATAPGARH,Ginger,Kharif     
Rajasthan,RAJSAMAND,Ginger,Kharif     
Rajasthan,SAWAI MADHOPUR,Ginger,Kharif     
Rajasthan,UDAIPUR,Ginger,Whole Year 
Rajasthan,AJMER,Gram,Rabi       
Rajasthan,ALWAR,Gram,Rabi       
Rajasthan,BANSWARA,Gram,Rabi       
Rajasthan,BARAN,Gram,Rabi       
Rajasthan,BARMER,Gram,Rabi       
Rajasthan,BHARATPUR,Gram,Rabi       
Rajasthan,BHILWARA,Gram,Rabi       
Rajasthan,BIKANER,Gram,Rabi       
Rajasthan,BUNDI,Gram,Rabi       
Rajasthan,CHITTORGARH,Gram,Rabi       
Rajasthan,CHURU,Gram,Rabi       
Rajasthan,DAUSA,Gram,Rabi       
Rajasthan,DHOLPUR,Gram,Rabi       
Rajasthan,DUNGARPUR,Gram,Rabi       
Rajasthan,GANGANAGAR,Gram,Rabi       
Rajasthan,HANUMANGARH,Gram,Rabi       
Rajasthan,JAIPUR,Gram,Rabi       
Rajasthan,JAISALMER,Gram,Rabi       
Rajasthan,JALORE,Gram,Rabi       
Rajasthan,JHALAWAR,Gram,Rabi       
Rajasthan,JHUNJHUNU,Gram,Rabi       
Rajasthan,JODHPUR,Gram,Rabi       
Rajasthan,KARAULI,Gram,Rabi       
Rajasthan,KOTA,Gram,Rabi       
Rajasthan,NAGAUR,Gram,Rabi       
Rajasthan,PALI,Gram,Rabi       
Rajasthan,PRATAPGARH,Gram,Rabi       
Rajasthan,RAJSAMAND,Gram,Rabi       
Rajasthan,SAWAI MADHOPUR,Gram,Rabi       
Rajasthan,SIKAR,Gram,Rabi       
Rajasthan,SIROHI,Gram,Rabi       
Rajasthan,TONK,Gram,Rabi       
Rajasthan,UDAIPUR,Gram,Rabi       
Rajasthan,AJMER,Groundnut,Kharif     
Rajasthan,ALWAR,Groundnut,Kharif     
Rajasthan,BANSWARA,Groundnut,Kharif     
Rajasthan,BARAN,Groundnut,Kharif     
Rajasthan,BARMER,Groundnut,Kharif     
Rajasthan,BHARATPUR,Groundnut,Kharif     
Rajasthan,BHILWARA,Groundnut,Kharif     
Rajasthan,BIKANER,Groundnut,Kharif     
Rajasthan,BUNDI,Groundnut,Kharif     
Rajasthan,CHITTORGARH,Groundnut,Kharif     
Rajasthan,CHURU,Groundnut,Kharif     
Rajasthan,DAUSA,Groundnut,Kharif     
Rajasthan,DHOLPUR,Groundnut,Kharif     
Rajasthan,DUNGARPUR,Groundnut,Kharif     
Rajasthan,GANGANAGAR,Groundnut,Kharif     
Rajasthan,HANUMANGARH,Groundnut,Kharif     
Rajasthan,JAIPUR,Groundnut,Kharif     
Rajasthan,JAISALMER,Groundnut,Kharif     
Rajasthan,JALORE,Groundnut,Kharif     
Rajasthan,JHALAWAR,Groundnut,Kharif     
Rajasthan,JHUNJHUNU,Groundnut,Kharif     
Rajasthan,JODHPUR,Groundnut,Kharif     
Rajasthan,KARAULI,Groundnut,Kharif     
Rajasthan,KOTA,Groundnut,Kharif     
Rajasthan,NAGAUR,Groundnut,Kharif     
Rajasthan,PALI,Groundnut,Kharif     
Rajasthan,PRATAPGARH,Groundnut,Kharif     
Rajasthan,RAJSAMAND,Groundnut,Kharif     
Rajasthan,SAWAI MADHOPUR,Groundnut,Kharif     
Rajasthan,SIKAR,Groundnut,Kharif     
Rajasthan,SIROHI,Groundnut,Kharif     
Rajasthan,TONK,Groundnut,Kharif     
Rajasthan,UDAIPUR,Groundnut,Kharif     
Rajasthan,AJMER,Guar seed,Whole Year 
Rajasthan,ALWAR,Guar seed,Whole Year 
Rajasthan,BANSWARA,Guar seed,Whole Year 
Rajasthan,BARAN,Guar seed,Whole Year 
Rajasthan,BARMER,Guar seed,Whole Year 
Rajasthan,BHARATPUR,Guar seed,Whole Year 
Rajasthan,BHILWARA,Guar seed,Whole Year 
Rajasthan,BIKANER,Guar seed,Whole Year 
Rajasthan,BUNDI,Guar seed,Whole Year 
Rajasthan,CHITTORGARH,Guar seed,Whole Year 
Rajasthan,CHURU,Guar seed,Whole Year 
Rajasthan,DAUSA,Guar seed,Whole Year 
Rajasthan,DHOLPUR,Guar seed,Whole Year 
Rajasthan,DUNGARPUR,Guar seed,Whole Year 
Rajasthan,GANGANAGAR,Guar seed,Whole Year 
Rajasthan,HANUMANGARH,Guar seed,Whole Year 
Rajasthan,JAIPUR,Guar seed,Whole Year 
Rajasthan,JAISALMER,Guar seed,Whole Year 
Rajasthan,JALORE,Guar seed,Whole Year 
Rajasthan,JHALAWAR,Guar seed,Whole Year 
Rajasthan,JHUNJHUNU,Guar seed,Whole Year 
Rajasthan,JODHPUR,Guar seed,Whole Year 
Rajasthan,KARAULI,Guar seed,Whole Year 
Rajasthan,KOTA,Guar seed,Whole Year 
Rajasthan,NAGAUR,Guar seed,Whole Year 
Rajasthan,PALI,Guar seed,Whole Year 
Rajasthan,PRATAPGARH,Guar seed,Whole Year 
Rajasthan,RAJSAMAND,Guar seed,Whole Year 
Rajasthan,SAWAI MADHOPUR,Guar seed,Whole Year 
Rajasthan,SIKAR,Guar seed,Whole Year 
Rajasthan,SIROHI,Guar seed,Whole Year 
Rajasthan,TONK,Guar seed,Whole Year 
Rajasthan,UDAIPUR,Guar seed,Whole Year 
Rajasthan,AJMER,Jowar,Kharif     
Rajasthan,ALWAR,Jowar,Kharif     
Rajasthan,BANSWARA,Jowar,Kharif     
Rajasthan,BARAN,Jowar,Kharif     
Rajasthan,BARMER,Jowar,Kharif     
Rajasthan,BHARATPUR,Jowar,Kharif     
Rajasthan,BHILWARA,Jowar,Kharif     
Rajasthan,BIKANER,Jowar,Kharif     
Rajasthan,BUNDI,Jowar,Kharif     
Rajasthan,CHITTORGARH,Jowar,Kharif     
Rajasthan,CHURU,Jowar,Kharif     
Rajasthan,DAUSA,Jowar,Kharif     
Rajasthan,DHOLPUR,Jowar,Kharif     
Rajasthan,DUNGARPUR,Jowar,Kharif     
Rajasthan,GANGANAGAR,Jowar,Kharif     
Rajasthan,HANUMANGARH,Jowar,Kharif     
Rajasthan,JAIPUR,Jowar,Kharif     
Rajasthan,JAISALMER,Jowar,Kharif     
Rajasthan,JALORE,Jowar,Kharif     
Rajasthan,JHALAWAR,Jowar,Kharif     
Rajasthan,JHUNJHUNU,Jowar,Kharif     
Rajasthan,JODHPUR,Jowar,Kharif     
Rajasthan,KARAULI,Jowar,Kharif     
Rajasthan,KOTA,Jowar,Kharif     
Rajasthan,NAGAUR,Jowar,Kharif     
Rajasthan,PALI,Jowar,Kharif     
Rajasthan,PRATAPGARH,Jowar,Kharif     
Rajasthan,RAJSAMAND,Jowar,Kharif     
Rajasthan,SAWAI MADHOPUR,Jowar,Kharif     
Rajasthan,SIKAR,Jowar,Kharif     
Rajasthan,SIROHI,Jowar,Kharif     
Rajasthan,TONK,Jowar,Kharif     
Rajasthan,UDAIPUR,Jowar,Kharif     
Rajasthan,AJMER,Linseed,Rabi       
Rajasthan,ALWAR,Linseed,Rabi       
Rajasthan,BANSWARA,Linseed,Rabi       
Rajasthan,BARAN,Linseed,Rabi       
Rajasthan,BARMER,Linseed,Rabi       
Rajasthan,BHARATPUR,Linseed,Rabi       
Rajasthan,BHILWARA,Linseed,Rabi       
Rajasthan,BIKANER,Linseed,Rabi       
Rajasthan,BUNDI,Linseed,Rabi       
Rajasthan,CHITTORGARH,Linseed,Rabi       
Rajasthan,CHURU,Linseed,Rabi       
Rajasthan,DAUSA,Linseed,Rabi       
Rajasthan,DHOLPUR,Linseed,Rabi       
Rajasthan,DUNGARPUR,Linseed,Rabi       
Rajasthan,GANGANAGAR,Linseed,Rabi       
Rajasthan,HANUMANGARH,Linseed,Rabi       
Rajasthan,JAIPUR,Linseed,Rabi       
Rajasthan,JAISALMER,Linseed,Rabi       
Rajasthan,JALORE,Linseed,Rabi       
Rajasthan,JHALAWAR,Linseed,Rabi       
Rajasthan,JHUNJHUNU,Linseed,Rabi       
Rajasthan,JODHPUR,Linseed,Rabi       
Rajasthan,KARAULI,Linseed,Rabi       
Rajasthan,KOTA,Linseed,Rabi       
Rajasthan,NAGAUR,Linseed,Rabi       
Rajasthan,PALI,Linseed,Rabi       
Rajasthan,PRATAPGARH,Linseed,Rabi       
Rajasthan,RAJSAMAND,Linseed,Rabi       
Rajasthan,SAWAI MADHOPUR,Linseed,Rabi       
Rajasthan,SIKAR,Linseed,Rabi       
Rajasthan,SIROHI,Linseed,Rabi       
Rajasthan,TONK,Linseed,Rabi       
Rajasthan,UDAIPUR,Linseed,Rabi       
Rajasthan,AJMER,Maize,Kharif     
Rajasthan,ALWAR,Maize,Kharif     
Rajasthan,BANSWARA,Maize,Kharif     
Rajasthan,BARAN,Maize,Kharif     
Rajasthan,BARMER,Maize,Kharif     
Rajasthan,BHARATPUR,Maize,Kharif     
Rajasthan,BHILWARA,Maize,Kharif     
Rajasthan,BIKANER,Maize,Kharif     
Rajasthan,BUNDI,Maize,Kharif     
Rajasthan,CHITTORGARH,Maize,Kharif     
Rajasthan,CHURU,Maize,Kharif     
Rajasthan,DAUSA,Maize,Kharif     
Rajasthan,DHOLPUR,Maize,Kharif     
Rajasthan,DUNGARPUR,Maize,Kharif     
Rajasthan,GANGANAGAR,Maize,Kharif     
Rajasthan,HANUMANGARH,Maize,Kharif     
Rajasthan,JAIPUR,Maize,Kharif     
Rajasthan,JAISALMER,Maize,Kharif     
Rajasthan,JALORE,Maize,Kharif     
Rajasthan,JHALAWAR,Maize,Kharif     
Rajasthan,JHUNJHUNU,Maize,Kharif     
Rajasthan,JODHPUR,Maize,Kharif     
Rajasthan,KARAULI,Maize,Kharif     
Rajasthan,KOTA,Maize,Kharif     
Rajasthan,NAGAUR,Maize,Kharif     
Rajasthan,PALI,Maize,Kharif     
Rajasthan,PRATAPGARH,Maize,Kharif     
Rajasthan,RAJSAMAND,Maize,Kharif     
Rajasthan,SAWAI MADHOPUR,Maize,Kharif     
Rajasthan,SIKAR,Maize,Kharif     
Rajasthan,SIROHI,Maize,Kharif     
Rajasthan,TONK,Maize,Kharif     
Rajasthan,UDAIPUR,Maize,Kharif     
Rajasthan,AJMER,Masoor,Rabi       
Rajasthan,ALWAR,Masoor,Rabi       
Rajasthan,BANSWARA,Masoor,Rabi       
Rajasthan,BARAN,Masoor,Rabi       
Rajasthan,BHARATPUR,Masoor,Rabi       
Rajasthan,BHILWARA,Masoor,Rabi       
Rajasthan,BIKANER,Masoor,Rabi       
Rajasthan,BUNDI,Masoor,Rabi       
Rajasthan,CHITTORGARH,Masoor,Rabi       
Rajasthan,CHURU,Masoor,Rabi       
Rajasthan,DAUSA,Masoor,Rabi       
Rajasthan,DHOLPUR,Masoor,Rabi       
Rajasthan,DUNGARPUR,Masoor,Rabi       
Rajasthan,GANGANAGAR,Masoor,Rabi       
Rajasthan,HANUMANGARH,Masoor,Rabi       
Rajasthan,JAIPUR,Masoor,Rabi       
Rajasthan,JAISALMER,Masoor,Rabi       
Rajasthan,JALORE,Masoor,Rabi       
Rajasthan,JHALAWAR,Masoor,Rabi       
Rajasthan,JHUNJHUNU,Masoor,Rabi       
Rajasthan,JODHPUR,Masoor,Rabi       
Rajasthan,KARAULI,Masoor,Rabi       
Rajasthan,KOTA,Masoor,Rabi       
Rajasthan,NAGAUR,Masoor,Rabi       
Rajasthan,PALI,Masoor,Rabi       
Rajasthan,PRATAPGARH,Masoor,Rabi       
Rajasthan,RAJSAMAND,Masoor,Rabi       
Rajasthan,SAWAI MADHOPUR,Masoor,Rabi       
Rajasthan,SIKAR,Masoor,Rabi       
Rajasthan,SIROHI,Masoor,Rabi       
Rajasthan,TONK,Masoor,Rabi       
Rajasthan,UDAIPUR,Masoor,Rabi       
Rajasthan,CHITTORGARH,Mesta,Kharif     
Rajasthan,DHOLPUR,Mesta,Kharif     
Rajasthan,DUNGARPUR,Mesta,Kharif     
Rajasthan,JALORE,Mesta,Kharif     
Rajasthan,SIROHI,Mesta,Kharif     
Rajasthan,AJMER,Moong(Green Gram),Kharif     
Rajasthan,ALWAR,Moong(Green Gram),Kharif     
Rajasthan,BANSWARA,Moong(Green Gram),Kharif     
Rajasthan,BARAN,Moong(Green Gram),Kharif     
Rajasthan,BARMER,Moong(Green Gram),Kharif     
Rajasthan,BHARATPUR,Moong(Green Gram),Kharif     
Rajasthan,BHILWARA,Moong(Green Gram),Kharif     
Rajasthan,BIKANER,Moong(Green Gram),Kharif     
Rajasthan,BUNDI,Moong(Green Gram),Kharif     
Rajasthan,CHITTORGARH,Moong(Green Gram),Kharif     
Rajasthan,CHURU,Moong(Green Gram),Kharif     
Rajasthan,DAUSA,Moong(Green Gram),Kharif     
Rajasthan,DHOLPUR,Moong(Green Gram),Kharif     
Rajasthan,DUNGARPUR,Moong(Green Gram),Kharif     
Rajasthan,GANGANAGAR,Moong(Green Gram),Kharif     
Rajasthan,HANUMANGARH,Moong(Green Gram),Kharif     
Rajasthan,JAIPUR,Moong(Green Gram),Kharif     
Rajasthan,JAISALMER,Moong(Green Gram),Kharif     
Rajasthan,JALORE,Moong(Green Gram),Kharif     
Rajasthan,JHALAWAR,Moong(Green Gram),Kharif     
Rajasthan,JHUNJHUNU,Moong(Green Gram),Kharif     
Rajasthan,JODHPUR,Moong(Green Gram),Kharif     
Rajasthan,KARAULI,Moong(Green Gram),Kharif     
Rajasthan,KOTA,Moong(Green Gram),Kharif     
Rajasthan,NAGAUR,Moong(Green Gram),Kharif     
Rajasthan,PALI,Moong(Green Gram),Kharif     
Rajasthan,PRATAPGARH,Moong(Green Gram),Kharif     
Rajasthan,RAJSAMAND,Moong(Green Gram),Kharif     
Rajasthan,SAWAI MADHOPUR,Moong(Green Gram),Kharif     
Rajasthan,SIKAR,Moong(Green Gram),Kharif     
Rajasthan,SIROHI,Moong(Green Gram),Kharif     
Rajasthan,TONK,Moong(Green Gram),Kharif     
Rajasthan,UDAIPUR,Moong(Green Gram),Kharif     
Rajasthan,AJMER,Moth,Kharif     
Rajasthan,ALWAR,Moth,Kharif     
Rajasthan,BANSWARA,Moth,Kharif     
Rajasthan,BARAN,Moth,Kharif     
Rajasthan,BARMER,Moth,Kharif     
Rajasthan,BHARATPUR,Moth,Kharif     
Rajasthan,BHILWARA,Moth,Kharif     
Rajasthan,BIKANER,Moth,Kharif     
Rajasthan,BUNDI,Moth,Kharif     
Rajasthan,CHITTORGARH,Moth,Kharif     
Rajasthan,CHURU,Moth,Kharif     
Rajasthan,DAUSA,Moth,Kharif     
Rajasthan,DHOLPUR,Moth,Kharif     
Rajasthan,DUNGARPUR,Moth,Kharif     
Rajasthan,GANGANAGAR,Moth,Kharif     
Rajasthan,HANUMANGARH,Moth,Kharif     
Rajasthan,JAIPUR,Moth,Kharif     
Rajasthan,JAISALMER,Moth,Kharif     
Rajasthan,JALORE,Moth,Kharif     
Rajasthan,JHALAWAR,Moth,Kharif     
Rajasthan,JHUNJHUNU,Moth,Kharif     
Rajasthan,JODHPUR,Moth,Kharif     
Rajasthan,KARAULI,Moth,Kharif     
Rajasthan,KOTA,Moth,Kharif     
Rajasthan,NAGAUR,Moth,Kharif     
Rajasthan,PALI,Moth,Kharif     
Rajasthan,PRATAPGARH,Moth,Kharif     
Rajasthan,RAJSAMAND,Moth,Kharif     
Rajasthan,SAWAI MADHOPUR,Moth,Kharif     
Rajasthan,SIKAR,Moth,Kharif     
Rajasthan,SIROHI,Moth,Kharif     
Rajasthan,TONK,Moth,Kharif     
Rajasthan,UDAIPUR,Moth,Kharif     
Rajasthan,AJMER,Onion,Kharif     
Rajasthan,ALWAR,Onion,Kharif     
Rajasthan,BANSWARA,Onion,Kharif     
Rajasthan,BARAN,Onion,Whole Year 
Rajasthan,BARMER,Onion,Kharif     
Rajasthan,BHARATPUR,Onion,Kharif     
Rajasthan,BHILWARA,Onion,Kharif     
Rajasthan,BIKANER,Onion,Whole Year 
Rajasthan,BUNDI,Onion,Kharif     
Rajasthan,CHITTORGARH,Onion,Kharif     
Rajasthan,CHURU,Onion,Kharif     
Rajasthan,DAUSA,Onion,Whole Year 
Rajasthan,DHOLPUR,Onion,Whole Year 
Rajasthan,DUNGARPUR,Onion,Whole Year 
Rajasthan,GANGANAGAR,Onion,Whole Year 
Rajasthan,HANUMANGARH,Onion,Kharif     
Rajasthan,JAIPUR,Onion,Kharif     
Rajasthan,JAISALMER,Onion,Whole Year 
Rajasthan,JALORE,Onion,Kharif     
Rajasthan,JHALAWAR,Onion,Kharif     
Rajasthan,JHUNJHUNU,Onion,Kharif     
Rajasthan,JODHPUR,Onion,Kharif     
Rajasthan,KARAULI,Onion,Whole Year 
Rajasthan,KOTA,Onion,Whole Year 
Rajasthan,NAGAUR,Onion,Kharif     
Rajasthan,PALI,Onion,Kharif     
Rajasthan,PRATAPGARH,Onion,Whole Year 
Rajasthan,RAJSAMAND,Onion,Whole Year 
Rajasthan,SAWAI MADHOPUR,Onion,Kharif     
Rajasthan,SIKAR,Onion,Kharif     
Rajasthan,SIROHI,Onion,Kharif     
Rajasthan,TONK,Onion,Kharif     
Rajasthan,UDAIPUR,Onion,Whole Year 
Rajasthan,AJMER,Other  Rabi pulses,Rabi       
Rajasthan,ALWAR,Other  Rabi pulses,Rabi       
Rajasthan,BANSWARA,Other  Rabi pulses,Rabi       
Rajasthan,BARAN,Other  Rabi pulses,Rabi       
Rajasthan,BARMER,Other  Rabi pulses,Rabi       
Rajasthan,BHARATPUR,Other  Rabi pulses,Rabi       
Rajasthan,BHILWARA,Other  Rabi pulses,Rabi       
Rajasthan,BIKANER,Other  Rabi pulses,Rabi       
Rajasthan,BUNDI,Other  Rabi pulses,Rabi       
Rajasthan,CHITTORGARH,Other  Rabi pulses,Rabi       
Rajasthan,DAUSA,Other  Rabi pulses,Rabi       
Rajasthan,DHOLPUR,Other  Rabi pulses,Rabi       
Rajasthan,DUNGARPUR,Other  Rabi pulses,Rabi       
Rajasthan,GANGANAGAR,Other  Rabi pulses,Rabi       
Rajasthan,HANUMANGARH,Other  Rabi pulses,Rabi       
Rajasthan,JAIPUR,Other  Rabi pulses,Rabi       
Rajasthan,JAISALMER,Other  Rabi pulses,Rabi       
Rajasthan,JALORE,Other  Rabi pulses,Rabi       
Rajasthan,JHALAWAR,Other  Rabi pulses,Rabi       
Rajasthan,JHUNJHUNU,Other  Rabi pulses,Rabi       
Rajasthan,JODHPUR,Other  Rabi pulses,Rabi       
Rajasthan,KARAULI,Other  Rabi pulses,Rabi       
Rajasthan,KOTA,Other  Rabi pulses,Rabi       
Rajasthan,NAGAUR,Other  Rabi pulses,Rabi       
Rajasthan,PALI,Other  Rabi pulses,Rabi       
Rajasthan,PRATAPGARH,Other  Rabi pulses,Rabi       
Rajasthan,RAJSAMAND,Other  Rabi pulses,Rabi       
Rajasthan,SAWAI MADHOPUR,Other  Rabi pulses,Rabi       
Rajasthan,SIKAR,Other  Rabi pulses,Rabi       
Rajasthan,SIROHI,Other  Rabi pulses,Rabi       
Rajasthan,TONK,Other  Rabi pulses,Rabi       
Rajasthan,UDAIPUR,Other  Rabi pulses,Rabi       
Rajasthan,AJMER,Other Kharif pulses,Kharif     
Rajasthan,ALWAR,Other Kharif pulses,Kharif     
Rajasthan,BANSWARA,Other Kharif pulses,Kharif     
Rajasthan,BARAN,Other Kharif pulses,Kharif     
Rajasthan,BARMER,Other Kharif pulses,Kharif     
Rajasthan,BHARATPUR,Other Kharif pulses,Kharif     
Rajasthan,BHILWARA,Other Kharif pulses,Kharif     
Rajasthan,BIKANER,Other Kharif pulses,Kharif     
Rajasthan,BUNDI,Other Kharif pulses,Kharif     
Rajasthan,CHITTORGARH,Other Kharif pulses,Kharif     
Rajasthan,CHURU,Other Kharif pulses,Kharif     
Rajasthan,DAUSA,Other Kharif pulses,Kharif     
Rajasthan,DHOLPUR,Other Kharif pulses,Kharif     
Rajasthan,DUNGARPUR,Other Kharif pulses,Kharif     
Rajasthan,GANGANAGAR,Other Kharif pulses,Kharif     
Rajasthan,HANUMANGARH,Other Kharif pulses,Kharif     
Rajasthan,JAIPUR,Other Kharif pulses,Kharif     
Rajasthan,JAISALMER,Other Kharif pulses,Kharif     
Rajasthan,JALORE,Other Kharif pulses,Kharif     
Rajasthan,JHALAWAR,Other Kharif pulses,Kharif     
Rajasthan,JHUNJHUNU,Other Kharif pulses,Kharif     
Rajasthan,JODHPUR,Other Kharif pulses,Kharif     
Rajasthan,KARAULI,Other Kharif pulses,Kharif     
Rajasthan,KOTA,Other Kharif pulses,Kharif     
Rajasthan,NAGAUR,Other Kharif pulses,Kharif     
Rajasthan,PALI,Other Kharif pulses,Kharif     
Rajasthan,PRATAPGARH,Other Kharif pulses,Kharif     
Rajasthan,RAJSAMAND,Other Kharif pulses,Kharif     
Rajasthan,SAWAI MADHOPUR,Other Kharif pulses,Kharif     
Rajasthan,SIKAR,Other Kharif pulses,Kharif     
Rajasthan,SIROHI,Other Kharif pulses,Kharif     
Rajasthan,TONK,Other Kharif pulses,Kharif     
Rajasthan,UDAIPUR,Other Kharif pulses,Kharif     
Rajasthan,AJMER,other oilseeds,Whole Year 
Rajasthan,ALWAR,other oilseeds,Whole Year 
Rajasthan,BANSWARA,other oilseeds,Whole Year 
Rajasthan,BARAN,other oilseeds,Whole Year 
Rajasthan,BARMER,other oilseeds,Whole Year 
Rajasthan,BHARATPUR,other oilseeds,Whole Year 
Rajasthan,BHILWARA,other oilseeds,Whole Year 
Rajasthan,BIKANER,other oilseeds,Whole Year 
Rajasthan,BUNDI,other oilseeds,Whole Year 
Rajasthan,CHITTORGARH,other oilseeds,Whole Year 
Rajasthan,CHURU,other oilseeds,Whole Year 
Rajasthan,DAUSA,other oilseeds,Whole Year 
Rajasthan,DHOLPUR,other oilseeds,Whole Year 
Rajasthan,DUNGARPUR,other oilseeds,Whole Year 
Rajasthan,GANGANAGAR,other oilseeds,Whole Year 
Rajasthan,HANUMANGARH,other oilseeds,Whole Year 
Rajasthan,JAIPUR,other oilseeds,Whole Year 
Rajasthan,JAISALMER,other oilseeds,Whole Year 
Rajasthan,JALORE,other oilseeds,Whole Year 
Rajasthan,JHALAWAR,other oilseeds,Whole Year 
Rajasthan,JHUNJHUNU,other oilseeds,Whole Year 
Rajasthan,JODHPUR,other oilseeds,Whole Year 
Rajasthan,KARAULI,other oilseeds,Whole Year 
Rajasthan,KOTA,other oilseeds,Whole Year 
Rajasthan,NAGAUR,other oilseeds,Whole Year 
Rajasthan,PALI,other oilseeds,Whole Year 
Rajasthan,PRATAPGARH,other oilseeds,Rabi       
Rajasthan,RAJSAMAND,other oilseeds,Whole Year 
Rajasthan,SAWAI MADHOPUR,other oilseeds,Whole Year 
Rajasthan,SIKAR,other oilseeds,Whole Year 
Rajasthan,SIROHI,other oilseeds,Whole Year 
Rajasthan,TONK,other oilseeds,Whole Year 
Rajasthan,UDAIPUR,other oilseeds,Whole Year 
Rajasthan,AJMER,Peas & beans (Pulses),Rabi       
Rajasthan,ALWAR,Peas & beans (Pulses),Rabi       
Rajasthan,BANSWARA,Peas & beans (Pulses),Rabi       
Rajasthan,BARAN,Peas & beans (Pulses),Rabi       
Rajasthan,BARMER,Peas & beans (Pulses),Rabi       
Rajasthan,BHARATPUR,Peas & beans (Pulses),Rabi       
Rajasthan,BHILWARA,Peas & beans (Pulses),Rabi       
Rajasthan,BIKANER,Peas & beans (Pulses),Rabi       
Rajasthan,BUNDI,Peas & beans (Pulses),Rabi       
Rajasthan,CHITTORGARH,Peas & beans (Pulses),Rabi       
Rajasthan,CHURU,Peas & beans (Pulses),Rabi       
Rajasthan,DAUSA,Peas & beans (Pulses),Rabi       
Rajasthan,DHOLPUR,Peas & beans (Pulses),Rabi       
Rajasthan,DUNGARPUR,Peas & beans (Pulses),Rabi       
Rajasthan,GANGANAGAR,Peas & beans (Pulses),Rabi       
Rajasthan,HANUMANGARH,Peas & beans (Pulses),Rabi       
Rajasthan,JAIPUR,Peas & beans (Pulses),Rabi       
Rajasthan,JAISALMER,Peas & beans (Pulses),Rabi       
Rajasthan,JALORE,Peas & beans (Pulses),Rabi       
Rajasthan,JHALAWAR,Peas & beans (Pulses),Rabi       
Rajasthan,JHUNJHUNU,Peas & beans (Pulses),Rabi       
Rajasthan,JODHPUR,Peas & beans (Pulses),Rabi       
Rajasthan,KARAULI,Peas & beans (Pulses),Rabi       
Rajasthan,KOTA,Peas & beans (Pulses),Rabi       
Rajasthan,NAGAUR,Peas & beans (Pulses),Rabi       
Rajasthan,PALI,Peas & beans (Pulses),Rabi       
Rajasthan,PRATAPGARH,Peas & beans (Pulses),Rabi       
Rajasthan,RAJSAMAND,Peas & beans (Pulses),Rabi       
Rajasthan,SAWAI MADHOPUR,Peas & beans (Pulses),Rabi       
Rajasthan,SIKAR,Peas & beans (Pulses),Rabi       
Rajasthan,SIROHI,Peas & beans (Pulses),Rabi       
Rajasthan,TONK,Peas & beans (Pulses),Rabi       
Rajasthan,UDAIPUR,Peas & beans (Pulses),Rabi       
Rajasthan,AJMER,Potato,Whole Year 
Rajasthan,ALWAR,Potato,Whole Year 
Rajasthan,BANSWARA,Potato,Whole Year 
Rajasthan,BARAN,Potato,Whole Year 
Rajasthan,BARMER,Potato,Whole Year 
Rajasthan,BHARATPUR,Potato,Whole Year 
Rajasthan,BHILWARA,Potato,Whole Year 
Rajasthan,BIKANER,Potato,Whole Year 
Rajasthan,BUNDI,Potato,Whole Year 
Rajasthan,CHITTORGARH,Potato,Whole Year 
Rajasthan,CHURU,Potato,Whole Year 
Rajasthan,DAUSA,Potato,Whole Year 
Rajasthan,DHOLPUR,Potato,Whole Year 
Rajasthan,DUNGARPUR,Potato,Whole Year 
Rajasthan,GANGANAGAR,Potato,Whole Year 
Rajasthan,HANUMANGARH,Potato,Whole Year 
Rajasthan,JAIPUR,Potato,Whole Year 
Rajasthan,JAISALMER,Potato,Whole Year 
Rajasthan,JALORE,Potato,Whole Year 
Rajasthan,JHALAWAR,Potato,Whole Year 
Rajasthan,JHUNJHUNU,Potato,Whole Year 
Rajasthan,JODHPUR,Potato,Whole Year 
Rajasthan,KARAULI,Potato,Whole Year 
Rajasthan,KOTA,Potato,Whole Year 
Rajasthan,NAGAUR,Potato,Whole Year 
Rajasthan,PALI,Potato,Whole Year 
Rajasthan,PRATAPGARH,Potato,Whole Year 
Rajasthan,RAJSAMAND,Potato,Whole Year 
Rajasthan,SAWAI MADHOPUR,Potato,Whole Year 
Rajasthan,SIKAR,Potato,Whole Year 
Rajasthan,SIROHI,Potato,Whole Year 
Rajasthan,TONK,Potato,Whole Year 
Rajasthan,UDAIPUR,Potato,Whole Year 
Rajasthan,AJMER,Rapeseed &Mustard,Rabi       
Rajasthan,ALWAR,Rapeseed &Mustard,Rabi       
Rajasthan,BANSWARA,Rapeseed &Mustard,Rabi       
Rajasthan,BARAN,Rapeseed &Mustard,Rabi       
Rajasthan,BARMER,Rapeseed &Mustard,Rabi       
Rajasthan,BHARATPUR,Rapeseed &Mustard,Rabi       
Rajasthan,BHILWARA,Rapeseed &Mustard,Rabi       
Rajasthan,BIKANER,Rapeseed &Mustard,Rabi       
Rajasthan,BUNDI,Rapeseed &Mustard,Rabi       
Rajasthan,CHITTORGARH,Rapeseed &Mustard,Rabi       
Rajasthan,CHURU,Rapeseed &Mustard,Rabi       
Rajasthan,DAUSA,Rapeseed &Mustard,Rabi       
Rajasthan,DHOLPUR,Rapeseed &Mustard,Rabi       
Rajasthan,DUNGARPUR,Rapeseed &Mustard,Rabi       
Rajasthan,GANGANAGAR,Rapeseed &Mustard,Rabi       
Rajasthan,HANUMANGARH,Rapeseed &Mustard,Rabi       
Rajasthan,JAIPUR,Rapeseed &Mustard,Rabi       
Rajasthan,JAISALMER,Rapeseed &Mustard,Rabi       
Rajasthan,JALORE,Rapeseed &Mustard,Rabi       
Rajasthan,JHALAWAR,Rapeseed &Mustard,Rabi       
Rajasthan,JHUNJHUNU,Rapeseed &Mustard,Rabi       
Rajasthan,JODHPUR,Rapeseed &Mustard,Rabi       
Rajasthan,KARAULI,Rapeseed &Mustard,Rabi       
Rajasthan,KOTA,Rapeseed &Mustard,Rabi       
Rajasthan,NAGAUR,Rapeseed &Mustard,Rabi       
Rajasthan,PALI,Rapeseed &Mustard,Rabi       
Rajasthan,PRATAPGARH,Rapeseed &Mustard,Rabi       
Rajasthan,RAJSAMAND,Rapeseed &Mustard,Rabi       
Rajasthan,SAWAI MADHOPUR,Rapeseed &Mustard,Rabi       
Rajasthan,SIKAR,Rapeseed &Mustard,Rabi       
Rajasthan,SIROHI,Rapeseed &Mustard,Rabi       
Rajasthan,TONK,Rapeseed &Mustard,Rabi       
Rajasthan,UDAIPUR,Rapeseed &Mustard,Rabi       
Rajasthan,AJMER,Rice,Kharif     
Rajasthan,ALWAR,Rice,Kharif     
Rajasthan,BANSWARA,Rice,Kharif     
Rajasthan,BARAN,Rice,Kharif     
Rajasthan,BHARATPUR,Rice,Kharif     
Rajasthan,BHILWARA,Rice,Kharif     
Rajasthan,BIKANER,Rice,Kharif     
Rajasthan,BUNDI,Rice,Kharif     
Rajasthan,CHITTORGARH,Rice,Kharif     
Rajasthan,DAUSA,Rice,Kharif     
Rajasthan,DHOLPUR,Rice,Kharif     
Rajasthan,DUNGARPUR,Rice,Kharif     
Rajasthan,GANGANAGAR,Rice,Kharif     
Rajasthan,HANUMANGARH,Rice,Kharif     
Rajasthan,JAIPUR,Rice,Kharif     
Rajasthan,JHALAWAR,Rice,Kharif     
Rajasthan,JODHPUR,Rice,Kharif     
Rajasthan,KARAULI,Rice,Kharif     
Rajasthan,KOTA,Rice,Kharif     
Rajasthan,PALI,Rice,Kharif     
Rajasthan,PRATAPGARH,Rice,Kharif     
Rajasthan,RAJSAMAND,Rice,Kharif     
Rajasthan,SAWAI MADHOPUR,Rice,Kharif     
Rajasthan,SIROHI,Rice,Kharif     
Rajasthan,TONK,Rice,Kharif     
Rajasthan,UDAIPUR,Rice,Kharif     
Rajasthan,AJMER,Sannhamp,Kharif     
Rajasthan,ALWAR,Sannhamp,Kharif     
Rajasthan,BANSWARA,Sannhamp,Kharif     
Rajasthan,BARAN,Sannhamp,Kharif     
Rajasthan,BHARATPUR,Sannhamp,Kharif     
Rajasthan,BHILWARA,Sannhamp,Kharif     
Rajasthan,BIKANER,Sannhamp,Whole Year 
Rajasthan,BUNDI,Sannhamp,Kharif     
Rajasthan,CHITTORGARH,Sannhamp,Kharif     
Rajasthan,CHURU,Sannhamp,Kharif     
Rajasthan,DAUSA,Sannhamp,Kharif     
Rajasthan,DHOLPUR,Sannhamp,Kharif     
Rajasthan,DUNGARPUR,Sannhamp,Kharif     
Rajasthan,GANGANAGAR,Sannhamp,Kharif     
Rajasthan,HANUMANGARH,Sannhamp,Kharif     
Rajasthan,JAIPUR,Sannhamp,Kharif     
Rajasthan,JALORE,Sannhamp,Kharif     
Rajasthan,JHALAWAR,Sannhamp,Kharif     
Rajasthan,JHUNJHUNU,Sannhamp,Kharif     
Rajasthan,KARAULI,Sannhamp,Kharif     
Rajasthan,KOTA,Sannhamp,Kharif     
Rajasthan,NAGAUR,Sannhamp,Kharif     
Rajasthan,PALI,Sannhamp,Kharif     
Rajasthan,PRATAPGARH,Sannhamp,Whole Year 
Rajasthan,RAJSAMAND,Sannhamp,Kharif     
Rajasthan,SAWAI MADHOPUR,Sannhamp,Kharif     
Rajasthan,SIKAR,Sannhamp,Kharif     
Rajasthan,SIROHI,Sannhamp,Kharif     
Rajasthan,TONK,Sannhamp,Kharif     
Rajasthan,UDAIPUR,Sannhamp,Kharif     
Rajasthan,AJMER,Sesamum,Kharif     
Rajasthan,ALWAR,Sesamum,Kharif     
Rajasthan,BANSWARA,Sesamum,Kharif     
Rajasthan,BARAN,Sesamum,Kharif     
Rajasthan,BARMER,Sesamum,Kharif     
Rajasthan,BHARATPUR,Sesamum,Kharif     
Rajasthan,BHILWARA,Sesamum,Kharif     
Rajasthan,BIKANER,Sesamum,Kharif     
Rajasthan,BUNDI,Sesamum,Kharif     
Rajasthan,CHITTORGARH,Sesamum,Kharif     
Rajasthan,CHURU,Sesamum,Kharif     
Rajasthan,DAUSA,Sesamum,Kharif     
Rajasthan,DHOLPUR,Sesamum,Kharif     
Rajasthan,DUNGARPUR,Sesamum,Kharif     
Rajasthan,GANGANAGAR,Sesamum,Kharif     
Rajasthan,HANUMANGARH,Sesamum,Kharif     
Rajasthan,JAIPUR,Sesamum,Kharif     
Rajasthan,JAISALMER,Sesamum,Kharif     
Rajasthan,JALORE,Sesamum,Kharif     
Rajasthan,JHALAWAR,Sesamum,Kharif     
Rajasthan,JHUNJHUNU,Sesamum,Kharif     
Rajasthan,JODHPUR,Sesamum,Kharif     
Rajasthan,KARAULI,Sesamum,Kharif     
Rajasthan,KOTA,Sesamum,Kharif     
Rajasthan,NAGAUR,Sesamum,Kharif     
Rajasthan,PALI,Sesamum,Kharif     
Rajasthan,PRATAPGARH,Sesamum,Kharif     
Rajasthan,RAJSAMAND,Sesamum,Kharif     
Rajasthan,SAWAI MADHOPUR,Sesamum,Kharif     
Rajasthan,SIKAR,Sesamum,Kharif     
Rajasthan,SIROHI,Sesamum,Kharif     
Rajasthan,TONK,Sesamum,Kharif     
Rajasthan,UDAIPUR,Sesamum,Kharif     
Rajasthan,AJMER,Small millets,Kharif     
Rajasthan,ALWAR,Small millets,Kharif     
Rajasthan,BANSWARA,Small millets,Kharif     
Rajasthan,BARAN,Small millets,Kharif     
Rajasthan,BARMER,Small millets,Kharif     
Rajasthan,BHARATPUR,Small millets,Kharif     
Rajasthan,BHILWARA,Small millets,Kharif     
Rajasthan,BIKANER,Small millets,Kharif     
Rajasthan,CHITTORGARH,Small millets,Kharif     
Rajasthan,DAUSA,Small millets,Kharif     
Rajasthan,DUNGARPUR,Small millets,Kharif     
Rajasthan,GANGANAGAR,Small millets,Kharif     
Rajasthan,JAIPUR,Small millets,Kharif     
Rajasthan,JALORE,Small millets,Kharif     
Rajasthan,JHUNJHUNU,Small millets,Rabi       
Rajasthan,JODHPUR,Small millets,Kharif     
Rajasthan,KARAULI,Small millets,Kharif     
Rajasthan,KOTA,Small millets,Rabi       
Rajasthan,PALI,Small millets,Kharif     
Rajasthan,PRATAPGARH,Small millets,Kharif     
Rajasthan,RAJSAMAND,Small millets,Kharif     
Rajasthan,SIROHI,Small millets,Kharif     
Rajasthan,TONK,Small millets,Kharif     
Rajasthan,UDAIPUR,Small millets,Kharif     
Rajasthan,AJMER,Soyabean,Kharif     
Rajasthan,ALWAR,Soyabean,Kharif     
Rajasthan,BANSWARA,Soyabean,Kharif     
Rajasthan,BARAN,Soyabean,Kharif     
Rajasthan,BARMER,Soyabean,Kharif     
Rajasthan,BHARATPUR,Soyabean,Kharif     
Rajasthan,BHILWARA,Soyabean,Kharif     
Rajasthan,BIKANER,Soyabean,Kharif     
Rajasthan,BUNDI,Soyabean,Kharif     
Rajasthan,CHITTORGARH,Soyabean,Kharif     
Rajasthan,DAUSA,Soyabean,Kharif     
Rajasthan,DHOLPUR,Soyabean,Kharif     
Rajasthan,DUNGARPUR,Soyabean,Kharif     
Rajasthan,GANGANAGAR,Soyabean,Kharif     
Rajasthan,HANUMANGARH,Soyabean,Kharif     
Rajasthan,JAIPUR,Soyabean,Kharif     
Rajasthan,JALORE,Soyabean,Kharif     
Rajasthan,JHALAWAR,Soyabean,Kharif     
Rajasthan,JHUNJHUNU,Soyabean,Kharif     
Rajasthan,JODHPUR,Soyabean,Kharif     
Rajasthan,KARAULI,Soyabean,Kharif     
Rajasthan,KOTA,Soyabean,Kharif     
Rajasthan,NAGAUR,Soyabean,Kharif     
Rajasthan,PALI,Soyabean,Kharif     
Rajasthan,PRATAPGARH,Soyabean,Kharif     
Rajasthan,RAJSAMAND,Soyabean,Kharif     
Rajasthan,SAWAI MADHOPUR,Soyabean,Kharif     
Rajasthan,SIKAR,Soyabean,Kharif     
Rajasthan,SIROHI,Soyabean,Kharif     
Rajasthan,TONK,Soyabean,Kharif     
Rajasthan,UDAIPUR,Soyabean,Kharif     
Rajasthan,AJMER,Sugarcane,Kharif     
Rajasthan,ALWAR,Sugarcane,Kharif     
Rajasthan,BANSWARA,Sugarcane,Kharif     
Rajasthan,BARAN,Sugarcane,Kharif     
Rajasthan,BHARATPUR,Sugarcane,Kharif     
Rajasthan,BHILWARA,Sugarcane,Kharif     
Rajasthan,BIKANER,Sugarcane,Kharif     
Rajasthan,BUNDI,Sugarcane,Kharif     
Rajasthan,CHITTORGARH,Sugarcane,Kharif     
Rajasthan,DAUSA,Sugarcane,Whole Year 
Rajasthan,DHOLPUR,Sugarcane,Kharif     
Rajasthan,DUNGARPUR,Sugarcane,Kharif     
Rajasthan,GANGANAGAR,Sugarcane,Kharif     
Rajasthan,HANUMANGARH,Sugarcane,Kharif     
Rajasthan,JAIPUR,Sugarcane,Kharif     
Rajasthan,JAISALMER,Sugarcane,Whole Year 
Rajasthan,JHALAWAR,Sugarcane,Kharif     
Rajasthan,JHUNJHUNU,Sugarcane,Whole Year 
Rajasthan,JODHPUR,Sugarcane,Whole Year 
Rajasthan,KARAULI,Sugarcane,Whole Year 
Rajasthan,KOTA,Sugarcane,Kharif     
Rajasthan,NAGAUR,Sugarcane,Whole Year 
Rajasthan,PALI,Sugarcane,Whole Year 
Rajasthan,PRATAPGARH,Sugarcane,Whole Year 
Rajasthan,RAJSAMAND,Sugarcane,Kharif     
Rajasthan,SAWAI MADHOPUR,Sugarcane,Kharif     
Rajasthan,SIKAR,Sugarcane,Whole Year 
Rajasthan,SIROHI,Sugarcane,Whole Year 
Rajasthan,TONK,Sugarcane,Kharif     
Rajasthan,UDAIPUR,Sugarcane,Kharif     
Rajasthan,AJMER,Sunflower,Kharif     
Rajasthan,ALWAR,Sunflower,Kharif     
Rajasthan,BANSWARA,Sunflower,Rabi       
Rajasthan,BARAN,Sunflower,Rabi       
Rajasthan,BARMER,Sunflower,Kharif     
Rajasthan,BHARATPUR,Sunflower,Rabi       
Rajasthan,BHILWARA,Sunflower,Kharif     
Rajasthan,BIKANER,Sunflower,Rabi       
Rajasthan,BUNDI,Sunflower,Kharif     
Rajasthan,CHITTORGARH,Sunflower,Rabi       
Rajasthan,CHURU,Sunflower,Rabi       
Rajasthan,DUNGARPUR,Sunflower,Kharif     
Rajasthan,GANGANAGAR,Sunflower,Rabi       
Rajasthan,HANUMANGARH,Sunflower,Rabi       
Rajasthan,JAIPUR,Sunflower,Rabi       
Rajasthan,JAISALMER,Sunflower,Kharif     
Rajasthan,JALORE,Sunflower,Kharif     
Rajasthan,JHALAWAR,Sunflower,Rabi       
Rajasthan,JHUNJHUNU,Sunflower,Kharif     
Rajasthan,JODHPUR,Sunflower,Rabi       
Rajasthan,KARAULI,Sunflower,Rabi       
Rajasthan,KOTA,Sunflower,Rabi       
Rajasthan,NAGAUR,Sunflower,Kharif     
Rajasthan,PALI,Sunflower,Rabi       
Rajasthan,RAJSAMAND,Sunflower,Kharif     
Rajasthan,SIKAR,Sunflower,Kharif     
Rajasthan,AJMER,Sweet potato,Whole Year 
Rajasthan,ALWAR,Sweet potato,Whole Year 
Rajasthan,BANSWARA,Sweet potato,Whole Year 
Rajasthan,BARAN,Sweet potato,Whole Year 
Rajasthan,BARMER,Sweet potato,Whole Year 
Rajasthan,BHARATPUR,Sweet potato,Whole Year 
Rajasthan,BHILWARA,Sweet potato,Whole Year 
Rajasthan,BIKANER,Sweet potato,Whole Year 
Rajasthan,BUNDI,Sweet potato,Whole Year 
Rajasthan,CHITTORGARH,Sweet potato,Whole Year 
Rajasthan,CHURU,Sweet potato,Whole Year 
Rajasthan,DAUSA,Sweet potato,Whole Year 
Rajasthan,DHOLPUR,Sweet potato,Whole Year 
Rajasthan,DUNGARPUR,Sweet potato,Whole Year 
Rajasthan,GANGANAGAR,Sweet potato,Whole Year 
Rajasthan,HANUMANGARH,Sweet potato,Whole Year 
Rajasthan,JAIPUR,Sweet potato,Whole Year 
Rajasthan,JALORE,Sweet potato,Whole Year 
Rajasthan,JHALAWAR,Sweet potato,Whole Year 
Rajasthan,JHUNJHUNU,Sweet potato,Whole Year 
Rajasthan,JODHPUR,Sweet potato,Whole Year 
Rajasthan,KARAULI,Sweet potato,Whole Year 
Rajasthan,KOTA,Sweet potato,Whole Year 
Rajasthan,NAGAUR,Sweet potato,Whole Year 
Rajasthan,PALI,Sweet potato,Whole Year 
Rajasthan,PRATAPGARH,Sweet potato,Whole Year 
Rajasthan,RAJSAMAND,Sweet potato,Whole Year 
Rajasthan,SAWAI MADHOPUR,Sweet potato,Whole Year 
Rajasthan,SIKAR,Sweet potato,Whole Year 
Rajasthan,SIROHI,Sweet potato,Whole Year 
Rajasthan,TONK,Sweet potato,Whole Year 
Rajasthan,UDAIPUR,Sweet potato,Whole Year 
Rajasthan,AJMER,Tapioca,Whole Year 
Rajasthan,ALWAR,Tapioca,Whole Year 
Rajasthan,BARAN,Tapioca,Whole Year 
Rajasthan,BHARATPUR,Tapioca,Whole Year 
Rajasthan,BHILWARA,Tapioca,Whole Year 
Rajasthan,BUNDI,Tapioca,Whole Year 
Rajasthan,CHITTORGARH,Tapioca,Whole Year 
Rajasthan,DAUSA,Tapioca,Whole Year 
Rajasthan,HANUMANGARH,Tapioca,Whole Year 
Rajasthan,JAIPUR,Tapioca,Whole Year 
Rajasthan,JHALAWAR,Tapioca,Whole Year 
Rajasthan,KARAULI,Tapioca,Whole Year 
Rajasthan,KOTA,Tapioca,Whole Year 
Rajasthan,RAJSAMAND,Tapioca,Whole Year 
Rajasthan,SAWAI MADHOPUR,Tapioca,Whole Year 
Rajasthan,TONK,Tapioca,Whole Year 
Rajasthan,ALWAR,Tobacco,Rabi       
Rajasthan,BANSWARA,Tobacco,Whole Year 
Rajasthan,BARAN,Tobacco,Rabi       
Rajasthan,BHARATPUR,Tobacco,Rabi       
Rajasthan,BHILWARA,Tobacco,Rabi       
Rajasthan,BUNDI,Tobacco,Rabi       
Rajasthan,CHITTORGARH,Tobacco,Rabi       
Rajasthan,CHURU,Tobacco,Rabi       
Rajasthan,DAUSA,Tobacco,Rabi       
Rajasthan,DHOLPUR,Tobacco,Rabi       
Rajasthan,DUNGARPUR,Tobacco,Rabi       
Rajasthan,JAIPUR,Tobacco,Rabi       
Rajasthan,JAISALMER,Tobacco,Whole Year 
Rajasthan,JALORE,Tobacco,Rabi       
Rajasthan,JHALAWAR,Tobacco,Rabi       
Rajasthan,JHUNJHUNU,Tobacco,Rabi       
Rajasthan,JODHPUR,Tobacco,Rabi       
Rajasthan,KARAULI,Tobacco,Rabi       
Rajasthan,NAGAUR,Tobacco,Rabi       
Rajasthan,RAJSAMAND,Tobacco,Rabi       
Rajasthan,SAWAI MADHOPUR,Tobacco,Rabi       
Rajasthan,SIKAR,Tobacco,Rabi       
Rajasthan,SIROHI,Tobacco,Rabi       
Rajasthan,TONK,Tobacco,Whole Year 
Rajasthan,UDAIPUR,Tobacco,Whole Year 
Rajasthan,BARAN,Turmeric,Whole Year 
Rajasthan,BHARATPUR,Turmeric,Whole Year 
Rajasthan,BHILWARA,Turmeric,Whole Year 
Rajasthan,BUNDI,Turmeric,Whole Year 
Rajasthan,CHITTORGARH,Turmeric,Whole Year 
Rajasthan,DHOLPUR,Turmeric,Whole Year 
Rajasthan,DUNGARPUR,Turmeric,Whole Year 
Rajasthan,GANGANAGAR,Turmeric,Whole Year 
Rajasthan,JHALAWAR,Turmeric,Whole Year 
Rajasthan,KARAULI,Turmeric,Whole Year 
Rajasthan,KOTA,Turmeric,Whole Year 
Rajasthan,PRATAPGARH,Turmeric,Whole Year 
Rajasthan,RAJSAMAND,Turmeric,Whole Year 
Rajasthan,SAWAI MADHOPUR,Turmeric,Whole Year 
Rajasthan,SIROHI,Turmeric,Whole Year 
Rajasthan,TONK,Turmeric,Whole Year 
Rajasthan,UDAIPUR,Turmeric,Whole Year 
Rajasthan,AJMER,Urad,Kharif     
Rajasthan,ALWAR,Urad,Kharif     
Rajasthan,BANSWARA,Urad,Kharif     
Rajasthan,BARAN,Urad,Kharif     
Rajasthan,BARMER,Urad,Kharif     
Rajasthan,BHARATPUR,Urad,Kharif     
Rajasthan,BHILWARA,Urad,Kharif     
Rajasthan,BIKANER,Urad,Kharif     
Rajasthan,BUNDI,Urad,Kharif     
Rajasthan,CHITTORGARH,Urad,Kharif     
Rajasthan,CHURU,Urad,Kharif     
Rajasthan,DAUSA,Urad,Kharif     
Rajasthan,DHOLPUR,Urad,Kharif     
Rajasthan,DUNGARPUR,Urad,Kharif     
Rajasthan,GANGANAGAR,Urad,Kharif     
Rajasthan,HANUMANGARH,Urad,Kharif     
Rajasthan,JAIPUR,Urad,Kharif     
Rajasthan,JAISALMER,Urad,Kharif     
Rajasthan,JALORE,Urad,Kharif     
Rajasthan,JHALAWAR,Urad,Kharif     
Rajasthan,JHUNJHUNU,Urad,Kharif     
Rajasthan,JODHPUR,Urad,Kharif     
Rajasthan,KARAULI,Urad,Kharif     
Rajasthan,KOTA,Urad,Kharif     
Rajasthan,NAGAUR,Urad,Kharif     
Rajasthan,PALI,Urad,Kharif     
Rajasthan,PRATAPGARH,Urad,Kharif     
Rajasthan,RAJSAMAND,Urad,Kharif     
Rajasthan,SAWAI MADHOPUR,Urad,Kharif     
Rajasthan,SIKAR,Urad,Kharif     
Rajasthan,SIROHI,Urad,Kharif     
Rajasthan,TONK,Urad,Kharif     
Rajasthan,UDAIPUR,Urad,Kharif     
Rajasthan,AJMER,Wheat,Rabi       
Rajasthan,ALWAR,Wheat,Rabi       
Rajasthan,BANSWARA,Wheat,Rabi       
Rajasthan,BARAN,Wheat,Rabi       
Rajasthan,BARMER,Wheat,Rabi       
Rajasthan,BHARATPUR,Wheat,Rabi       
Rajasthan,BHILWARA,Wheat,Rabi       
Rajasthan,BIKANER,Wheat,Rabi       
Rajasthan,BUNDI,Wheat,Rabi       
Rajasthan,CHITTORGARH,Wheat,Rabi       
Rajasthan,CHURU,Wheat,Rabi       
Rajasthan,DAUSA,Wheat,Rabi       
Rajasthan,DHOLPUR,Wheat,Rabi       
Rajasthan,DUNGARPUR,Wheat,Rabi       
Rajasthan,GANGANAGAR,Wheat,Rabi       
Rajasthan,HANUMANGARH,Wheat,Rabi       
Rajasthan,JAIPUR,Wheat,Rabi       
Rajasthan,JAISALMER,Wheat,Rabi       
Rajasthan,JALORE,Wheat,Rabi       
Rajasthan,JHALAWAR,Wheat,Rabi       
Rajasthan,JHUNJHUNU,Wheat,Rabi       
Rajasthan,JODHPUR,Wheat,Rabi       
Rajasthan,KARAULI,Wheat,Rabi       
Rajasthan,KOTA,Wheat,Rabi       
Rajasthan,NAGAUR,Wheat,Rabi       
Rajasthan,PALI,Wheat,Rabi       
Rajasthan,PRATAPGARH,Wheat,Rabi       
Rajasthan,RAJSAMAND,Wheat,Rabi       
Rajasthan,SAWAI MADHOPUR,Wheat,Rabi       
Rajasthan,SIKAR,Wheat,Rabi       
Rajasthan,SIROHI,Wheat,Rabi       
Rajasthan,TONK,Wheat,Rabi       
Rajasthan,UDAIPUR,Wheat,Rabi       
Sikkim,EAST DISTRICT,Barley,Rabi       
Sikkim,NORTH DISTRICT,Barley,Rabi       
Sikkim,SOUTH DISTRICT,Barley,Rabi       
Sikkim,WEST DISTRICT,Barley,Rabi       
Sikkim,EAST DISTRICT,Maize,Kharif     
Sikkim,NORTH DISTRICT,Maize,Kharif     
Sikkim,SOUTH DISTRICT,Maize,Kharif     
Sikkim,WEST DISTRICT,Maize,Kharif     
Sikkim,EAST DISTRICT,Other  Rabi pulses,Rabi       
Sikkim,NORTH DISTRICT,Other  Rabi pulses,Rabi       
Sikkim,SOUTH DISTRICT,Other  Rabi pulses,Rabi       
Sikkim,WEST DISTRICT,Other  Rabi pulses,Rabi       
Sikkim,EAST DISTRICT,Other Cereals,Rabi       
Sikkim,NORTH DISTRICT,Other Cereals,Rabi       
Sikkim,SOUTH DISTRICT,Other Cereals,Rabi       
Sikkim,WEST DISTRICT,Other Cereals,Rabi       
Sikkim,EAST DISTRICT,Other Kharif pulses,Kharif     
Sikkim,NORTH DISTRICT,Other Kharif pulses,Kharif     
Sikkim,SOUTH DISTRICT,Other Kharif pulses,Kharif     
Sikkim,WEST DISTRICT,Other Kharif pulses,Kharif     
Sikkim,EAST DISTRICT,other oilseeds,Kharif     
Sikkim,SOUTH DISTRICT,other oilseeds,Kharif     
Sikkim,WEST DISTRICT,other oilseeds,Kharif     
Sikkim,EAST DISTRICT,Potato,Whole Year 
Sikkim,NORTH DISTRICT,Potato,Whole Year 
Sikkim,SOUTH DISTRICT,Potato,Whole Year 
Sikkim,WEST DISTRICT,Potato,Whole Year 
Sikkim,EAST DISTRICT,Rapeseed &Mustard,Rabi       
Sikkim,NORTH DISTRICT,Rapeseed &Mustard,Rabi       
Sikkim,SOUTH DISTRICT,Rapeseed &Mustard,Rabi       
Sikkim,WEST DISTRICT,Rapeseed &Mustard,Rabi       
Sikkim,EAST DISTRICT,Rice,Kharif     
Sikkim,NORTH DISTRICT,Rice,Kharif     
Sikkim,SOUTH DISTRICT,Rice,Kharif     
Sikkim,WEST DISTRICT,Rice,Kharif     
Sikkim,EAST DISTRICT,Small millets,Kharif     
Sikkim,NORTH DISTRICT,Small millets,Kharif     
Sikkim,SOUTH DISTRICT,Small millets,Kharif     
Sikkim,WEST DISTRICT,Small millets,Kharif     
Sikkim,EAST DISTRICT,Soyabean,Kharif     
Sikkim,NORTH DISTRICT,Soyabean,Kharif     
Sikkim,SOUTH DISTRICT,Soyabean,Kharif     
Sikkim,WEST DISTRICT,Soyabean,Kharif     
Sikkim,EAST DISTRICT,Urad,Kharif     
Sikkim,NORTH DISTRICT,Urad,Kharif     
Sikkim,SOUTH DISTRICT,Urad,Kharif     
Sikkim,WEST DISTRICT,Urad,Kharif     
Sikkim,EAST DISTRICT,Wheat,Rabi       
Sikkim,NORTH DISTRICT,Wheat,Rabi       
Sikkim,SOUTH DISTRICT,Wheat,Rabi       
Sikkim,WEST DISTRICT,Wheat,Rabi       
Tamil Nadu,ARIYALUR,Arecanut,Whole Year 
Tamil Nadu,COIMBATORE,Arecanut,Whole Year 
Tamil Nadu,CUDDALORE,Arecanut,Whole Year 
Tamil Nadu,DHARMAPURI,Arecanut,Whole Year 
Tamil Nadu,DINDIGUL,Arecanut,Whole Year 
Tamil Nadu,ERODE,Arecanut,Whole Year 
Tamil Nadu,KANNIYAKUMARI,Arecanut,Whole Year 
Tamil Nadu,KARUR,Arecanut,Whole Year 
Tamil Nadu,KRISHNAGIRI,Arecanut,Whole Year 
Tamil Nadu,MADURAI,Arecanut,Whole Year 
Tamil Nadu,NAGAPATTINAM,Arecanut,Whole Year 
Tamil Nadu,NAMAKKAL,Arecanut,Whole Year 
Tamil Nadu,PERAMBALUR,Arecanut,Whole Year 
Tamil Nadu,PUDUKKOTTAI,Arecanut,Whole Year 
Tamil Nadu,SALEM,Arecanut,Whole Year 
Tamil Nadu,THANJAVUR,Arecanut,Whole Year 
Tamil Nadu,THE NILGIRIS,Arecanut,Whole Year 
Tamil Nadu,THENI,Arecanut,Whole Year 
Tamil Nadu,THIRUVARUR,Arecanut,Whole Year 
Tamil Nadu,TIRUCHIRAPPALLI,Arecanut,Whole Year 
Tamil Nadu,TIRUNELVELI,Arecanut,Whole Year 
Tamil Nadu,TIRUPPUR,Arecanut,Whole Year 
Tamil Nadu,TIRUVANNAMALAI,Arecanut,Whole Year 
Tamil Nadu,VELLORE,Arecanut,Whole Year 
Tamil Nadu,VILLUPURAM,Arecanut,Whole Year 
Tamil Nadu,VIRUDHUNAGAR,Arecanut,Whole Year 
Tamil Nadu,ARIYALUR,Arhar/Tur,Whole Year 
Tamil Nadu,COIMBATORE,Arhar/Tur,Kharif     
Tamil Nadu,CUDDALORE,Arhar/Tur,Kharif     
Tamil Nadu,DHARMAPURI,Arhar/Tur,Kharif     
Tamil Nadu,DINDIGUL,Arhar/Tur,Kharif     
Tamil Nadu,ERODE,Arhar/Tur,Kharif     
Tamil Nadu,KANCHIPURAM,Arhar/Tur,Kharif     
Tamil Nadu,KANNIYAKUMARI,Arhar/Tur,Kharif     
Tamil Nadu,KARUR,Arhar/Tur,Kharif     
Tamil Nadu,KRISHNAGIRI,Arhar/Tur,Kharif     
Tamil Nadu,MADURAI,Arhar/Tur,Kharif     
Tamil Nadu,NAGAPATTINAM,Arhar/Tur,Kharif     
Tamil Nadu,NAMAKKAL,Arhar/Tur,Kharif     
Tamil Nadu,PERAMBALUR,Arhar/Tur,Kharif     
Tamil Nadu,PUDUKKOTTAI,Arhar/Tur,Kharif     
Tamil Nadu,RAMANATHAPURAM,Arhar/Tur,Kharif     
Tamil Nadu,SALEM,Arhar/Tur,Kharif     
Tamil Nadu,SIVAGANGA,Arhar/Tur,Kharif     
Tamil Nadu,THANJAVUR,Arhar/Tur,Kharif     
Tamil Nadu,THENI,Arhar/Tur,Kharif     
Tamil Nadu,THIRUVALLUR,Arhar/Tur,Kharif     
Tamil Nadu,THIRUVARUR,Arhar/Tur,Kharif     
Tamil Nadu,TIRUCHIRAPPALLI,Arhar/Tur,Kharif     
Tamil Nadu,TIRUNELVELI,Arhar/Tur,Kharif     
Tamil Nadu,TIRUPPUR,Arhar/Tur,Whole Year 
Tamil Nadu,TIRUVANNAMALAI,Arhar/Tur,Kharif     
Tamil Nadu,TUTICORIN,Arhar/Tur,Kharif     
Tamil Nadu,VELLORE,Arhar/Tur,Kharif     
Tamil Nadu,VILLUPURAM,Arhar/Tur,Kharif     
Tamil Nadu,VIRUDHUNAGAR,Arhar/Tur,Kharif     
Tamil Nadu,ARIYALUR,Bajra,Whole Year 
Tamil Nadu,COIMBATORE,Bajra,Kharif     
Tamil Nadu,CUDDALORE,Bajra,Kharif     
Tamil Nadu,DHARMAPURI,Bajra,Kharif     
Tamil Nadu,DINDIGUL,Bajra,Kharif     
Tamil Nadu,ERODE,Bajra,Kharif     
Tamil Nadu,KANCHIPURAM,Bajra,Kharif     
Tamil Nadu,KARUR,Bajra,Kharif     
Tamil Nadu,KRISHNAGIRI,Bajra,Kharif     
Tamil Nadu,MADURAI,Bajra,Kharif     
Tamil Nadu,NAGAPATTINAM,Bajra,Kharif     
Tamil Nadu,NAMAKKAL,Bajra,Kharif     
Tamil Nadu,PERAMBALUR,Bajra,Kharif     
Tamil Nadu,PUDUKKOTTAI,Bajra,Kharif     
Tamil Nadu,RAMANATHAPURAM,Bajra,Kharif     
Tamil Nadu,SALEM,Bajra,Kharif     
Tamil Nadu,SIVAGANGA,Bajra,Kharif     
Tamil Nadu,THANJAVUR,Bajra,Kharif     
Tamil Nadu,THE NILGIRIS,Bajra,Kharif     
Tamil Nadu,THENI,Bajra,Kharif     
Tamil Nadu,THIRUVALLUR,Bajra,Kharif     
Tamil Nadu,TIRUCHIRAPPALLI,Bajra,Kharif     
Tamil Nadu,TIRUNELVELI,Bajra,Kharif     
Tamil Nadu,TIRUPPUR,Bajra,Whole Year 
Tamil Nadu,TIRUVANNAMALAI,Bajra,Kharif     
Tamil Nadu,TUTICORIN,Bajra,Kharif     
Tamil Nadu,VELLORE,Bajra,Kharif     
Tamil Nadu,VILLUPURAM,Bajra,Kharif     
Tamil Nadu,VIRUDHUNAGAR,Bajra,Kharif     
Tamil Nadu,ARIYALUR,Banana,Whole Year 
Tamil Nadu,CHENNAI,Banana,Whole Year 
Tamil Nadu,COIMBATORE,Banana,Whole Year 
Tamil Nadu,CUDDALORE,Banana,Whole Year 
Tamil Nadu,DHARMAPURI,Banana,Whole Year 
Tamil Nadu,DINDIGUL,Banana,Whole Year 
Tamil Nadu,ERODE,Banana,Whole Year 
Tamil Nadu,KANCHIPURAM,Banana,Whole Year 
Tamil Nadu,KANNIYAKUMARI,Banana,Whole Year 
Tamil Nadu,KARUR,Banana,Whole Year 
Tamil Nadu,KRISHNAGIRI,Banana,Whole Year 
Tamil Nadu,MADURAI,Banana,Whole Year 
Tamil Nadu,NAGAPATTINAM,Banana,Whole Year 
Tamil Nadu,NAMAKKAL,Banana,Whole Year 
Tamil Nadu,PERAMBALUR,Banana,Whole Year 
Tamil Nadu,PUDUKKOTTAI,Banana,Whole Year 
Tamil Nadu,RAMANATHAPURAM,Banana,Whole Year 
Tamil Nadu,SALEM,Banana,Whole Year 
Tamil Nadu,SIVAGANGA,Banana,Whole Year 
Tamil Nadu,THANJAVUR,Banana,Whole Year 
Tamil Nadu,THE NILGIRIS,Banana,Whole Year 
Tamil Nadu,THENI,Banana,Whole Year 
Tamil Nadu,THIRUVALLUR,Banana,Whole Year 
Tamil Nadu,THIRUVARUR,Banana,Whole Year 
Tamil Nadu,TIRUCHIRAPPALLI,Banana,Whole Year 
Tamil Nadu,TIRUNELVELI,Banana,Whole Year 
Tamil Nadu,TIRUPPUR,Banana,Whole Year 
Tamil Nadu,TIRUVANNAMALAI,Banana,Whole Year 
Tamil Nadu,TUTICORIN,Banana,Whole Year 
Tamil Nadu,VELLORE,Banana,Whole Year 
Tamil Nadu,VILLUPURAM,Banana,Whole Year 
Tamil Nadu,VIRUDHUNAGAR,Banana,Whole Year 
Tamil Nadu,COIMBATORE,Black pepper,Whole Year 
Tamil Nadu,CUDDALORE,Black pepper,Whole Year 
Tamil Nadu,DHARMAPURI,Black pepper,Whole Year 
Tamil Nadu,DINDIGUL,Black pepper,Whole Year 
Tamil Nadu,ERODE,Black pepper,Whole Year 
Tamil Nadu,KANNIYAKUMARI,Black pepper,Whole Year 
Tamil Nadu,KRISHNAGIRI,Black pepper,Whole Year 
Tamil Nadu,NAMAKKAL,Black pepper,Whole Year 
Tamil Nadu,PUDUKKOTTAI,Black pepper,Whole Year 
Tamil Nadu,SALEM,Black pepper,Whole Year 
Tamil Nadu,THANJAVUR,Black pepper,Whole Year 
Tamil Nadu,THE NILGIRIS,Black pepper,Whole Year 
Tamil Nadu,THENI,Black pepper,Whole Year 
Tamil Nadu,THIRUVARUR,Black pepper,Whole Year 
Tamil Nadu,TIRUCHIRAPPALLI,Black pepper,Whole Year 
Tamil Nadu,TIRUNELVELI,Black pepper,Whole Year 
Tamil Nadu,TIRUPPUR,Black pepper,Whole Year 
Tamil Nadu,TIRUVANNAMALAI,Black pepper,Whole Year 
Tamil Nadu,VELLORE,Black pepper,Whole Year 
Tamil Nadu,VILLUPURAM,Black pepper,Whole Year 
Tamil Nadu,COIMBATORE,Cardamom,Whole Year 
Tamil Nadu,DHARMAPURI,Cardamom,Whole Year 
Tamil Nadu,DINDIGUL,Cardamom,Whole Year 
Tamil Nadu,ERODE,Cardamom,Whole Year 
Tamil Nadu,KANCHIPURAM,Cardamom,Whole Year 
Tamil Nadu,KANNIYAKUMARI,Cardamom,Whole Year 
Tamil Nadu,KRISHNAGIRI,Cardamom,Whole Year 
Tamil Nadu,MADURAI,Cardamom,Whole Year 
Tamil Nadu,NAMAKKAL,Cardamom,Whole Year 
Tamil Nadu,PERAMBALUR,Cardamom,Whole Year 
Tamil Nadu,SALEM,Cardamom,Whole Year 
Tamil Nadu,THE NILGIRIS,Cardamom,Whole Year 
Tamil Nadu,THENI,Cardamom,Whole Year 
Tamil Nadu,THIRUVARUR,Cardamom,Whole Year 
Tamil Nadu,TIRUCHIRAPPALLI,Cardamom,Whole Year 
Tamil Nadu,TIRUNELVELI,Cardamom,Whole Year 
Tamil Nadu,TIRUVANNAMALAI,Cardamom,Whole Year 
Tamil Nadu,VELLORE,Cardamom,Whole Year 
Tamil Nadu,VILLUPURAM,Cardamom,Whole Year 
Tamil Nadu,VIRUDHUNAGAR,Cardamom,Whole Year 
Tamil Nadu,ARIYALUR,Cashewnut,Whole Year 
Tamil Nadu,COIMBATORE,Cashewnut,Whole Year 
Tamil Nadu,CUDDALORE,Cashewnut,Whole Year 
Tamil Nadu,DHARMAPURI,Cashewnut,Whole Year 
Tamil Nadu,DINDIGUL,Cashewnut,Whole Year 
Tamil Nadu,ERODE,Cashewnut,Whole Year 
Tamil Nadu,KANCHIPURAM,Cashewnut,Whole Year 
Tamil Nadu,KANNIYAKUMARI,Cashewnut,Whole Year 
Tamil Nadu,KARUR,Cashewnut,Whole Year 
Tamil Nadu,KRISHNAGIRI,Cashewnut,Whole Year 
Tamil Nadu,MADURAI,Cashewnut,Whole Year 
Tamil Nadu,NAGAPATTINAM,Cashewnut,Whole Year 
Tamil Nadu,NAMAKKAL,Cashewnut,Whole Year 
Tamil Nadu,PERAMBALUR,Cashewnut,Whole Year 
Tamil Nadu,PUDUKKOTTAI,Cashewnut,Whole Year 
Tamil Nadu,RAMANATHAPURAM,Cashewnut,Whole Year 
Tamil Nadu,SALEM,Cashewnut,Whole Year 
Tamil Nadu,SIVAGANGA,Cashewnut,Whole Year 
Tamil Nadu,THANJAVUR,Cashewnut,Whole Year 
Tamil Nadu,THE NILGIRIS,Cashewnut,Whole Year 
Tamil Nadu,THENI,Cashewnut,Whole Year 
Tamil Nadu,THIRUVALLUR,Cashewnut,Whole Year 
Tamil Nadu,THIRUVARUR,Cashewnut,Whole Year 
Tamil Nadu,TIRUCHIRAPPALLI,Cashewnut,Whole Year 
Tamil Nadu,TIRUNELVELI,Cashewnut,Whole Year 
Tamil Nadu,TIRUPPUR,Cashewnut,Whole Year 
Tamil Nadu,TIRUVANNAMALAI,Cashewnut,Whole Year 
Tamil Nadu,TUTICORIN,Cashewnut,Whole Year 
Tamil Nadu,VELLORE,Cashewnut,Whole Year 
Tamil Nadu,VILLUPURAM,Cashewnut,Whole Year 
Tamil Nadu,VIRUDHUNAGAR,Cashewnut,Whole Year 
Tamil Nadu,ARIYALUR,Castor seed,Whole Year 
Tamil Nadu,COIMBATORE,Castor seed,Whole Year 
Tamil Nadu,CUDDALORE,Castor seed,Whole Year 
Tamil Nadu,DHARMAPURI,Castor seed,Whole Year 
Tamil Nadu,DINDIGUL,Castor seed,Whole Year 
Tamil Nadu,ERODE,Castor seed,Whole Year 
Tamil Nadu,KALLAKURICHI,Castor seed,Kharif     
Tamil Nadu,KANCHIPURAM,Castor seed,Kharif     
Tamil Nadu,KANNIYAKUMARI,Castor seed,Kharif     
Tamil Nadu,KARUR,Castor seed,Whole Year 
Tamil Nadu,KRISHNAGIRI,Castor seed,Kharif     
Tamil Nadu,MADURAI,Castor seed,Whole Year 
Tamil Nadu,NAMAKKAL,Castor seed,Whole Year 
Tamil Nadu,PERAMBALUR,Castor seed,Whole Year 
Tamil Nadu,PUDUKKOTTAI,Castor seed,Kharif     
Tamil Nadu,RAMANATHAPURAM,Castor seed,Kharif     
Tamil Nadu,SALEM,Castor seed,Whole Year 
Tamil Nadu,SIVAGANGA,Castor seed,Kharif     
Tamil Nadu,TENKASI,Castor seed,Kharif     
Tamil Nadu,THANJAVUR,Castor seed,Kharif     
Tamil Nadu,THENI,Castor seed,Whole Year 
Tamil Nadu,THIRUVALLUR,Castor seed,Kharif     
Tamil Nadu,THIRUVARUR,Castor seed,Kharif     
Tamil Nadu,TIRUCHIRAPPALLI,Castor seed,Whole Year 
Tamil Nadu,TIRUNELVELI,Castor seed,Whole Year 
Tamil Nadu,TIRUPATHUR,Castor seed,Kharif     
Tamil Nadu,TIRUPPUR,Castor seed,Whole Year 
Tamil Nadu,TIRUVANNAMALAI,Castor seed,Whole Year 
Tamil Nadu,TUTICORIN,Castor seed,Whole Year 
Tamil Nadu,VELLORE,Castor seed,Whole Year 
Tamil Nadu,VILLUPURAM,Castor seed,Whole Year 
Tamil Nadu,VIRUDHUNAGAR,Castor seed,Kharif     
Tamil Nadu,ARIYALUR,Coconut ,Whole Year 
Tamil Nadu,CHENGALPATTU,Coconut ,Whole Year 
Tamil Nadu,CHENNAI,Coconut ,Whole Year 
Tamil Nadu,COIMBATORE,Coconut ,Whole Year 
Tamil Nadu,CUDDALORE,Coconut ,Whole Year 
Tamil Nadu,DHARMAPURI,Coconut ,Whole Year 
Tamil Nadu,DINDIGUL,Coconut ,Whole Year 
Tamil Nadu,ERODE,Coconut ,Whole Year 
Tamil Nadu,KALLAKURICHI,Coconut ,Whole Year 
Tamil Nadu,KANCHIPURAM,Coconut ,Whole Year 
Tamil Nadu,KANNIYAKUMARI,Coconut ,Whole Year 
Tamil Nadu,KARUR,Coconut ,Whole Year 
Tamil Nadu,KRISHNAGIRI,Coconut ,Whole Year 
Tamil Nadu,MADURAI,Coconut ,Whole Year 
Tamil Nadu,NAGAPATTINAM,Coconut ,Whole Year 
Tamil Nadu,NAMAKKAL,Coconut ,Whole Year 
Tamil Nadu,PERAMBALUR,Coconut ,Whole Year 
Tamil Nadu,PUDUKKOTTAI,Coconut ,Whole Year 
Tamil Nadu,RAMANATHAPURAM,Coconut ,Whole Year 
Tamil Nadu,RANIPET,Coconut ,Whole Year 
Tamil Nadu,SALEM,Coconut ,Whole Year 
Tamil Nadu,SIVAGANGA,Coconut ,Whole Year 
Tamil Nadu,TENKASI,Coconut ,Whole Year 
Tamil Nadu,THANJAVUR,Coconut ,Whole Year 
Tamil Nadu,THE NILGIRIS,Coconut ,Whole Year 
Tamil Nadu,THENI,Coconut ,Whole Year 
Tamil Nadu,THIRUVALLUR,Coconut ,Whole Year 
Tamil Nadu,THIRUVARUR,Coconut ,Whole Year 
Tamil Nadu,TIRUCHIRAPPALLI,Coconut ,Whole Year 
Tamil Nadu,TIRUNELVELI,Coconut ,Whole Year 
Tamil Nadu,TIRUPATHUR,Coconut ,Whole Year 
Tamil Nadu,TIRUPPUR,Coconut ,Whole Year 
Tamil Nadu,TIRUVANNAMALAI,Coconut ,Whole Year 
Tamil Nadu,TUTICORIN,Coconut ,Whole Year 
Tamil Nadu,VELLORE,Coconut ,Whole Year 
Tamil Nadu,VILLUPURAM,Coconut ,Whole Year 
Tamil Nadu,VIRUDHUNAGAR,Coconut ,Whole Year 
Tamil Nadu,ARIYALUR,Coriander,Whole Year 
Tamil Nadu,COIMBATORE,Coriander,Whole Year 
Tamil Nadu,CUDDALORE,Coriander,Whole Year 
Tamil Nadu,DHARMAPURI,Coriander,Whole Year 
Tamil Nadu,DINDIGUL,Coriander,Whole Year 
Tamil Nadu,ERODE,Coriander,Whole Year 
Tamil Nadu,KANCHIPURAM,Coriander,Whole Year 
Tamil Nadu,KARUR,Coriander,Whole Year 
Tamil Nadu,KRISHNAGIRI,Coriander,Whole Year 
Tamil Nadu,MADURAI,Coriander,Whole Year 
Tamil Nadu,NAMAKKAL,Coriander,Whole Year 
Tamil Nadu,PERAMBALUR,Coriander,Whole Year 
Tamil Nadu,PUDUKKOTTAI,Coriander,Whole Year 
Tamil Nadu,RAMANATHAPURAM,Coriander,Whole Year 
Tamil Nadu,SALEM,Coriander,Whole Year 
Tamil Nadu,SIVAGANGA,Coriander,Whole Year 
Tamil Nadu,THANJAVUR,Coriander,Whole Year 
Tamil Nadu,THE NILGIRIS,Coriander,Whole Year 
Tamil Nadu,THENI,Coriander,Whole Year 
Tamil Nadu,THIRUVALLUR,Coriander,Whole Year 
Tamil Nadu,THIRUVARUR,Coriander,Whole Year 
Tamil Nadu,TIRUCHIRAPPALLI,Coriander,Whole Year 
Tamil Nadu,TIRUNELVELI,Coriander,Whole Year 
Tamil Nadu,TIRUPPUR,Coriander,Whole Year 
Tamil Nadu,TIRUVANNAMALAI,Coriander,Whole Year 
Tamil Nadu,TUTICORIN,Coriander,Whole Year 
Tamil Nadu,VELLORE,Coriander,Whole Year 
Tamil Nadu,VILLUPURAM,Coriander,Whole Year 
Tamil Nadu,VIRUDHUNAGAR,Coriander,Whole Year 
Tamil Nadu,ARIYALUR,Cotton(lint),Whole Year 
Tamil Nadu,COIMBATORE,Cotton(lint),Kharif     
Tamil Nadu,CUDDALORE,Cotton(lint),Kharif     
Tamil Nadu,DHARMAPURI,Cotton(lint),Kharif     
Tamil Nadu,DINDIGUL,Cotton(lint),Kharif     
Tamil Nadu,ERODE,Cotton(lint),Kharif     
Tamil Nadu,KANCHIPURAM,Cotton(lint),Kharif     
Tamil Nadu,KANNIYAKUMARI,Cotton(lint),Kharif     
Tamil Nadu,KARUR,Cotton(lint),Kharif     
Tamil Nadu,KRISHNAGIRI,Cotton(lint),Kharif     
Tamil Nadu,MADURAI,Cotton(lint),Kharif     
Tamil Nadu,NAGAPATTINAM,Cotton(lint),Kharif     
Tamil Nadu,NAMAKKAL,Cotton(lint),Kharif     
Tamil Nadu,PERAMBALUR,Cotton(lint),Kharif     
Tamil Nadu,PUDUKKOTTAI,Cotton(lint),Kharif     
Tamil Nadu,RAMANATHAPURAM,Cotton(lint),Kharif     
Tamil Nadu,SALEM,Cotton(lint),Kharif     
Tamil Nadu,SIVAGANGA,Cotton(lint),Kharif     
Tamil Nadu,THANJAVUR,Cotton(lint),Kharif     
Tamil Nadu,THE NILGIRIS,Cotton(lint),Kharif     
Tamil Nadu,THENI,Cotton(lint),Kharif     
Tamil Nadu,THIRUVALLUR,Cotton(lint),Kharif     
Tamil Nadu,THIRUVARUR,Cotton(lint),Kharif     
Tamil Nadu,TIRUCHIRAPPALLI,Cotton(lint),Kharif     
Tamil Nadu,TIRUNELVELI,Cotton(lint),Kharif     
Tamil Nadu,TIRUPPUR,Cotton(lint),Whole Year 
Tamil Nadu,TIRUVANNAMALAI,Cotton(lint),Kharif     
Tamil Nadu,TUTICORIN,Cotton(lint),Kharif     
Tamil Nadu,VELLORE,Cotton(lint),Kharif     
Tamil Nadu,VILLUPURAM,Cotton(lint),Kharif     
Tamil Nadu,VIRUDHUNAGAR,Cotton(lint),Kharif     
Tamil Nadu,ARIYALUR,Cowpea(Lobia),Kharif     
Tamil Nadu,COIMBATORE,Cowpea(Lobia),Kharif     
Tamil Nadu,CUDDALORE,Cowpea(Lobia),Kharif     
Tamil Nadu,DHARMAPURI,Cowpea(Lobia),Kharif     
Tamil Nadu,DINDIGUL,Cowpea(Lobia),Kharif     
Tamil Nadu,ERODE,Cowpea(Lobia),Kharif     
Tamil Nadu,KANCHIPURAM,Cowpea(Lobia),Kharif     
Tamil Nadu,KANNIYAKUMARI,Cowpea(Lobia),Kharif     
Tamil Nadu,KARUR,Cowpea(Lobia),Kharif     
Tamil Nadu,KRISHNAGIRI,Cowpea(Lobia),Kharif     
Tamil Nadu,MADURAI,Cowpea(Lobia),Kharif     
Tamil Nadu,NAMAKKAL,Cowpea(Lobia),Kharif     
Tamil Nadu,PERAMBALUR,Cowpea(Lobia),Kharif     
Tamil Nadu,PUDUKKOTTAI,Cowpea(Lobia),Kharif     
Tamil Nadu,RAMANATHAPURAM,Cowpea(Lobia),Rabi       
Tamil Nadu,SALEM,Cowpea(Lobia),Kharif     
Tamil Nadu,SIVAGANGA,Cowpea(Lobia),Kharif     
Tamil Nadu,THENI,Cowpea(Lobia),Kharif     
Tamil Nadu,THIRUVALLUR,Cowpea(Lobia),Kharif     
Tamil Nadu,TIRUCHIRAPPALLI,Cowpea(Lobia),Kharif     
Tamil Nadu,TIRUNELVELI,Cowpea(Lobia),Kharif     
Tamil Nadu,TIRUPPUR,Cowpea(Lobia),Kharif     
Tamil Nadu,TIRUVANNAMALAI,Cowpea(Lobia),Kharif     
Tamil Nadu,TUTICORIN,Cowpea(Lobia),Kharif     
Tamil Nadu,VELLORE,Cowpea(Lobia),Kharif     
Tamil Nadu,VILLUPURAM,Cowpea(Lobia),Kharif     
Tamil Nadu,VIRUDHUNAGAR,Cowpea(Lobia),Kharif     
Tamil Nadu,ARIYALUR,Dry chillies,Whole Year 
Tamil Nadu,CHENNAI,Dry chillies,Whole Year 
Tamil Nadu,COIMBATORE,Dry chillies,Whole Year 
Tamil Nadu,CUDDALORE,Dry chillies,Whole Year 
Tamil Nadu,DHARMAPURI,Dry chillies,Whole Year 
Tamil Nadu,DINDIGUL,Dry chillies,Whole Year 
Tamil Nadu,ERODE,Dry chillies,Whole Year 
Tamil Nadu,KANCHIPURAM,Dry chillies,Whole Year 
Tamil Nadu,KANNIYAKUMARI,Dry chillies,Whole Year 
Tamil Nadu,KARUR,Dry chillies,Whole Year 
Tamil Nadu,KRISHNAGIRI,Dry chillies,Whole Year 
Tamil Nadu,MADURAI,Dry chillies,Whole Year 
Tamil Nadu,NAGAPATTINAM,Dry chillies,Whole Year 
Tamil Nadu,NAMAKKAL,Dry chillies,Whole Year 
Tamil Nadu,PERAMBALUR,Dry chillies,Whole Year 
Tamil Nadu,PUDUKKOTTAI,Dry chillies,Whole Year 
Tamil Nadu,RAMANATHAPURAM,Dry chillies,Whole Year 
Tamil Nadu,SALEM,Dry chillies,Whole Year 
Tamil Nadu,SIVAGANGA,Dry chillies,Whole Year 
Tamil Nadu,THANJAVUR,Dry chillies,Whole Year 
Tamil Nadu,THE NILGIRIS,Dry chillies,Whole Year 
Tamil Nadu,THENI,Dry chillies,Whole Year 
Tamil Nadu,THIRUVALLUR,Dry chillies,Whole Year 
Tamil Nadu,THIRUVARUR,Dry chillies,Whole Year 
Tamil Nadu,TIRUCHIRAPPALLI,Dry chillies,Whole Year 
Tamil Nadu,TIRUNELVELI,Dry chillies,Whole Year 
Tamil Nadu,TIRUPPUR,Dry chillies,Whole Year 
Tamil Nadu,TIRUVANNAMALAI,Dry chillies,Whole Year 
Tamil Nadu,TUTICORIN,Dry chillies,Whole Year 
Tamil Nadu,VELLORE,Dry chillies,Whole Year 
Tamil Nadu,VILLUPURAM,Dry chillies,Whole Year 
Tamil Nadu,VIRUDHUNAGAR,Dry chillies,Whole Year 
Tamil Nadu,COIMBATORE,Garlic,Whole Year 
Tamil Nadu,CUDDALORE,Garlic,Whole Year 
Tamil Nadu,DHARMAPURI,Garlic,Whole Year 
Tamil Nadu,DINDIGUL,Garlic,Whole Year 
Tamil Nadu,ERODE,Garlic,Whole Year 
Tamil Nadu,KANCHIPURAM,Garlic,Whole Year 
Tamil Nadu,KARUR,Garlic,Whole Year 
Tamil Nadu,KRISHNAGIRI,Garlic,Whole Year 
Tamil Nadu,MADURAI,Garlic,Whole Year 
Tamil Nadu,NAMAKKAL,Garlic,Whole Year 
Tamil Nadu,PERAMBALUR,Garlic,Whole Year 
Tamil Nadu,RAMANATHAPURAM,Garlic,Whole Year 
Tamil Nadu,SALEM,Garlic,Whole Year 
Tamil Nadu,SIVAGANGA,Garlic,Whole Year 
Tamil Nadu,THE NILGIRIS,Garlic,Whole Year 
Tamil Nadu,THENI,Garlic,Whole Year 
Tamil Nadu,THIRUVALLUR,Garlic,Whole Year 
Tamil Nadu,TIRUNELVELI,Garlic,Whole Year 
Tamil Nadu,TIRUVANNAMALAI,Garlic,Whole Year 
Tamil Nadu,TUTICORIN,Garlic,Whole Year 
Tamil Nadu,VELLORE,Garlic,Whole Year 
Tamil Nadu,VILLUPURAM,Garlic,Whole Year 
Tamil Nadu,COIMBATORE,Ginger,Kharif     
Tamil Nadu,DHARMAPURI,Ginger,Kharif     
Tamil Nadu,DINDIGUL,Ginger,Kharif     
Tamil Nadu,ERODE,Ginger,Kharif     
Tamil Nadu,KANNIYAKUMARI,Ginger,Kharif     
Tamil Nadu,KRISHNAGIRI,Ginger,Whole Year 
Tamil Nadu,NAMAKKAL,Ginger,Whole Year 
Tamil Nadu,SALEM,Ginger,Kharif     
Tamil Nadu,THANJAVUR,Ginger,Whole Year 
Tamil Nadu,THE NILGIRIS,Ginger,Kharif     
Tamil Nadu,THENI,Ginger,Kharif     
Tamil Nadu,TIRUNELVELI,Ginger,Kharif     
Tamil Nadu,TIRUPPUR,Ginger,Whole Year 
Tamil Nadu,VELLORE,Ginger,Whole Year 
Tamil Nadu,VIRUDHUNAGAR,Ginger,Kharif     
Tamil Nadu,ARIYALUR,Gram,Rabi       
Tamil Nadu,COIMBATORE,Gram,Rabi       
Tamil Nadu,CUDDALORE,Gram,Rabi       
Tamil Nadu,DHARMAPURI,Gram,Rabi       
Tamil Nadu,DINDIGUL,Gram,Rabi       
Tamil Nadu,ERODE,Gram,Rabi       
Tamil Nadu,KANCHIPURAM,Gram,Rabi       
Tamil Nadu,KARUR,Gram,Whole Year 
Tamil Nadu,KRISHNAGIRI,Gram,Rabi       
Tamil Nadu,MADURAI,Gram,Rabi       
Tamil Nadu,NAMAKKAL,Gram,Rabi       
Tamil Nadu,PERAMBALUR,Gram,Rabi       
Tamil Nadu,PUDUKKOTTAI,Gram,Rabi       
Tamil Nadu,RAMANATHAPURAM,Gram,Whole Year 
Tamil Nadu,SALEM,Gram,Rabi       
Tamil Nadu,SIVAGANGA,Gram,Rabi       
Tamil Nadu,THANJAVUR,Gram,Whole Year 
Tamil Nadu,THENI,Gram,Rabi       
Tamil Nadu,THIRUVALLUR,Gram,Rabi       
Tamil Nadu,TIRUCHIRAPPALLI,Gram,Rabi       
Tamil Nadu,TIRUNELVELI,Gram,Rabi       
Tamil Nadu,TIRUPATHUR,Gram,Rabi       
Tamil Nadu,TIRUPPUR,Gram,Whole Year 
Tamil Nadu,TIRUVANNAMALAI,Gram,Rabi       
Tamil Nadu,TUTICORIN,Gram,Rabi       
Tamil Nadu,VELLORE,Gram,Rabi       
Tamil Nadu,VILLUPURAM,Gram,Rabi       
Tamil Nadu,VIRUDHUNAGAR,Gram,Rabi       
Tamil Nadu,ARIYALUR,Groundnut,Whole Year 
Tamil Nadu,COIMBATORE,Groundnut,Kharif     
Tamil Nadu,CUDDALORE,Groundnut,Kharif     
Tamil Nadu,DHARMAPURI,Groundnut,Kharif     
Tamil Nadu,DINDIGUL,Groundnut,Kharif     
Tamil Nadu,ERODE,Groundnut,Kharif     
Tamil Nadu,KANCHIPURAM,Groundnut,Kharif     
Tamil Nadu,KANNIYAKUMARI,Groundnut,Kharif     
Tamil Nadu,KARUR,Groundnut,Kharif     
Tamil Nadu,KRISHNAGIRI,Groundnut,Kharif     
Tamil Nadu,MADURAI,Groundnut,Kharif     
Tamil Nadu,NAGAPATTINAM,Groundnut,Kharif     
Tamil Nadu,NAMAKKAL,Groundnut,Kharif     
Tamil Nadu,PERAMBALUR,Groundnut,Kharif     
Tamil Nadu,PUDUKKOTTAI,Groundnut,Kharif     
Tamil Nadu,RAMANATHAPURAM,Groundnut,Kharif     
Tamil Nadu,SALEM,Groundnut,Kharif     
Tamil Nadu,SIVAGANGA,Groundnut,Kharif     
Tamil Nadu,THANJAVUR,Groundnut,Kharif     
Tamil Nadu,THE NILGIRIS,Groundnut,Kharif     
Tamil Nadu,THENI,Groundnut,Kharif     
Tamil Nadu,THIRUVALLUR,Groundnut,Kharif     
Tamil Nadu,THIRUVARUR,Groundnut,Kharif     
Tamil Nadu,TIRUCHIRAPPALLI,Groundnut,Kharif     
Tamil Nadu,TIRUNELVELI,Groundnut,Kharif     
Tamil Nadu,TIRUPPUR,Groundnut,Whole Year 
Tamil Nadu,TIRUVANNAMALAI,Groundnut,Kharif     
Tamil Nadu,TUTICORIN,Groundnut,Kharif     
Tamil Nadu,VELLORE,Groundnut,Kharif     
Tamil Nadu,VILLUPURAM,Groundnut,Kharif     
Tamil Nadu,VIRUDHUNAGAR,Groundnut,Kharif     
Tamil Nadu,COIMBATORE,Guar seed,Whole Year 
Tamil Nadu,CUDDALORE,Guar seed,Whole Year 
Tamil Nadu,DHARMAPURI,Guar seed,Whole Year 
Tamil Nadu,DINDIGUL,Guar seed,Whole Year 
Tamil Nadu,ERODE,Guar seed,Whole Year 
Tamil Nadu,KANCHIPURAM,Guar seed,Whole Year 
Tamil Nadu,KARUR,Guar seed,Whole Year 
Tamil Nadu,MADURAI,Guar seed,Whole Year 
Tamil Nadu,NAGAPATTINAM,Guar seed,Whole Year 
Tamil Nadu,NAMAKKAL,Guar seed,Whole Year 
Tamil Nadu,PERAMBALUR,Guar seed,Whole Year 
Tamil Nadu,PUDUKKOTTAI,Guar seed,Whole Year 
Tamil Nadu,RAMANATHAPURAM,Guar seed,Whole Year 
Tamil Nadu,SALEM,Guar seed,Whole Year 
Tamil Nadu,SIVAGANGA,Guar seed,Whole Year 
Tamil Nadu,THANJAVUR,Guar seed,Whole Year 
Tamil Nadu,THE NILGIRIS,Guar seed,Whole Year 
Tamil Nadu,THENI,Guar seed,Whole Year 
Tamil Nadu,THIRUVALLUR,Guar seed,Whole Year 
Tamil Nadu,THIRUVARUR,Guar seed,Whole Year 
Tamil Nadu,TIRUCHIRAPPALLI,Guar seed,Whole Year 
Tamil Nadu,TIRUNELVELI,Guar seed,Whole Year 
Tamil Nadu,TIRUVANNAMALAI,Guar seed,Whole Year 
Tamil Nadu,TUTICORIN,Guar seed,Whole Year 
Tamil Nadu,VELLORE,Guar seed,Whole Year 
Tamil Nadu,VILLUPURAM,Guar seed,Whole Year 
Tamil Nadu,VIRUDHUNAGAR,Guar seed,Whole Year 
Tamil Nadu,ARIYALUR,Horse-gram,Kharif     
Tamil Nadu,COIMBATORE,Horse-gram,Kharif     
Tamil Nadu,CUDDALORE,Horse-gram,Kharif     
Tamil Nadu,DHARMAPURI,Horse-gram,Kharif     
Tamil Nadu,DINDIGUL,Horse-gram,Kharif     
Tamil Nadu,ERODE,Horse-gram,Kharif     
Tamil Nadu,KANCHIPURAM,Horse-gram,Kharif     
Tamil Nadu,KANNIYAKUMARI,Horse-gram,Kharif     
Tamil Nadu,KARUR,Horse-gram,Kharif     
Tamil Nadu,KRISHNAGIRI,Horse-gram,Kharif     
Tamil Nadu,MADURAI,Horse-gram,Kharif     
Tamil Nadu,NAMAKKAL,Horse-gram,Kharif     
Tamil Nadu,PERAMBALUR,Horse-gram,Kharif     
Tamil Nadu,PUDUKKOTTAI,Horse-gram,Kharif     
Tamil Nadu,RAMANATHAPURAM,Horse-gram,Kharif     
Tamil Nadu,SALEM,Horse-gram,Kharif     
Tamil Nadu,SIVAGANGA,Horse-gram,Kharif     
Tamil Nadu,THANJAVUR,Horse-gram,Kharif     
Tamil Nadu,THE NILGIRIS,Horse-gram,Rabi       
Tamil Nadu,THENI,Horse-gram,Kharif     
Tamil Nadu,THIRUVALLUR,Horse-gram,Kharif     
Tamil Nadu,TIRUCHIRAPPALLI,Horse-gram,Kharif     
Tamil Nadu,TIRUNELVELI,Horse-gram,Kharif     
Tamil Nadu,TIRUPPUR,Horse-gram,Whole Year 
Tamil Nadu,TIRUVANNAMALAI,Horse-gram,Kharif     
Tamil Nadu,TUTICORIN,Horse-gram,Kharif     
Tamil Nadu,VELLORE,Horse-gram,Kharif     
Tamil Nadu,VILLUPURAM,Horse-gram,Kharif     
Tamil Nadu,VIRUDHUNAGAR,Horse-gram,Kharif     
Tamil Nadu,ARIYALUR,Jowar,Whole Year 
Tamil Nadu,COIMBATORE,Jowar,Kharif     
Tamil Nadu,CUDDALORE,Jowar,Kharif     
Tamil Nadu,DHARMAPURI,Jowar,Kharif     
Tamil Nadu,DINDIGUL,Jowar,Kharif     
Tamil Nadu,ERODE,Jowar,Kharif     
Tamil Nadu,KANCHIPURAM,Jowar,Kharif     
Tamil Nadu,KANNIYAKUMARI,Jowar,Kharif     
Tamil Nadu,KARUR,Jowar,Kharif     
Tamil Nadu,KRISHNAGIRI,Jowar,Kharif     
Tamil Nadu,MADURAI,Jowar,Kharif     
Tamil Nadu,NAGAPATTINAM,Jowar,Whole Year 
Tamil Nadu,NAMAKKAL,Jowar,Kharif     
Tamil Nadu,PERAMBALUR,Jowar,Kharif     
Tamil Nadu,PUDUKKOTTAI,Jowar,Kharif     
Tamil Nadu,RAMANATHAPURAM,Jowar,Kharif     
Tamil Nadu,SALEM,Jowar,Kharif     
Tamil Nadu,SIVAGANGA,Jowar,Kharif     
Tamil Nadu,THANJAVUR,Jowar,Kharif     
Tamil Nadu,THE NILGIRIS,Jowar,Kharif     
Tamil Nadu,THENI,Jowar,Kharif     
Tamil Nadu,THIRUVALLUR,Jowar,Kharif     
Tamil Nadu,THIRUVARUR,Jowar,Whole Year 
Tamil Nadu,TIRUCHIRAPPALLI,Jowar,Kharif     
Tamil Nadu,TIRUNELVELI,Jowar,Kharif     
Tamil Nadu,TIRUPPUR,Jowar,Whole Year 
Tamil Nadu,TIRUVANNAMALAI,Jowar,Kharif     
Tamil Nadu,TUTICORIN,Jowar,Kharif     
Tamil Nadu,VELLORE,Jowar,Kharif     
Tamil Nadu,VILLUPURAM,Jowar,Kharif     
Tamil Nadu,VIRUDHUNAGAR,Jowar,Kharif     
Tamil Nadu,ERODE,Jute,Kharif     
Tamil Nadu,VELLORE,Jute,Kharif     
Tamil Nadu,ARIYALUR,Maize,Whole Year 
Tamil Nadu,CHENGALPATTU,Maize,Rabi       
Tamil Nadu,COIMBATORE,Maize,Kharif     
Tamil Nadu,CUDDALORE,Maize,Kharif     
Tamil Nadu,DHARMAPURI,Maize,Kharif     
Tamil Nadu,DINDIGUL,Maize,Kharif     
Tamil Nadu,ERODE,Maize,Kharif     
Tamil Nadu,KANCHIPURAM,Maize,Kharif     
Tamil Nadu,KANNIYAKUMARI,Maize,Kharif     
Tamil Nadu,KARUR,Maize,Kharif     
Tamil Nadu,KRISHNAGIRI,Maize,Kharif     
Tamil Nadu,MADURAI,Maize,Kharif     
Tamil Nadu,NAGAPATTINAM,Maize,Kharif     
Tamil Nadu,NAMAKKAL,Maize,Kharif     
Tamil Nadu,PERAMBALUR,Maize,Kharif     
Tamil Nadu,PUDUKKOTTAI,Maize,Kharif     
Tamil Nadu,RAMANATHAPURAM,Maize,Kharif     
Tamil Nadu,SALEM,Maize,Kharif     
Tamil Nadu,SIVAGANGA,Maize,Kharif     
Tamil Nadu,THANJAVUR,Maize,Kharif     
Tamil Nadu,THE NILGIRIS,Maize,Kharif     
Tamil Nadu,THENI,Maize,Kharif     
Tamil Nadu,THIRUVALLUR,Maize,Whole Year 
Tamil Nadu,THIRUVARUR,Maize,Kharif     
Tamil Nadu,TIRUCHIRAPPALLI,Maize,Kharif     
Tamil Nadu,TIRUNELVELI,Maize,Kharif     
Tamil Nadu,TIRUPPUR,Maize,Whole Year 
Tamil Nadu,TIRUVANNAMALAI,Maize,Kharif     
Tamil Nadu,TUTICORIN,Maize,Kharif     
Tamil Nadu,VELLORE,Maize,Kharif     
Tamil Nadu,VILLUPURAM,Maize,Kharif     
Tamil Nadu,VIRUDHUNAGAR,Maize,Kharif     
Tamil Nadu,ARIYALUR,Masoor,Kharif     
Tamil Nadu,COIMBATORE,Masoor,Kharif     
Tamil Nadu,CUDDALORE,Masoor,Kharif     
Tamil Nadu,DHARMAPURI,Masoor,Kharif     
Tamil Nadu,DINDIGUL,Masoor,Kharif     
Tamil Nadu,ERODE,Masoor,Kharif     
Tamil Nadu,KANCHIPURAM,Masoor,Kharif     
Tamil Nadu,KANNIYAKUMARI,Masoor,Kharif     
Tamil Nadu,KARUR,Masoor,Kharif     
Tamil Nadu,KRISHNAGIRI,Masoor,Kharif     
Tamil Nadu,MADURAI,Masoor,Kharif     
Tamil Nadu,NAGAPATTINAM,Masoor,Kharif     
Tamil Nadu,NAMAKKAL,Masoor,Kharif     
Tamil Nadu,PERAMBALUR,Masoor,Kharif     
Tamil Nadu,PUDUKKOTTAI,Masoor,Kharif     
Tamil Nadu,RAMANATHAPURAM,Masoor,Kharif     
Tamil Nadu,SALEM,Masoor,Kharif     
Tamil Nadu,SIVAGANGA,Masoor,Kharif     
Tamil Nadu,THANJAVUR,Masoor,Kharif     
Tamil Nadu,THENI,Masoor,Kharif     
Tamil Nadu,THIRUVALLUR,Masoor,Kharif     
Tamil Nadu,THIRUVARUR,Masoor,Kharif     
Tamil Nadu,TIRUCHIRAPPALLI,Masoor,Kharif     
Tamil Nadu,TIRUNELVELI,Masoor,Kharif     
Tamil Nadu,TIRUPPUR,Masoor,Kharif     
Tamil Nadu,TIRUVANNAMALAI,Masoor,Kharif     
Tamil Nadu,TUTICORIN,Masoor,Kharif     
Tamil Nadu,VELLORE,Masoor,Kharif     
Tamil Nadu,VILLUPURAM,Masoor,Kharif     
Tamil Nadu,VIRUDHUNAGAR,Masoor,Kharif     
Tamil Nadu,DINDIGUL,Mesta,Kharif     
Tamil Nadu,ERODE,Mesta,Kharif     
Tamil Nadu,KARUR,Mesta,Kharif     
Tamil Nadu,NAGAPATTINAM,Mesta,Kharif     
Tamil Nadu,NAMAKKAL,Mesta,Kharif     
Tamil Nadu,SALEM,Mesta,Kharif     
Tamil Nadu,TIRUCHIRAPPALLI,Mesta,Kharif     
Tamil Nadu,VILLUPURAM,Mesta,Kharif     
Tamil Nadu,ARIYALUR,Moong(Green Gram),Whole Year 
Tamil Nadu,CHENNAI,Moong(Green Gram),Rabi       
Tamil Nadu,COIMBATORE,Moong(Green Gram),Kharif     
Tamil Nadu,CUDDALORE,Moong(Green Gram),Kharif     
Tamil Nadu,DHARMAPURI,Moong(Green Gram),Kharif     
Tamil Nadu,DINDIGUL,Moong(Green Gram),Kharif     
Tamil Nadu,ERODE,Moong(Green Gram),Kharif     
Tamil Nadu,KANCHIPURAM,Moong(Green Gram),Kharif     
Tamil Nadu,KANNIYAKUMARI,Moong(Green Gram),Kharif     
Tamil Nadu,KARUR,Moong(Green Gram),Kharif     
Tamil Nadu,KRISHNAGIRI,Moong(Green Gram),Kharif     
Tamil Nadu,MADURAI,Moong(Green Gram),Kharif     
Tamil Nadu,NAGAPATTINAM,Moong(Green Gram),Kharif     
Tamil Nadu,NAMAKKAL,Moong(Green Gram),Kharif     
Tamil Nadu,PERAMBALUR,Moong(Green Gram),Kharif     
Tamil Nadu,PUDUKKOTTAI,Moong(Green Gram),Kharif     
Tamil Nadu,RAMANATHAPURAM,Moong(Green Gram),Kharif     
Tamil Nadu,SALEM,Moong(Green Gram),Kharif     
Tamil Nadu,SIVAGANGA,Moong(Green Gram),Kharif     
Tamil Nadu,THANJAVUR,Moong(Green Gram),Kharif     
Tamil Nadu,THE NILGIRIS,Moong(Green Gram),Whole Year 
Tamil Nadu,THENI,Moong(Green Gram),Kharif     
Tamil Nadu,THIRUVALLUR,Moong(Green Gram),Kharif     
Tamil Nadu,THIRUVARUR,Moong(Green Gram),Kharif     
Tamil Nadu,TIRUCHIRAPPALLI,Moong(Green Gram),Kharif     
Tamil Nadu,TIRUNELVELI,Moong(Green Gram),Kharif     
Tamil Nadu,TIRUPPUR,Moong(Green Gram),Whole Year 
Tamil Nadu,TIRUVANNAMALAI,Moong(Green Gram),Kharif     
Tamil Nadu,TUTICORIN,Moong(Green Gram),Kharif     
Tamil Nadu,VELLORE,Moong(Green Gram),Kharif     
Tamil Nadu,VILLUPURAM,Moong(Green Gram),Kharif     
Tamil Nadu,VIRUDHUNAGAR,Moong(Green Gram),Kharif     
Tamil Nadu,KRISHNAGIRI,Niger seed,Kharif     
Tamil Nadu,MADURAI,Niger seed,Kharif     
Tamil Nadu,NAMAKKAL,Niger seed,Kharif     
Tamil Nadu,SIVAGANGA,Niger seed,Kharif     
Tamil Nadu,TIRUCHIRAPPALLI,Niger seed,Kharif     
Tamil Nadu,TIRUVANNAMALAI,Niger seed,Kharif     
Tamil Nadu,VELLORE,Niger seed,Kharif     
Tamil Nadu,ARIYALUR,Onion,Whole Year 
Tamil Nadu,COIMBATORE,Onion,Whole Year 
Tamil Nadu,CUDDALORE,Onion,Whole Year 
Tamil Nadu,DHARMAPURI,Onion,Whole Year 
Tamil Nadu,DINDIGUL,Onion,Whole Year 
Tamil Nadu,ERODE,Onion,Whole Year 
Tamil Nadu,KANCHIPURAM,Onion,Whole Year 
Tamil Nadu,KANNIYAKUMARI,Onion,Whole Year 
Tamil Nadu,KARUR,Onion,Whole Year 
Tamil Nadu,KRISHNAGIRI,Onion,Whole Year 
Tamil Nadu,MADURAI,Onion,Whole Year 
Tamil Nadu,NAGAPATTINAM,Onion,Whole Year 
Tamil Nadu,NAMAKKAL,Onion,Whole Year 
Tamil Nadu,PERAMBALUR,Onion,Whole Year 
Tamil Nadu,PUDUKKOTTAI,Onion,Whole Year 
Tamil Nadu,RAMANATHAPURAM,Onion,Whole Year 
Tamil Nadu,SALEM,Onion,Whole Year 
Tamil Nadu,SIVAGANGA,Onion,Whole Year 
Tamil Nadu,THANJAVUR,Onion,Whole Year 
Tamil Nadu,THE NILGIRIS,Onion,Whole Year 
Tamil Nadu,THENI,Onion,Whole Year 
Tamil Nadu,THIRUVALLUR,Onion,Whole Year 
Tamil Nadu,THIRUVARUR,Onion,Whole Year 
Tamil Nadu,TIRUCHIRAPPALLI,Onion,Whole Year 
Tamil Nadu,TIRUNELVELI,Onion,Whole Year 
Tamil Nadu,TIRUPPUR,Onion,Whole Year 
Tamil Nadu,TIRUVANNAMALAI,Onion,Whole Year 
Tamil Nadu,TUTICORIN,Onion,Whole Year 
Tamil Nadu,VELLORE,Onion,Whole Year 
Tamil Nadu,VILLUPURAM,Onion,Whole Year 
Tamil Nadu,VIRUDHUNAGAR,Onion,Whole Year 
Tamil Nadu,COIMBATORE,Other  Rabi pulses,Rabi       
Tamil Nadu,CUDDALORE,Other  Rabi pulses,Rabi       
Tamil Nadu,DHARMAPURI,Other  Rabi pulses,Rabi       
Tamil Nadu,DINDIGUL,Other  Rabi pulses,Rabi       
Tamil Nadu,ERODE,Other  Rabi pulses,Rabi       
Tamil Nadu,KANCHIPURAM,Other  Rabi pulses,Rabi       
Tamil Nadu,KARUR,Other  Rabi pulses,Rabi       
Tamil Nadu,KRISHNAGIRI,Other  Rabi pulses,Rabi       
Tamil Nadu,MADURAI,Other  Rabi pulses,Rabi       
Tamil Nadu,NAMAKKAL,Other  Rabi pulses,Rabi       
Tamil Nadu,PERAMBALUR,Other  Rabi pulses,Rabi       
Tamil Nadu,PUDUKKOTTAI,Other  Rabi pulses,Rabi       
Tamil Nadu,RAMANATHAPURAM,Other  Rabi pulses,Rabi       
Tamil Nadu,RANIPET,Other  Rabi pulses,Rabi       
Tamil Nadu,SALEM,Other  Rabi pulses,Rabi       
Tamil Nadu,SIVAGANGA,Other  Rabi pulses,Rabi       
Tamil Nadu,THENI,Other  Rabi pulses,Rabi       
Tamil Nadu,THIRUVALLUR,Other  Rabi pulses,Rabi       
Tamil Nadu,TIRUCHIRAPPALLI,Other  Rabi pulses,Rabi       
Tamil Nadu,TIRUNELVELI,Other  Rabi pulses,Rabi       
Tamil Nadu,TIRUPATHUR,Other  Rabi pulses,Rabi       
Tamil Nadu,TIRUPPUR,Other  Rabi pulses,Rabi       
Tamil Nadu,TIRUVANNAMALAI,Other  Rabi pulses,Rabi       
Tamil Nadu,TUTICORIN,Other  Rabi pulses,Rabi       
Tamil Nadu,VELLORE,Other  Rabi pulses,Rabi       
Tamil Nadu,VILLUPURAM,Other  Rabi pulses,Rabi       
Tamil Nadu,VIRUDHUNAGAR,Other  Rabi pulses,Rabi       
Tamil Nadu,ARIYALUR,Other Cereals,Kharif     
Tamil Nadu,CHENGALPATTU,Other Cereals,Rabi       
Tamil Nadu,COIMBATORE,Other Cereals,Kharif     
Tamil Nadu,CUDDALORE,Other Cereals,Kharif     
Tamil Nadu,DHARMAPURI,Other Cereals,Kharif     
Tamil Nadu,DINDIGUL,Other Cereals,Kharif     
Tamil Nadu,ERODE,Other Cereals,Kharif     
Tamil Nadu,KALLAKURICHI,Other Cereals,Kharif     
Tamil Nadu,KANCHIPURAM,Other Cereals,Kharif     
Tamil Nadu,KARUR,Other Cereals,Kharif     
Tamil Nadu,KRISHNAGIRI,Other Cereals,Kharif     
Tamil Nadu,MADURAI,Other Cereals,Kharif     
Tamil Nadu,NAMAKKAL,Other Cereals,Kharif     
Tamil Nadu,PERAMBALUR,Other Cereals,Kharif     
Tamil Nadu,PUDUKKOTTAI,Other Cereals,Kharif     
Tamil Nadu,RAMANATHAPURAM,Other Cereals,Kharif     
Tamil Nadu,SALEM,Other Cereals,Kharif     
Tamil Nadu,SIVAGANGA,Other Cereals,Kharif     
Tamil Nadu,TENKASI,Other Cereals,Kharif     
Tamil Nadu,THANJAVUR,Other Cereals,Kharif     
Tamil Nadu,THE NILGIRIS,Other Cereals,Kharif     
Tamil Nadu,THENI,Other Cereals,Kharif     
Tamil Nadu,THIRUVALLUR,Other Cereals,Kharif     
Tamil Nadu,THIRUVARUR,Other Cereals,Kharif     
Tamil Nadu,TIRUCHIRAPPALLI,Other Cereals,Kharif     
Tamil Nadu,TIRUNELVELI,Other Cereals,Kharif     
Tamil Nadu,TIRUPPUR,Other Cereals,Rabi       
Tamil Nadu,TIRUVANNAMALAI,Other Cereals,Kharif     
Tamil Nadu,TUTICORIN,Other Cereals,Kharif     
Tamil Nadu,VELLORE,Other Cereals,Kharif     
Tamil Nadu,VILLUPURAM,Other Cereals,Kharif     
Tamil Nadu,VIRUDHUNAGAR,Other Cereals,Kharif     
Tamil Nadu,ARIYALUR,Other Kharif pulses,Kharif     
Tamil Nadu,CHENGALPATTU,Other Kharif pulses,Kharif     
Tamil Nadu,COIMBATORE,Other Kharif pulses,Kharif     
Tamil Nadu,CUDDALORE,Other Kharif pulses,Kharif     
Tamil Nadu,DHARMAPURI,Other Kharif pulses,Kharif     
Tamil Nadu,DINDIGUL,Other Kharif pulses,Kharif     
Tamil Nadu,ERODE,Other Kharif pulses,Kharif     
Tamil Nadu,KANCHIPURAM,Other Kharif pulses,Kharif     
Tamil Nadu,KANNIYAKUMARI,Other Kharif pulses,Kharif     
Tamil Nadu,KARUR,Other Kharif pulses,Kharif     
Tamil Nadu,KRISHNAGIRI,Other Kharif pulses,Kharif     
Tamil Nadu,MADURAI,Other Kharif pulses,Kharif     
Tamil Nadu,NAGAPATTINAM,Other Kharif pulses,Kharif     
Tamil Nadu,NAMAKKAL,Other Kharif pulses,Kharif     
Tamil Nadu,PERAMBALUR,Other Kharif pulses,Kharif     
Tamil Nadu,PUDUKKOTTAI,Other Kharif pulses,Kharif     
Tamil Nadu,RAMANATHAPURAM,Other Kharif pulses,Kharif     
Tamil Nadu,RANIPET,Other Kharif pulses,Kharif     
Tamil Nadu,SALEM,Other Kharif pulses,Kharif     
Tamil Nadu,SIVAGANGA,Other Kharif pulses,Kharif     
Tamil Nadu,TENKASI,Other Kharif pulses,Kharif     
Tamil Nadu,THANJAVUR,Other Kharif pulses,Kharif     
Tamil Nadu,THE NILGIRIS,Other Kharif pulses,Kharif     
Tamil Nadu,THENI,Other Kharif pulses,Kharif     
Tamil Nadu,THIRUVALLUR,Other Kharif pulses,Kharif     
Tamil Nadu,THIRUVARUR,Other Kharif pulses,Kharif     
Tamil Nadu,TIRUCHIRAPPALLI,Other Kharif pulses,Kharif     
Tamil Nadu,TIRUNELVELI,Other Kharif pulses,Kharif     
Tamil Nadu,TIRUPATHUR,Other Kharif pulses,Kharif     
Tamil Nadu,TIRUPPUR,Other Kharif pulses,Kharif     
Tamil Nadu,TIRUVANNAMALAI,Other Kharif pulses,Kharif     
Tamil Nadu,TUTICORIN,Other Kharif pulses,Kharif     
Tamil Nadu,VELLORE,Other Kharif pulses,Kharif     
Tamil Nadu,VILLUPURAM,Other Kharif pulses,Kharif     
Tamil Nadu,VIRUDHUNAGAR,Other Kharif pulses,Kharif     
Tamil Nadu,CUDDALORE,Potato,Whole Year 
Tamil Nadu,DHARMAPURI,Potato,Whole Year 
Tamil Nadu,DINDIGUL,Potato,Whole Year 
Tamil Nadu,ERODE,Potato,Whole Year 
Tamil Nadu,KANCHIPURAM,Potato,Whole Year 
Tamil Nadu,KARUR,Potato,Kharif     
Tamil Nadu,KRISHNAGIRI,Potato,Whole Year 
Tamil Nadu,NAMAKKAL,Potato,Whole Year 
Tamil Nadu,PUDUKKOTTAI,Potato,Whole Year 
Tamil Nadu,RAMANATHAPURAM,Potato,Whole Year 
Tamil Nadu,SALEM,Potato,Whole Year 
Tamil Nadu,SIVAGANGA,Potato,Rabi       
Tamil Nadu,THE NILGIRIS,Potato,Whole Year 
Tamil Nadu,THENI,Potato,Whole Year 
Tamil Nadu,THIRUVALLUR,Potato,Whole Year 
Tamil Nadu,TIRUNELVELI,Potato,Whole Year 
Tamil Nadu,TIRUPPUR,Potato,Rabi       
Tamil Nadu,TIRUVANNAMALAI,Potato,Whole Year 
Tamil Nadu,VELLORE,Potato,Whole Year 
Tamil Nadu,VIRUDHUNAGAR,Potato,Whole Year 
Tamil Nadu,ARIYALUR,Ragi,Whole Year 
Tamil Nadu,COIMBATORE,Ragi,Kharif     
Tamil Nadu,CUDDALORE,Ragi,Kharif     
Tamil Nadu,DHARMAPURI,Ragi,Kharif     
Tamil Nadu,DINDIGUL,Ragi,Kharif     
Tamil Nadu,ERODE,Ragi,Kharif     
Tamil Nadu,KANCHIPURAM,Ragi,Kharif     
Tamil Nadu,KARUR,Ragi,Kharif     
Tamil Nadu,KRISHNAGIRI,Ragi,Kharif     
Tamil Nadu,MADURAI,Ragi,Kharif     
Tamil Nadu,NAGAPATTINAM,Ragi,Kharif     
Tamil Nadu,NAMAKKAL,Ragi,Kharif     
Tamil Nadu,PERAMBALUR,Ragi,Kharif     
Tamil Nadu,PUDUKKOTTAI,Ragi,Kharif     
Tamil Nadu,RAMANATHAPURAM,Ragi,Kharif     
Tamil Nadu,SALEM,Ragi,Kharif     
Tamil Nadu,SIVAGANGA,Ragi,Kharif     
Tamil Nadu,THANJAVUR,Ragi,Kharif     
Tamil Nadu,THE NILGIRIS,Ragi,Kharif     
Tamil Nadu,THENI,Ragi,Kharif     
Tamil Nadu,THIRUVALLUR,Ragi,Kharif     
Tamil Nadu,THIRUVARUR,Ragi,Kharif     
Tamil Nadu,TIRUCHIRAPPALLI,Ragi,Kharif     
Tamil Nadu,TIRUNELVELI,Ragi,Kharif     
Tamil Nadu,TIRUPPUR,Ragi,Whole Year 
Tamil Nadu,TIRUVANNAMALAI,Ragi,Kharif     
Tamil Nadu,TUTICORIN,Ragi,Kharif     
Tamil Nadu,VELLORE,Ragi,Kharif     
Tamil Nadu,VILLUPURAM,Ragi,Kharif     
Tamil Nadu,VIRUDHUNAGAR,Ragi,Kharif     
Tamil Nadu,COIMBATORE,Rapeseed &Mustard,Rabi       
Tamil Nadu,CUDDALORE,Rapeseed &Mustard,Rabi       
Tamil Nadu,DHARMAPURI,Rapeseed &Mustard,Whole Year 
Tamil Nadu,DINDIGUL,Rapeseed &Mustard,Whole Year 
Tamil Nadu,ERODE,Rapeseed &Mustard,Whole Year 
Tamil Nadu,KANCHIPURAM,Rapeseed &Mustard,Whole Year 
Tamil Nadu,KRISHNAGIRI,Rapeseed &Mustard,Rabi       
Tamil Nadu,MADURAI,Rapeseed &Mustard,Whole Year 
Tamil Nadu,NAMAKKAL,Rapeseed &Mustard,Whole Year 
Tamil Nadu,PERAMBALUR,Rapeseed &Mustard,Rabi       
Tamil Nadu,SALEM,Rapeseed &Mustard,Whole Year 
Tamil Nadu,THANJAVUR,Rapeseed &Mustard,Rabi       
Tamil Nadu,THE NILGIRIS,Rapeseed &Mustard,Rabi       
Tamil Nadu,THENI,Rapeseed &Mustard,Rabi       
Tamil Nadu,TIRUCHIRAPPALLI,Rapeseed &Mustard,Rabi       
Tamil Nadu,TIRUNELVELI,Rapeseed &Mustard,Rabi       
Tamil Nadu,TIRUPATHUR,Rapeseed &Mustard,Rabi       
Tamil Nadu,TIRUVANNAMALAI,Rapeseed &Mustard,Whole Year 
Tamil Nadu,VELLORE,Rapeseed &Mustard,Rabi       
Tamil Nadu,VILLUPURAM,Rapeseed &Mustard,Rabi       
Tamil Nadu,ARIYALUR,Rice,Kharif     
Tamil Nadu,CHENNAI,Rice,Autumn     
Tamil Nadu,COIMBATORE,Rice,Kharif     
Tamil Nadu,CUDDALORE,Rice,Kharif     
Tamil Nadu,DHARMAPURI,Rice,Kharif     
Tamil Nadu,DINDIGUL,Rice,Kharif     
Tamil Nadu,ERODE,Rice,Kharif     
Tamil Nadu,KANCHIPURAM,Rice,Kharif     
Tamil Nadu,KANNIYAKUMARI,Rice,Kharif     
Tamil Nadu,KARUR,Rice,Kharif     
Tamil Nadu,KRISHNAGIRI,Rice,Kharif     
Tamil Nadu,MADURAI,Rice,Kharif     
Tamil Nadu,NAGAPATTINAM,Rice,Kharif     
Tamil Nadu,NAMAKKAL,Rice,Kharif     
Tamil Nadu,PERAMBALUR,Rice,Kharif     
Tamil Nadu,PUDUKKOTTAI,Rice,Kharif     
Tamil Nadu,RAMANATHAPURAM,Rice,Kharif     
Tamil Nadu,SALEM,Rice,Kharif     
Tamil Nadu,SIVAGANGA,Rice,Kharif     
Tamil Nadu,THANJAVUR,Rice,Kharif     
Tamil Nadu,THE NILGIRIS,Rice,Kharif     
Tamil Nadu,THENI,Rice,Kharif     
Tamil Nadu,THIRUVALLUR,Rice,Kharif     
Tamil Nadu,THIRUVARUR,Rice,Kharif     
Tamil Nadu,TIRUCHIRAPPALLI,Rice,Kharif     
Tamil Nadu,TIRUNELVELI,Rice,Kharif     
Tamil Nadu,TIRUPPUR,Rice,Kharif     
Tamil Nadu,TIRUVANNAMALAI,Rice,Kharif     
Tamil Nadu,TUTICORIN,Rice,Kharif     
Tamil Nadu,VELLORE,Rice,Kharif     
Tamil Nadu,VILLUPURAM,Rice,Kharif     
Tamil Nadu,VIRUDHUNAGAR,Rice,Kharif     
Tamil Nadu,COIMBATORE,Sannhamp,Whole Year 
Tamil Nadu,CUDDALORE,Sannhamp,Whole Year 
Tamil Nadu,DHARMAPURI,Sannhamp,Whole Year 
Tamil Nadu,DINDIGUL,Sannhamp,Whole Year 
Tamil Nadu,ERODE,Sannhamp,Whole Year 
Tamil Nadu,KANCHIPURAM,Sannhamp,Whole Year 
Tamil Nadu,KARUR,Sannhamp,Whole Year 
Tamil Nadu,NAMAKKAL,Sannhamp,Whole Year 
Tamil Nadu,PUDUKKOTTAI,Sannhamp,Whole Year 
Tamil Nadu,SALEM,Sannhamp,Whole Year 
Tamil Nadu,THANJAVUR,Sannhamp,Whole Year 
Tamil Nadu,THIRUVALLUR,Sannhamp,Whole Year 
Tamil Nadu,THIRUVARUR,Sannhamp,Kharif     
Tamil Nadu,TIRUCHIRAPPALLI,Sannhamp,Whole Year 
Tamil Nadu,TIRUNELVELI,Sannhamp,Whole Year 
Tamil Nadu,TIRUVANNAMALAI,Sannhamp,Whole Year 
Tamil Nadu,VELLORE,Sannhamp,Kharif     
Tamil Nadu,VILLUPURAM,Sannhamp,Whole Year 
Tamil Nadu,VIRUDHUNAGAR,Sannhamp,Whole Year 
Tamil Nadu,ARIYALUR,Sesamum,Whole Year 
Tamil Nadu,CHENNAI,Sesamum,Kharif     
Tamil Nadu,COIMBATORE,Sesamum,Kharif     
Tamil Nadu,CUDDALORE,Sesamum,Kharif     
Tamil Nadu,DHARMAPURI,Sesamum,Kharif     
Tamil Nadu,DINDIGUL,Sesamum,Kharif     
Tamil Nadu,ERODE,Sesamum,Kharif     
Tamil Nadu,KANCHIPURAM,Sesamum,Kharif     
Tamil Nadu,KANNIYAKUMARI,Sesamum,Kharif     
Tamil Nadu,KARUR,Sesamum,Kharif     
Tamil Nadu,KRISHNAGIRI,Sesamum,Kharif     
Tamil Nadu,MADURAI,Sesamum,Kharif     
Tamil Nadu,NAGAPATTINAM,Sesamum,Kharif     
Tamil Nadu,NAMAKKAL,Sesamum,Kharif     
Tamil Nadu,PERAMBALUR,Sesamum,Kharif     
Tamil Nadu,PUDUKKOTTAI,Sesamum,Kharif     
Tamil Nadu,RAMANATHAPURAM,Sesamum,Kharif     
Tamil Nadu,SALEM,Sesamum,Kharif     
Tamil Nadu,SIVAGANGA,Sesamum,Kharif     
Tamil Nadu,THANJAVUR,Sesamum,Kharif     
Tamil Nadu,THE NILGIRIS,Sesamum,Kharif     
Tamil Nadu,THENI,Sesamum,Kharif     
Tamil Nadu,THIRUVALLUR,Sesamum,Kharif     
Tamil Nadu,THIRUVARUR,Sesamum,Kharif     
Tamil Nadu,TIRUCHIRAPPALLI,Sesamum,Kharif     
Tamil Nadu,TIRUNELVELI,Sesamum,Kharif     
Tamil Nadu,TIRUPPUR,Sesamum,Whole Year 
Tamil Nadu,TIRUVANNAMALAI,Sesamum,Kharif     
Tamil Nadu,TUTICORIN,Sesamum,Kharif     
Tamil Nadu,VELLORE,Sesamum,Kharif     
Tamil Nadu,VILLUPURAM,Sesamum,Kharif     
Tamil Nadu,VIRUDHUNAGAR,Sesamum,Kharif     
Tamil Nadu,ARIYALUR,Small millets,Kharif     
Tamil Nadu,CHENGALPATTU,Small millets,Kharif     
Tamil Nadu,COIMBATORE,Small millets,Kharif     
Tamil Nadu,CUDDALORE,Small millets,Kharif     
Tamil Nadu,DHARMAPURI,Small millets,Kharif     
Tamil Nadu,DINDIGUL,Small millets,Kharif     
Tamil Nadu,ERODE,Small millets,Kharif     
Tamil Nadu,KALLAKURICHI,Small millets,Kharif     
Tamil Nadu,KANCHIPURAM,Small millets,Whole Year 
Tamil Nadu,KARUR,Small millets,Kharif     
Tamil Nadu,KRISHNAGIRI,Small millets,Kharif     
Tamil Nadu,MADURAI,Small millets,Kharif     
Tamil Nadu,NAGAPATTINAM,Small millets,Kharif     
Tamil Nadu,NAMAKKAL,Small millets,Kharif     
Tamil Nadu,PERAMBALUR,Small millets,Kharif     
Tamil Nadu,PUDUKKOTTAI,Small millets,Kharif     
Tamil Nadu,RAMANATHAPURAM,Small millets,Kharif     
Tamil Nadu,SALEM,Small millets,Kharif     
Tamil Nadu,SIVAGANGA,Small millets,Kharif     
Tamil Nadu,THANJAVUR,Small millets,Kharif     
Tamil Nadu,THE NILGIRIS,Small millets,Kharif     
Tamil Nadu,THENI,Small millets,Kharif     
Tamil Nadu,THIRUVALLUR,Small millets,Kharif     
Tamil Nadu,THIRUVARUR,Small millets,Kharif     
Tamil Nadu,TIRUCHIRAPPALLI,Small millets,Kharif     
Tamil Nadu,TIRUNELVELI,Small millets,Kharif     
Tamil Nadu,TIRUPATHUR,Small millets,Kharif     
Tamil Nadu,TIRUPPUR,Small millets,Rabi       
Tamil Nadu,TIRUVANNAMALAI,Small millets,Kharif     
Tamil Nadu,TUTICORIN,Small millets,Kharif     
Tamil Nadu,VELLORE,Small millets,Kharif     
Tamil Nadu,VILLUPURAM,Small millets,Kharif     
Tamil Nadu,VIRUDHUNAGAR,Small millets,Kharif     
Tamil Nadu,COIMBATORE,Soyabean,Kharif     
Tamil Nadu,DINDIGUL,Soyabean,Kharif     
Tamil Nadu,ERODE,Soyabean,Kharif     
Tamil Nadu,KARUR,Soyabean,Kharif     
Tamil Nadu,NAGAPATTINAM,Soyabean,Kharif     
Tamil Nadu,SALEM,Soyabean,Kharif     
Tamil Nadu,THANJAVUR,Soyabean,Kharif     
Tamil Nadu,THIRUVALLUR,Soyabean,Kharif     
Tamil Nadu,TIRUNELVELI,Soyabean,Kharif     
Tamil Nadu,TIRUVANNAMALAI,Soyabean,Kharif     
Tamil Nadu,TUTICORIN,Soyabean,Kharif     
Tamil Nadu,VELLORE,Soyabean,Kharif     
Tamil Nadu,ARIYALUR,Sugarcane,Whole Year 
Tamil Nadu,COIMBATORE,Sugarcane,Whole Year 
Tamil Nadu,CUDDALORE,Sugarcane,Whole Year 
Tamil Nadu,DHARMAPURI,Sugarcane,Whole Year 
Tamil Nadu,DINDIGUL,Sugarcane,Whole Year 
Tamil Nadu,ERODE,Sugarcane,Whole Year 
Tamil Nadu,KANCHIPURAM,Sugarcane,Whole Year 
Tamil Nadu,KANNIYAKUMARI,Sugarcane,Whole Year 
Tamil Nadu,KARUR,Sugarcane,Whole Year 
Tamil Nadu,KRISHNAGIRI,Sugarcane,Whole Year 
Tamil Nadu,MADURAI,Sugarcane,Whole Year 
Tamil Nadu,NAGAPATTINAM,Sugarcane,Whole Year 
Tamil Nadu,NAMAKKAL,Sugarcane,Whole Year 
Tamil Nadu,PERAMBALUR,Sugarcane,Whole Year 
Tamil Nadu,PUDUKKOTTAI,Sugarcane,Whole Year 
Tamil Nadu,RAMANATHAPURAM,Sugarcane,Whole Year 
Tamil Nadu,SALEM,Sugarcane,Whole Year 
Tamil Nadu,SIVAGANGA,Sugarcane,Whole Year 
Tamil Nadu,THANJAVUR,Sugarcane,Whole Year 
Tamil Nadu,THE NILGIRIS,Sugarcane,Whole Year 
Tamil Nadu,THENI,Sugarcane,Whole Year 
Tamil Nadu,THIRUVALLUR,Sugarcane,Whole Year 
Tamil Nadu,THIRUVARUR,Sugarcane,Whole Year 
Tamil Nadu,TIRUCHIRAPPALLI,Sugarcane,Whole Year 
Tamil Nadu,TIRUNELVELI,Sugarcane,Whole Year 
Tamil Nadu,TIRUPPUR,Sugarcane,Whole Year 
Tamil Nadu,TIRUVANNAMALAI,Sugarcane,Whole Year 
Tamil Nadu,TUTICORIN,Sugarcane,Whole Year 
Tamil Nadu,VELLORE,Sugarcane,Whole Year 
Tamil Nadu,VILLUPURAM,Sugarcane,Whole Year 
Tamil Nadu,VIRUDHUNAGAR,Sugarcane,Whole Year 
Tamil Nadu,ARIYALUR,Sunflower,Whole Year 
Tamil Nadu,COIMBATORE,Sunflower,Kharif     
Tamil Nadu,CUDDALORE,Sunflower,Kharif     
Tamil Nadu,DHARMAPURI,Sunflower,Kharif     
Tamil Nadu,DINDIGUL,Sunflower,Kharif     
Tamil Nadu,ERODE,Sunflower,Kharif     
Tamil Nadu,KANCHIPURAM,Sunflower,Kharif     
Tamil Nadu,KARUR,Sunflower,Kharif     
Tamil Nadu,KRISHNAGIRI,Sunflower,Kharif     
Tamil Nadu,MADURAI,Sunflower,Kharif     
Tamil Nadu,NAGAPATTINAM,Sunflower,Kharif     
Tamil Nadu,NAMAKKAL,Sunflower,Kharif     
Tamil Nadu,PERAMBALUR,Sunflower,Kharif     
Tamil Nadu,PUDUKKOTTAI,Sunflower,Kharif     
Tamil Nadu,RAMANATHAPURAM,Sunflower,Kharif     
Tamil Nadu,SALEM,Sunflower,Kharif     
Tamil Nadu,SIVAGANGA,Sunflower,Kharif     
Tamil Nadu,THANJAVUR,Sunflower,Kharif     
Tamil Nadu,THE NILGIRIS,Sunflower,Kharif     
Tamil Nadu,THENI,Sunflower,Kharif     
Tamil Nadu,THIRUVALLUR,Sunflower,Kharif     
Tamil Nadu,THIRUVARUR,Sunflower,Kharif     
Tamil Nadu,TIRUCHIRAPPALLI,Sunflower,Kharif     
Tamil Nadu,TIRUNELVELI,Sunflower,Kharif     
Tamil Nadu,TIRUPPUR,Sunflower,Whole Year 
Tamil Nadu,TIRUVANNAMALAI,Sunflower,Kharif     
Tamil Nadu,TUTICORIN,Sunflower,Kharif     
Tamil Nadu,VELLORE,Sunflower,Kharif     
Tamil Nadu,VILLUPURAM,Sunflower,Kharif     
Tamil Nadu,VIRUDHUNAGAR,Sunflower,Kharif     
Tamil Nadu,ARIYALUR,Sweet potato,Whole Year 
Tamil Nadu,COIMBATORE,Sweet potato,Whole Year 
Tamil Nadu,CUDDALORE,Sweet potato,Whole Year 
Tamil Nadu,DHARMAPURI,Sweet potato,Whole Year 
Tamil Nadu,DINDIGUL,Sweet potato,Whole Year 
Tamil Nadu,ERODE,Sweet potato,Whole Year 
Tamil Nadu,KANCHIPURAM,Sweet potato,Whole Year 
Tamil Nadu,KANNIYAKUMARI,Sweet potato,Whole Year 
Tamil Nadu,KARUR,Sweet potato,Whole Year 
Tamil Nadu,KRISHNAGIRI,Sweet potato,Whole Year 
Tamil Nadu,MADURAI,Sweet potato,Whole Year 
Tamil Nadu,NAGAPATTINAM,Sweet potato,Whole Year 
Tamil Nadu,NAMAKKAL,Sweet potato,Whole Year 
Tamil Nadu,PERAMBALUR,Sweet potato,Whole Year 
Tamil Nadu,PUDUKKOTTAI,Sweet potato,Whole Year 
Tamil Nadu,SALEM,Sweet potato,Whole Year 
Tamil Nadu,SIVAGANGA,Sweet potato,Whole Year 
Tamil Nadu,THANJAVUR,Sweet potato,Whole Year 
Tamil Nadu,THE NILGIRIS,Sweet potato,Whole Year 
Tamil Nadu,THENI,Sweet potato,Whole Year 
Tamil Nadu,THIRUVALLUR,Sweet potato,Whole Year 
Tamil Nadu,THIRUVARUR,Sweet potato,Whole Year 
Tamil Nadu,TIRUCHIRAPPALLI,Sweet potato,Whole Year 
Tamil Nadu,TIRUNELVELI,Sweet potato,Whole Year 
Tamil Nadu,TIRUPPUR,Sweet potato,Whole Year 
Tamil Nadu,TIRUVANNAMALAI,Sweet potato,Whole Year 
Tamil Nadu,TUTICORIN,Sweet potato,Whole Year 
Tamil Nadu,VELLORE,Sweet potato,Whole Year 
Tamil Nadu,VILLUPURAM,Sweet potato,Whole Year 
Tamil Nadu,VIRUDHUNAGAR,Sweet potato,Whole Year 
Tamil Nadu,ARIYALUR,Tapioca,Whole Year 
Tamil Nadu,COIMBATORE,Tapioca,Whole Year 
Tamil Nadu,CUDDALORE,Tapioca,Whole Year 
Tamil Nadu,DHARMAPURI,Tapioca,Whole Year 
Tamil Nadu,DINDIGUL,Tapioca,Whole Year 
Tamil Nadu,ERODE,Tapioca,Whole Year 
Tamil Nadu,KANCHIPURAM,Tapioca,Whole Year 
Tamil Nadu,KANNIYAKUMARI,Tapioca,Whole Year 
Tamil Nadu,KARUR,Tapioca,Whole Year 
Tamil Nadu,KRISHNAGIRI,Tapioca,Whole Year 
Tamil Nadu,MADURAI,Tapioca,Whole Year 
Tamil Nadu,NAGAPATTINAM,Tapioca,Whole Year 
Tamil Nadu,NAMAKKAL,Tapioca,Whole Year 
Tamil Nadu,PERAMBALUR,Tapioca,Whole Year 
Tamil Nadu,PUDUKKOTTAI,Tapioca,Whole Year 
Tamil Nadu,RAMANATHAPURAM,Tapioca,Whole Year 
Tamil Nadu,SALEM,Tapioca,Whole Year 
Tamil Nadu,SIVAGANGA,Tapioca,Whole Year 
Tamil Nadu,THANJAVUR,Tapioca,Whole Year 
Tamil Nadu,THE NILGIRIS,Tapioca,Whole Year 
Tamil Nadu,THENI,Tapioca,Whole Year 
Tamil Nadu,THIRUVALLUR,Tapioca,Whole Year 
Tamil Nadu,THIRUVARUR,Tapioca,Whole Year 
Tamil Nadu,TIRUCHIRAPPALLI,Tapioca,Whole Year 
Tamil Nadu,TIRUNELVELI,Tapioca,Whole Year 
Tamil Nadu,TIRUPPUR,Tapioca,Whole Year 
Tamil Nadu,TIRUVANNAMALAI,Tapioca,Whole Year 
Tamil Nadu,TUTICORIN,Tapioca,Whole Year 
Tamil Nadu,VELLORE,Tapioca,Whole Year 
Tamil Nadu,VILLUPURAM,Tapioca,Whole Year 
Tamil Nadu,VIRUDHUNAGAR,Tapioca,Whole Year 
Tamil Nadu,ARIYALUR,Tobacco,Whole Year 
Tamil Nadu,COIMBATORE,Tobacco,Whole Year 
Tamil Nadu,CUDDALORE,Tobacco,Whole Year 
Tamil Nadu,DHARMAPURI,Tobacco,Whole Year 
Tamil Nadu,DINDIGUL,Tobacco,Whole Year 
Tamil Nadu,ERODE,Tobacco,Whole Year 
Tamil Nadu,KANCHIPURAM,Tobacco,Whole Year 
Tamil Nadu,KARUR,Tobacco,Whole Year 
Tamil Nadu,KRISHNAGIRI,Tobacco,Whole Year 
Tamil Nadu,MADURAI,Tobacco,Whole Year 
Tamil Nadu,NAGAPATTINAM,Tobacco,Whole Year 
Tamil Nadu,NAMAKKAL,Tobacco,Whole Year 
Tamil Nadu,PUDUKKOTTAI,Tobacco,Whole Year 
Tamil Nadu,RAMANATHAPURAM,Tobacco,Whole Year 
Tamil Nadu,SALEM,Tobacco,Whole Year 
Tamil Nadu,SIVAGANGA,Tobacco,Whole Year 
Tamil Nadu,THE NILGIRIS,Tobacco,Whole Year 
Tamil Nadu,THENI,Tobacco,Whole Year 
Tamil Nadu,THIRUVALLUR,Tobacco,Whole Year 
Tamil Nadu,THIRUVARUR,Tobacco,Whole Year 
Tamil Nadu,TIRUNELVELI,Tobacco,Whole Year 
Tamil Nadu,TIRUPPUR,Tobacco,Whole Year 
Tamil Nadu,TIRUVANNAMALAI,Tobacco,Whole Year 
Tamil Nadu,TUTICORIN,Tobacco,Whole Year 
Tamil Nadu,VELLORE,Tobacco,Whole Year 
Tamil Nadu,VILLUPURAM,Tobacco,Whole Year 
Tamil Nadu,ARIYALUR,Turmeric,Whole Year 
Tamil Nadu,COIMBATORE,Turmeric,Whole Year 
Tamil Nadu,CUDDALORE,Turmeric,Whole Year 
Tamil Nadu,DHARMAPURI,Turmeric,Whole Year 
Tamil Nadu,DINDIGUL,Turmeric,Whole Year 
Tamil Nadu,ERODE,Turmeric,Whole Year 
Tamil Nadu,KANCHIPURAM,Turmeric,Whole Year 
Tamil Nadu,KANNIYAKUMARI,Turmeric,Whole Year 
Tamil Nadu,KARUR,Turmeric,Whole Year 
Tamil Nadu,KRISHNAGIRI,Turmeric,Whole Year 
Tamil Nadu,MADURAI,Turmeric,Whole Year 
Tamil Nadu,NAGAPATTINAM,Turmeric,Whole Year 
Tamil Nadu,NAMAKKAL,Turmeric,Whole Year 
Tamil Nadu,PERAMBALUR,Turmeric,Whole Year 
Tamil Nadu,PUDUKKOTTAI,Turmeric,Whole Year 
Tamil Nadu,RAMANATHAPURAM,Turmeric,Whole Year 
Tamil Nadu,SALEM,Turmeric,Whole Year 
Tamil Nadu,SIVAGANGA,Turmeric,Whole Year 
Tamil Nadu,THANJAVUR,Turmeric,Whole Year 
Tamil Nadu,THE NILGIRIS,Turmeric,Whole Year 
Tamil Nadu,THENI,Turmeric,Whole Year 
Tamil Nadu,THIRUVALLUR,Turmeric,Whole Year 
Tamil Nadu,THIRUVARUR,Turmeric,Whole Year 
Tamil Nadu,TIRUCHIRAPPALLI,Turmeric,Whole Year 
Tamil Nadu,TIRUNELVELI,Turmeric,Whole Year 
Tamil Nadu,TIRUPPUR,Turmeric,Whole Year 
Tamil Nadu,TIRUVANNAMALAI,Turmeric,Whole Year 
Tamil Nadu,TUTICORIN,Turmeric,Whole Year 
Tamil Nadu,VELLORE,Turmeric,Whole Year 
Tamil Nadu,VILLUPURAM,Turmeric,Whole Year 
Tamil Nadu,VIRUDHUNAGAR,Turmeric,Whole Year 
Tamil Nadu,ARIYALUR,Urad,Whole Year 
Tamil Nadu,COIMBATORE,Urad,Kharif     
Tamil Nadu,CUDDALORE,Urad,Kharif     
Tamil Nadu,DHARMAPURI,Urad,Kharif     
Tamil Nadu,DINDIGUL,Urad,Kharif     
Tamil Nadu,ERODE,Urad,Kharif     
Tamil Nadu,KANCHIPURAM,Urad,Kharif     
Tamil Nadu,KANNIYAKUMARI,Urad,Kharif     
Tamil Nadu,KARUR,Urad,Kharif     
Tamil Nadu,KRISHNAGIRI,Urad,Kharif     
Tamil Nadu,MADURAI,Urad,Kharif     
Tamil Nadu,NAGAPATTINAM,Urad,Kharif     
Tamil Nadu,NAMAKKAL,Urad,Kharif     
Tamil Nadu,PERAMBALUR,Urad,Kharif     
Tamil Nadu,PUDUKKOTTAI,Urad,Kharif     
Tamil Nadu,RAMANATHAPURAM,Urad,Kharif     
Tamil Nadu,SALEM,Urad,Kharif     
Tamil Nadu,SIVAGANGA,Urad,Kharif     
Tamil Nadu,THANJAVUR,Urad,Kharif     
Tamil Nadu,THENI,Urad,Kharif     
Tamil Nadu,THIRUVALLUR,Urad,Kharif     
Tamil Nadu,THIRUVARUR,Urad,Kharif     
Tamil Nadu,TIRUCHIRAPPALLI,Urad,Kharif     
Tamil Nadu,TIRUNELVELI,Urad,Kharif     
Tamil Nadu,TIRUPPUR,Urad,Whole Year 
Tamil Nadu,TIRUVANNAMALAI,Urad,Kharif     
Tamil Nadu,TUTICORIN,Urad,Kharif     
Tamil Nadu,VELLORE,Urad,Kharif     
Tamil Nadu,VILLUPURAM,Urad,Kharif     
Tamil Nadu,VIRUDHUNAGAR,Urad,Kharif     
Tamil Nadu,COIMBATORE,,Rabi       
Tamil Nadu,DINDIGUL,,Rabi       
Tamil Nadu,KRISHNAGIRI,,Rabi       
Tamil Nadu,NAMAKKAL,,Rabi       
Tamil Nadu,RAMANATHAPURAM,,Rabi       
Tamil Nadu,SALEM,,Rabi       
Tamil Nadu,THE NILGIRIS,,Rabi       
Tamil Nadu,TIRUPPUR,,Kharif     
Tamil Nadu,VELLORE,,Rabi       
Telangana,ADILABAD,Arhar/Tur,Kharif     
Telangana,BHADRADRI,Arhar/Tur,Kharif     
Telangana,"HANUMAKONDA
",Arhar/Tur,Kharif     
Telangana,JAGITIAL,Arhar/Tur,Kharif     
Telangana,JANGOAN,Arhar/Tur,Kharif     
Telangana,JAYASHANKAR,Arhar/Tur,Kharif     
Telangana,JOGULAMBA,Arhar/Tur,Kharif     
Telangana,KAMAREDDY,Arhar/Tur,Kharif     
Telangana,KARIMNAGAR,Arhar/Tur,Kharif     
Telangana,KHAMMAM,Arhar/Tur,Kharif     
Telangana,KOMARAM BHEEM ASIFABAD,Arhar/Tur,Kharif     
Telangana,MAHABUBABAD,Arhar/Tur,Kharif     
Telangana,MAHBUBNAGAR,Arhar/Tur,Kharif     
Telangana,MANCHERIAL,Arhar/Tur,Kharif     
Telangana,MEDAK,Arhar/Tur,Kharif     
Telangana,MEDCHAL MALKAJGIRI,Arhar/Tur,Kharif     
Telangana,MULUGU,Arhar/Tur,Kharif     
Telangana,NAGARKURNOOL,Arhar/Tur,Kharif     
Telangana,NALGONDA,Arhar/Tur,Kharif     
Telangana,NARAYANAPET,Arhar/Tur,Kharif     
Telangana,NIRMAL,Arhar/Tur,Kharif     
Telangana,NIZAMABAD,Arhar/Tur,Kharif     
Telangana,PEDDAPALLI,Arhar/Tur,Kharif     
Telangana,RAJANNA,Arhar/Tur,Kharif     
Telangana,RANGAREDDI,Arhar/Tur,Kharif     
Telangana,SANGAREDDY,Arhar/Tur,Kharif     
Telangana,SIDDIPET,Arhar/Tur,Kharif     
Telangana,SURYAPET,Arhar/Tur,Kharif     
Telangana,VIKARABAD,Arhar/Tur,Kharif     
Telangana,WANAPARTHY,Arhar/Tur,Kharif     
Telangana,WARANGAL,Arhar/Tur,Kharif     
Telangana,YADADRI,Arhar/Tur,Kharif     
Telangana,ADILABAD,Bajra,Rabi       
Telangana,BHADRADRI,Bajra,Rabi       
Telangana,JAGITIAL,Bajra,Rabi       
Telangana,JAYASHANKAR,Bajra,Rabi       
Telangana,JOGULAMBA,Bajra,Kharif     
Telangana,KARIMNAGAR,Bajra,Rabi       
Telangana,KHAMMAM,Bajra,Kharif     
Telangana,KOMARAM BHEEM ASIFABAD,Bajra,Kharif     
Telangana,MAHABUBABAD,Bajra,Rabi       
Telangana,MAHBUBNAGAR,Bajra,Kharif     
Telangana,MEDAK,Bajra,Kharif     
Telangana,NAGARKURNOOL,Bajra,Kharif     
Telangana,NALGONDA,Bajra,Kharif     
Telangana,NARAYANAPET,Bajra,Kharif     
Telangana,NIRMAL,Bajra,Rabi       
Telangana,NIZAMABAD,Bajra,Rabi       
Telangana,PEDDAPALLI,Bajra,Rabi       
Telangana,RAJANNA,Bajra,Kharif     
Telangana,RANGAREDDI,Bajra,Kharif     
Telangana,SANGAREDDY,Bajra,Kharif     
Telangana,SURYAPET,Bajra,Kharif     
Telangana,VIKARABAD,Bajra,Kharif     
Telangana,WANAPARTHY,Bajra,Kharif     
Telangana,WARANGAL,Bajra,Kharif     
Telangana,YADADRI,Bajra,Kharif     
Telangana,ADILABAD,Banana,Kharif     
Telangana,BHADRADRI,Banana,Kharif     
Telangana,"HANUMAKONDA
",Banana,Kharif     
Telangana,JAGITIAL,Banana,Kharif     
Telangana,JANGOAN,Banana,Kharif     
Telangana,JAYASHANKAR,Banana,Kharif     
Telangana,JOGULAMBA,Banana,Kharif     
Telangana,KAMAREDDY,Banana,Kharif     
Telangana,KARIMNAGAR,Banana,Whole Year 
Telangana,KHAMMAM,Banana,Whole Year 
Telangana,KOMARAM BHEEM ASIFABAD,Banana,Kharif     
Telangana,MAHABUBABAD,Banana,Kharif     
Telangana,MAHBUBNAGAR,Banana,Kharif     
Telangana,MEDAK,Banana,Whole Year 
Telangana,MEDCHAL MALKAJGIRI,Banana,Kharif     
Telangana,MULUGU,Banana,Kharif     
Telangana,NAGARKURNOOL,Banana,Kharif     
Telangana,NALGONDA,Banana,Whole Year 
Telangana,NARAYANAPET,Banana,Kharif     
Telangana,NIRMAL,Banana,Kharif     
Telangana,NIZAMABAD,Banana,Whole Year 
Telangana,PEDDAPALLI,Banana,Kharif     
Telangana,RANGAREDDI,Banana,Whole Year 
Telangana,SANGAREDDY,Banana,Kharif     
Telangana,SIDDIPET,Banana,Kharif     
Telangana,SURYAPET,Banana,Kharif     
Telangana,VIKARABAD,Banana,Kharif     
Telangana,WANAPARTHY,Banana,Kharif     
Telangana,WARANGAL,Banana,Whole Year 
Telangana,YADADRI,Banana,Kharif     
Telangana,ADILABAD,Cashewnut,Kharif     
Telangana,BHADRADRI,Cashewnut,Kharif     
Telangana,JAYASHANKAR,Cashewnut,Kharif     
Telangana,KHAMMAM,Cashewnut,Kharif     
Telangana,KOMARAM BHEEM ASIFABAD,Cashewnut,Kharif     
Telangana,MANCHERIAL,Cashewnut,Kharif     
Telangana,MULUGU,Cashewnut,Kharif     
Telangana,RANGAREDDI,Cashewnut,Kharif     
Telangana,SANGAREDDY,Cashewnut,Kharif     
Telangana,ADILABAD,Castor seed,Kharif     
Telangana,JANGOAN,Castor seed,Kharif     
Telangana,JOGULAMBA,Castor seed,Kharif     
Telangana,KAMAREDDY,Castor seed,Kharif     
Telangana,KARIMNAGAR,Castor seed,Kharif     
Telangana,KOMARAM BHEEM ASIFABAD,Castor seed,Kharif     
Telangana,MAHBUBNAGAR,Castor seed,Kharif     
Telangana,MEDAK,Castor seed,Kharif     
Telangana,MEDCHAL MALKAJGIRI,Castor seed,Kharif     
Telangana,NAGARKURNOOL,Castor seed,Kharif     
Telangana,NALGONDA,Castor seed,Kharif     
Telangana,NARAYANAPET,Castor seed,Kharif     
Telangana,NIZAMABAD,Castor seed,Kharif     
Telangana,RAJANNA,Castor seed,Kharif     
Telangana,RANGAREDDI,Castor seed,Kharif     
Telangana,SANGAREDDY,Castor seed,Kharif     
Telangana,SIDDIPET,Castor seed,Kharif     
Telangana,SURYAPET,Castor seed,Kharif     
Telangana,VIKARABAD,Castor seed,Kharif     
Telangana,WANAPARTHY,Castor seed,Kharif     
Telangana,WARANGAL,Castor seed,Kharif     
Telangana,YADADRI,Castor seed,Kharif     
Telangana,KHAMMAM,Coconut ,Whole Year 
Telangana,RANGAREDDI,Coconut ,Whole Year 
Telangana,ADILABAD,Coriander,Whole Year 
Telangana,JANGOAN,Coriander,Kharif     
Telangana,JAYASHANKAR,Coriander,Rabi       
Telangana,KAMAREDDY,Coriander,Rabi       
Telangana,KARIMNAGAR,Coriander,Whole Year 
Telangana,KOMARAM BHEEM ASIFABAD,Coriander,Kharif     
Telangana,MANCHERIAL,Coriander,Rabi       
Telangana,MEDAK,Coriander,Whole Year 
Telangana,NALGONDA,Coriander,Whole Year 
Telangana,NIRMAL,Coriander,Rabi       
Telangana,NIZAMABAD,Coriander,Whole Year 
Telangana,PEDDAPALLI,Coriander,Rabi       
Telangana,RAJANNA,Coriander,Rabi       
Telangana,RANGAREDDI,Coriander,Whole Year 
Telangana,SANGAREDDY,Coriander,Kharif     
Telangana,SIDDIPET,Coriander,Rabi       
Telangana,SURYAPET,Coriander,Kharif     
Telangana,WARANGAL,Coriander,Whole Year 
Telangana,YADADRI,Coriander,Rabi       
Telangana,ADILABAD,Cotton(lint),Kharif     
Telangana,BHADRADRI,Cotton(lint),Kharif     
Telangana,"HANUMAKONDA
",Cotton(lint),Kharif     
Telangana,JAGITIAL,Cotton(lint),Kharif     
Telangana,JANGOAN,Cotton(lint),Kharif     
Telangana,JAYASHANKAR,Cotton(lint),Kharif     
Telangana,JOGULAMBA,Cotton(lint),Kharif     
Telangana,KAMAREDDY,Cotton(lint),Kharif     
Telangana,KARIMNAGAR,Cotton(lint),Kharif     
Telangana,KHAMMAM,Cotton(lint),Kharif     
Telangana,KOMARAM BHEEM ASIFABAD,Cotton(lint),Kharif     
Telangana,MAHABUBABAD,Cotton(lint),Kharif     
Telangana,MAHBUBNAGAR,Cotton(lint),Kharif     
Telangana,MANCHERIAL,Cotton(lint),Kharif     
Telangana,MEDAK,Cotton(lint),Kharif     
Telangana,MEDCHAL MALKAJGIRI,Cotton(lint),Kharif     
Telangana,MULUGU,Cotton(lint),Kharif     
Telangana,NAGARKURNOOL,Cotton(lint),Kharif     
Telangana,NALGONDA,Cotton(lint),Kharif     
Telangana,NARAYANAPET,Cotton(lint),Kharif     
Telangana,NIRMAL,Cotton(lint),Kharif     
Telangana,NIZAMABAD,Cotton(lint),Kharif     
Telangana,PEDDAPALLI,Cotton(lint),Kharif     
Telangana,RAJANNA,Cotton(lint),Kharif     
Telangana,RANGAREDDI,Cotton(lint),Kharif     
Telangana,SANGAREDDY,Cotton(lint),Kharif     
Telangana,SIDDIPET,Cotton(lint),Kharif     
Telangana,SURYAPET,Cotton(lint),Kharif     
Telangana,VIKARABAD,Cotton(lint),Kharif     
Telangana,WANAPARTHY,Cotton(lint),Kharif     
Telangana,WARANGAL,Cotton(lint),Kharif     
Telangana,YADADRI,Cotton(lint),Kharif     
Telangana,ADILABAD,Cowpea(Lobia),Kharif     
Telangana,BHADRADRI,Cowpea(Lobia),Kharif     
Telangana,"HANUMAKONDA
",Cowpea(Lobia),Kharif     
Telangana,JAGITIAL,Cowpea(Lobia),Kharif     
Telangana,JANGOAN,Cowpea(Lobia),Kharif     
Telangana,JAYASHANKAR,Cowpea(Lobia),Kharif     
Telangana,JOGULAMBA,Cowpea(Lobia),Rabi       
Telangana,KAMAREDDY,Cowpea(Lobia),Kharif     
Telangana,KARIMNAGAR,Cowpea(Lobia),Kharif     
Telangana,KHAMMAM,Cowpea(Lobia),Kharif     
Telangana,KOMARAM BHEEM ASIFABAD,Cowpea(Lobia),Kharif     
Telangana,MAHABUBABAD,Cowpea(Lobia),Rabi       
Telangana,MAHBUBNAGAR,Cowpea(Lobia),Kharif     
Telangana,MANCHERIAL,Cowpea(Lobia),Kharif     
Telangana,MEDAK,Cowpea(Lobia),Kharif     
Telangana,MULUGU,Cowpea(Lobia),Rabi       
Telangana,NAGARKURNOOL,Cowpea(Lobia),Kharif     
Telangana,NALGONDA,Cowpea(Lobia),Rabi       
Telangana,NARAYANAPET,Cowpea(Lobia),Kharif     
Telangana,NIRMAL,Cowpea(Lobia),Rabi       
Telangana,NIZAMABAD,Cowpea(Lobia),Kharif     
Telangana,PEDDAPALLI,Cowpea(Lobia),Kharif     
Telangana,RAJANNA,Cowpea(Lobia),Kharif     
Telangana,RANGAREDDI,Cowpea(Lobia),Kharif     
Telangana,SANGAREDDY,Cowpea(Lobia),Kharif     
Telangana,SIDDIPET,Cowpea(Lobia),Kharif     
Telangana,SURYAPET,Cowpea(Lobia),Rabi       
Telangana,VIKARABAD,Cowpea(Lobia),Kharif     
Telangana,WANAPARTHY,Cowpea(Lobia),Kharif     
Telangana,WARANGAL,Cowpea(Lobia),Kharif     
Telangana,YADADRI,Cowpea(Lobia),Rabi       
Telangana,ADILABAD,Dry chillies,Kharif     
Telangana,BHADRADRI,Dry chillies,Kharif     
Telangana,"HANUMAKONDA
",Dry chillies,Kharif     
Telangana,JAGITIAL,Dry chillies,Kharif     
Telangana,JANGOAN,Dry chillies,Kharif     
Telangana,JAYASHANKAR,Dry chillies,Kharif     
Telangana,JOGULAMBA,Dry chillies,Kharif     
Telangana,KAMAREDDY,Dry chillies,Kharif     
Telangana,KARIMNAGAR,Dry chillies,Kharif     
Telangana,KHAMMAM,Dry chillies,Kharif     
Telangana,KOMARAM BHEEM ASIFABAD,Dry chillies,Kharif     
Telangana,MAHABUBABAD,Dry chillies,Kharif     
Telangana,MAHBUBNAGAR,Dry chillies,Kharif     
Telangana,MANCHERIAL,Dry chillies,Kharif     
Telangana,MEDAK,Dry chillies,Kharif     
Telangana,MEDCHAL MALKAJGIRI,Dry chillies,Kharif     
Telangana,MULUGU,Dry chillies,Kharif     
Telangana,NAGARKURNOOL,Dry chillies,Kharif     
Telangana,NALGONDA,Dry chillies,Kharif     
Telangana,NARAYANAPET,Dry chillies,Kharif     
Telangana,NIRMAL,Dry chillies,Kharif     
Telangana,NIZAMABAD,Dry chillies,Kharif     
Telangana,PEDDAPALLI,Dry chillies,Kharif     
Telangana,RAJANNA,Dry chillies,Kharif     
Telangana,RANGAREDDI,Dry chillies,Kharif     
Telangana,SANGAREDDY,Dry chillies,Kharif     
Telangana,SIDDIPET,Dry chillies,Kharif     
Telangana,SURYAPET,Dry chillies,Kharif     
Telangana,VIKARABAD,Dry chillies,Kharif     
Telangana,WANAPARTHY,Dry chillies,Kharif     
Telangana,WARANGAL,Dry chillies,Kharif     
Telangana,YADADRI,Dry chillies,Kharif     
Telangana,ADILABAD,Garlic,Rabi       
Telangana,"HANUMAKONDA
",Garlic,Rabi       
Telangana,KAMAREDDY,Garlic,Rabi       
Telangana,KARIMNAGAR,Garlic,Rabi       
Telangana,MEDAK,Garlic,Rabi       
Telangana,NIRMAL,Garlic,Rabi       
Telangana,NIZAMABAD,Garlic,Rabi       
Telangana,SANGAREDDY,Garlic,Rabi       
Telangana,SIDDIPET,Garlic,Rabi       
Telangana,ADILABAD,Ginger,Kharif     
Telangana,JANGOAN,Ginger,Kharif     
Telangana,KARIMNAGAR,Ginger,Kharif     
Telangana,KHAMMAM,Ginger,Rabi       
Telangana,MAHBUBNAGAR,Ginger,Kharif     
Telangana,MEDAK,Ginger,Kharif     
Telangana,NALGONDA,Ginger,Kharif     
Telangana,NIZAMABAD,Ginger,Kharif     
Telangana,RANGAREDDI,Ginger,Kharif     
Telangana,SANGAREDDY,Ginger,Kharif     
Telangana,SIDDIPET,Ginger,Kharif     
Telangana,VIKARABAD,Ginger,Kharif     
Telangana,WARANGAL,Ginger,Kharif     
Telangana,ADILABAD,Gram,Rabi       
Telangana,BHADRADRI,Gram,Rabi       
Telangana,"HANUMAKONDA
",Gram,Rabi       
Telangana,JAGITIAL,Gram,Rabi       
Telangana,JANGOAN,Gram,Rabi       
Telangana,JAYASHANKAR,Gram,Rabi       
Telangana,JOGULAMBA,Gram,Rabi       
Telangana,KAMAREDDY,Gram,Rabi       
Telangana,KARIMNAGAR,Gram,Kharif     
Telangana,KHAMMAM,Gram,Rabi       
Telangana,KOMARAM BHEEM ASIFABAD,Gram,Rabi       
Telangana,MAHABUBABAD,Gram,Rabi       
Telangana,MAHBUBNAGAR,Gram,Rabi       
Telangana,MANCHERIAL,Gram,Rabi       
Telangana,MEDAK,Gram,Rabi       
Telangana,MEDCHAL MALKAJGIRI,Gram,Rabi       
Telangana,MULUGU,Gram,Rabi       
Telangana,NAGARKURNOOL,Gram,Rabi       
Telangana,NALGONDA,Gram,Rabi       
Telangana,NARAYANAPET,Gram,Rabi       
Telangana,NIRMAL,Gram,Rabi       
Telangana,NIZAMABAD,Gram,Rabi       
Telangana,PEDDAPALLI,Gram,Rabi       
Telangana,RAJANNA,Gram,Rabi       
Telangana,RANGAREDDI,Gram,Rabi       
Telangana,SANGAREDDY,Gram,Rabi       
Telangana,SIDDIPET,Gram,Rabi       
Telangana,SURYAPET,Gram,Rabi       
Telangana,VIKARABAD,Gram,Rabi       
Telangana,WANAPARTHY,Gram,Rabi       
Telangana,WARANGAL,Gram,Rabi       
Telangana,YADADRI,Gram,Rabi       
Telangana,ADILABAD,Groundnut,Kharif     
Telangana,BHADRADRI,Groundnut,Kharif     
Telangana,"HANUMAKONDA
",Groundnut,Kharif     
Telangana,JAGITIAL,Groundnut,Rabi       
Telangana,JANGOAN,Groundnut,Kharif     
Telangana,JAYASHANKAR,Groundnut,Kharif     
Telangana,JOGULAMBA,Groundnut,Kharif     
Telangana,KAMAREDDY,Groundnut,Rabi       
Telangana,KARIMNAGAR,Groundnut,Kharif     
Telangana,KHAMMAM,Groundnut,Kharif     
Telangana,KOMARAM BHEEM ASIFABAD,Groundnut,Rabi       
Telangana,MAHABUBABAD,Groundnut,Kharif     
Telangana,MAHBUBNAGAR,Groundnut,Kharif     
Telangana,MANCHERIAL,Groundnut,Kharif     
Telangana,MEDAK,Groundnut,Kharif     
Telangana,MULUGU,Groundnut,Kharif     
Telangana,NAGARKURNOOL,Groundnut,Kharif     
Telangana,NALGONDA,Groundnut,Kharif     
Telangana,NARAYANAPET,Groundnut,Kharif     
Telangana,NIRMAL,Groundnut,Rabi       
Telangana,NIZAMABAD,Groundnut,Rabi       
Telangana,PEDDAPALLI,Groundnut,Rabi       
Telangana,RAJANNA,Groundnut,Rabi       
Telangana,RANGAREDDI,Groundnut,Kharif     
Telangana,SANGAREDDY,Groundnut,Kharif     
Telangana,SIDDIPET,Groundnut,Kharif     
Telangana,SURYAPET,Groundnut,Kharif     
Telangana,VIKARABAD,Groundnut,Kharif     
Telangana,WANAPARTHY,Groundnut,Kharif     
Telangana,WARANGAL,Groundnut,Kharif     
Telangana,YADADRI,Groundnut,Kharif     
Telangana,ADILABAD,Horse-gram,Rabi       
Telangana,BHADRADRI,Horse-gram,Rabi       
Telangana,JANGOAN,Horse-gram,Rabi       
Telangana,JAYASHANKAR,Horse-gram,Rabi       
Telangana,JOGULAMBA,Horse-gram,Kharif     
Telangana,KAMAREDDY,Horse-gram,Rabi       
Telangana,KARIMNAGAR,Horse-gram,Rabi       
Telangana,KHAMMAM,Horse-gram,Rabi       
Telangana,KOMARAM BHEEM ASIFABAD,Horse-gram,Rabi       
Telangana,MAHABUBABAD,Horse-gram,Rabi       
Telangana,MAHBUBNAGAR,Horse-gram,Kharif     
Telangana,MANCHERIAL,Horse-gram,Rabi       
Telangana,MEDAK,Horse-gram,Rabi       
Telangana,MEDCHAL MALKAJGIRI,Horse-gram,Kharif     
Telangana,NAGARKURNOOL,Horse-gram,Rabi       
Telangana,NALGONDA,Horse-gram,Rabi       
Telangana,NARAYANAPET,Horse-gram,Kharif     
Telangana,NIRMAL,Horse-gram,Rabi       
Telangana,NIZAMABAD,Horse-gram,Kharif     
Telangana,RAJANNA,Horse-gram,Rabi       
Telangana,RANGAREDDI,Horse-gram,Kharif     
Telangana,SANGAREDDY,Horse-gram,Kharif     
Telangana,SIDDIPET,Horse-gram,Rabi       
Telangana,SURYAPET,Horse-gram,Rabi       
Telangana,VIKARABAD,Horse-gram,Kharif     
Telangana,WANAPARTHY,Horse-gram,Kharif     
Telangana,WARANGAL,Horse-gram,Rabi       
Telangana,YADADRI,Horse-gram,Rabi       
Telangana,ADILABAD,Jowar,Kharif     
Telangana,BHADRADRI,Jowar,Kharif     
Telangana,"HANUMAKONDA
",Jowar,Kharif     
Telangana,JAGITIAL,Jowar,Rabi       
Telangana,JANGOAN,Jowar,Kharif     
Telangana,JAYASHANKAR,Jowar,Rabi       
Telangana,JOGULAMBA,Jowar,Kharif     
Telangana,KAMAREDDY,Jowar,Kharif     
Telangana,KARIMNAGAR,Jowar,Rabi       
Telangana,KHAMMAM,Jowar,Rabi       
Telangana,KOMARAM BHEEM ASIFABAD,Jowar,Kharif     
Telangana,MAHABUBABAD,Jowar,Rabi       
Telangana,MAHBUBNAGAR,Jowar,Kharif     
Telangana,MANCHERIAL,Jowar,Rabi       
Telangana,MEDAK,Jowar,Kharif     
Telangana,MEDCHAL MALKAJGIRI,Jowar,Kharif     
Telangana,MULUGU,Jowar,Rabi       
Telangana,NAGARKURNOOL,Jowar,Kharif     
Telangana,NALGONDA,Jowar,Kharif     
Telangana,NARAYANAPET,Jowar,Kharif     
Telangana,NIRMAL,Jowar,Kharif     
Telangana,NIZAMABAD,Jowar,Kharif     
Telangana,PEDDAPALLI,Jowar,Kharif     
Telangana,RAJANNA,Jowar,Kharif     
Telangana,RANGAREDDI,Jowar,Kharif     
Telangana,SANGAREDDY,Jowar,Kharif     
Telangana,SIDDIPET,Jowar,Kharif     
Telangana,SURYAPET,Jowar,Rabi       
Telangana,VIKARABAD,Jowar,Kharif     
Telangana,WANAPARTHY,Jowar,Kharif     
Telangana,WARANGAL,Jowar,Kharif     
Telangana,YADADRI,Jowar,Kharif     
Telangana,ADILABAD,Linseed,Rabi       
Telangana,MEDAK,Linseed,Rabi       
Telangana,ADILABAD,Maize,Kharif     
Telangana,BHADRADRI,Maize,Kharif     
Telangana,"HANUMAKONDA
",Maize,Kharif     
Telangana,JAGITIAL,Maize,Kharif     
Telangana,JANGOAN,Maize,Kharif     
Telangana,JAYASHANKAR,Maize,Kharif     
Telangana,JOGULAMBA,Maize,Kharif     
Telangana,KAMAREDDY,Maize,Kharif     
Telangana,KARIMNAGAR,Maize,Kharif     
Telangana,KHAMMAM,Maize,Kharif     
Telangana,KOMARAM BHEEM ASIFABAD,Maize,Kharif     
Telangana,MAHABUBABAD,Maize,Kharif     
Telangana,MAHBUBNAGAR,Maize,Kharif     
Telangana,MANCHERIAL,Maize,Kharif     
Telangana,MEDAK,Maize,Kharif     
Telangana,MEDCHAL MALKAJGIRI,Maize,Kharif     
Telangana,MULUGU,Maize,Kharif     
Telangana,NAGARKURNOOL,Maize,Kharif     
Telangana,NALGONDA,Maize,Kharif     
Telangana,NARAYANAPET,Maize,Kharif     
Telangana,NIRMAL,Maize,Kharif     
Telangana,NIZAMABAD,Maize,Kharif     
Telangana,PEDDAPALLI,Maize,Kharif     
Telangana,RAJANNA,Maize,Kharif     
Telangana,RANGAREDDI,Maize,Kharif     
Telangana,SANGAREDDY,Maize,Kharif     
Telangana,SIDDIPET,Maize,Kharif     
Telangana,SURYAPET,Maize,Kharif     
Telangana,VIKARABAD,Maize,Kharif     
Telangana,WANAPARTHY,Maize,Kharif     
Telangana,WARANGAL,Maize,Kharif     
Telangana,YADADRI,Maize,Kharif     
Telangana,MEDAK,Masoor,Rabi       
Telangana,KHAMMAM,Mesta,Kharif     
Telangana,MEDAK,Mesta,Kharif     
Telangana,ADILABAD,Moong(Green Gram),Kharif     
Telangana,BHADRADRI,Moong(Green Gram),Kharif     
Telangana,"HANUMAKONDA
",Moong(Green Gram),Kharif     
Telangana,JAGITIAL,Moong(Green Gram),Kharif     
Telangana,JANGOAN,Moong(Green Gram),Kharif     
Telangana,JAYASHANKAR,Moong(Green Gram),Kharif     
Telangana,JOGULAMBA,Moong(Green Gram),Kharif     
Telangana,KAMAREDDY,Moong(Green Gram),Kharif     
Telangana,KARIMNAGAR,Moong(Green Gram),Kharif     
Telangana,KHAMMAM,Moong(Green Gram),Kharif     
Telangana,KOMARAM BHEEM ASIFABAD,Moong(Green Gram),Kharif     
Telangana,MAHABUBABAD,Moong(Green Gram),Kharif     
Telangana,MAHBUBNAGAR,Moong(Green Gram),Kharif     
Telangana,MANCHERIAL,Moong(Green Gram),Kharif     
Telangana,MEDAK,Moong(Green Gram),Kharif     
Telangana,MEDCHAL MALKAJGIRI,Moong(Green Gram),Kharif     
Telangana,MULUGU,Moong(Green Gram),Kharif     
Telangana,NAGARKURNOOL,Moong(Green Gram),Kharif     
Telangana,NALGONDA,Moong(Green Gram),Kharif     
Telangana,NARAYANAPET,Moong(Green Gram),Kharif     
Telangana,NIRMAL,Moong(Green Gram),Kharif     
Telangana,NIZAMABAD,Moong(Green Gram),Kharif     
Telangana,PEDDAPALLI,Moong(Green Gram),Kharif     
Telangana,RAJANNA,Moong(Green Gram),Kharif     
Telangana,RANGAREDDI,Moong(Green Gram),Kharif     
Telangana,SANGAREDDY,Moong(Green Gram),Kharif     
Telangana,SIDDIPET,Moong(Green Gram),Kharif     
Telangana,SURYAPET,Moong(Green Gram),Kharif     
Telangana,VIKARABAD,Moong(Green Gram),Kharif     
Telangana,WANAPARTHY,Moong(Green Gram),Kharif     
Telangana,WARANGAL,Moong(Green Gram),Kharif     
Telangana,YADADRI,Moong(Green Gram),Kharif     
Telangana,ADILABAD,Onion,Rabi       
Telangana,BHADRADRI,Onion,Rabi       
Telangana,"HANUMAKONDA
",Onion,Rabi       
Telangana,JAGITIAL,Onion,Rabi       
Telangana,JANGOAN,Onion,Rabi       
Telangana,JAYASHANKAR,Onion,Rabi       
Telangana,JOGULAMBA,Onion,Kharif     
Telangana,KAMAREDDY,Onion,Kharif     
Telangana,KARIMNAGAR,Onion,Rabi       
Telangana,KHAMMAM,Onion,Kharif     
Telangana,KOMARAM BHEEM ASIFABAD,Onion,Kharif     
Telangana,MAHABUBABAD,Onion,Kharif     
Telangana,MAHBUBNAGAR,Onion,Kharif     
Telangana,MANCHERIAL,Onion,Rabi       
Telangana,MEDAK,Onion,Kharif     
Telangana,MEDCHAL MALKAJGIRI,Onion,Rabi       
Telangana,MULUGU,Onion,Rabi       
Telangana,NAGARKURNOOL,Onion,Kharif     
Telangana,NALGONDA,Onion,Rabi       
Telangana,NARAYANAPET,Onion,Rabi       
Telangana,NIRMAL,Onion,Kharif     
Telangana,NIZAMABAD,Onion,Kharif     
Telangana,PEDDAPALLI,Onion,Kharif     
Telangana,RAJANNA,Onion,Rabi       
Telangana,RANGAREDDI,Onion,Kharif     
Telangana,SANGAREDDY,Onion,Kharif     
Telangana,SIDDIPET,Onion,Kharif     
Telangana,SURYAPET,Onion,Kharif     
Telangana,VIKARABAD,Onion,Kharif     
Telangana,WANAPARTHY,Onion,Kharif     
Telangana,WARANGAL,Onion,Kharif     
Telangana,YADADRI,Onion,Rabi       
Telangana,ADILABAD,Other  Rabi pulses,Rabi       
Telangana,KARIMNAGAR,Other  Rabi pulses,Rabi       
Telangana,NIZAMABAD,Other  Rabi pulses,Rabi       
Telangana,ADILABAD,Other Kharif pulses,Kharif     
Telangana,KARIMNAGAR,Other Kharif pulses,Kharif     
Telangana,MEDAK,Other Kharif pulses,Kharif     
Telangana,KHAMMAM,other oilseeds,Kharif     
Telangana,MEDAK,other oilseeds,Kharif     
Telangana,NALGONDA,other oilseeds,Kharif     
Telangana,RANGAREDDI,other oilseeds,Kharif     
Telangana,ADILABAD,Potato,Rabi       
Telangana,MAHBUBNAGAR,Potato,Whole Year 
Telangana,MEDAK,Potato,Whole Year 
Telangana,MEDCHAL MALKAJGIRI,Potato,Rabi       
Telangana,NAGARKURNOOL,Potato,Rabi       
Telangana,RANGAREDDI,Potato,Whole Year 
Telangana,SANGAREDDY,Potato,Rabi       
Telangana,SIDDIPET,Potato,Rabi       
Telangana,VIKARABAD,Potato,Rabi       
Telangana,YADADRI,Potato,Rabi       
Telangana,ADILABAD,Ragi,Rabi       
Telangana,"HANUMAKONDA
",Ragi,Kharif     
Telangana,JANGOAN,Ragi,Kharif     
Telangana,JAYASHANKAR,Ragi,Kharif     
Telangana,JOGULAMBA,Ragi,Kharif     
Telangana,KAMAREDDY,Ragi,Kharif     
Telangana,KHAMMAM,Ragi,Kharif     
Telangana,KOMARAM BHEEM ASIFABAD,Ragi,Kharif     
Telangana,MAHBUBNAGAR,Ragi,Kharif     
Telangana,MEDAK,Ragi,Kharif     
Telangana,MEDCHAL MALKAJGIRI,Ragi,Kharif     
Telangana,NAGARKURNOOL,Ragi,Kharif     
Telangana,NALGONDA,Ragi,Kharif     
Telangana,NARAYANAPET,Ragi,Kharif     
Telangana,NIRMAL,Ragi,Rabi       
Telangana,NIZAMABAD,Ragi,Rabi       
Telangana,PEDDAPALLI,Ragi,Kharif     
Telangana,RAJANNA,Ragi,Kharif     
Telangana,RANGAREDDI,Ragi,Kharif     
Telangana,SANGAREDDY,Ragi,Rabi       
Telangana,VIKARABAD,Ragi,Kharif     
Telangana,WANAPARTHY,Ragi,Kharif     
Telangana,WARANGAL,Ragi,Kharif     
Telangana,YADADRI,Ragi,Kharif     
Telangana,ADILABAD,Rapeseed &Mustard,Rabi       
Telangana,KARIMNAGAR,Rapeseed &Mustard,Rabi       
Telangana,KHAMMAM,Rapeseed &Mustard,Rabi       
Telangana,MEDAK,Rapeseed &Mustard,Rabi       
Telangana,NIZAMABAD,Rapeseed &Mustard,Rabi       
Telangana,ADILABAD,Rice,Kharif     
Telangana,BHADRADRI,Rice,Kharif     
Telangana,"HANUMAKONDA
",Rice,Kharif     
Telangana,JAGITIAL,Rice,Kharif     
Telangana,JANGOAN,Rice,Kharif     
Telangana,JAYASHANKAR,Rice,Kharif     
Telangana,JOGULAMBA,Rice,Kharif     
Telangana,KAMAREDDY,Rice,Kharif     
Telangana,KARIMNAGAR,Rice,Kharif     
Telangana,KHAMMAM,Rice,Kharif     
Telangana,KOMARAM BHEEM ASIFABAD,Rice,Kharif     
Telangana,MAHABUBABAD,Rice,Kharif     
Telangana,MAHBUBNAGAR,Rice,Kharif     
Telangana,MANCHERIAL,Rice,Kharif     
Telangana,MEDAK,Rice,Kharif     
Telangana,MEDCHAL MALKAJGIRI,Rice,Kharif     
Telangana,MULUGU,Rice,Kharif     
Telangana,NAGARKURNOOL,Rice,Kharif     
Telangana,NALGONDA,Rice,Kharif     
Telangana,NARAYANAPET,Rice,Kharif     
Telangana,NIRMAL,Rice,Kharif     
Telangana,NIZAMABAD,Rice,Kharif     
Telangana,PEDDAPALLI,Rice,Kharif     
Telangana,RAJANNA,Rice,Kharif     
Telangana,RANGAREDDI,Rice,Kharif     
Telangana,SANGAREDDY,Rice,Kharif     
Telangana,SIDDIPET,Rice,Kharif     
Telangana,SURYAPET,Rice,Kharif     
Telangana,VIKARABAD,Rice,Kharif     
Telangana,WANAPARTHY,Rice,Kharif     
Telangana,WARANGAL,Rice,Kharif     
Telangana,YADADRI,Rice,Kharif     
Telangana,ADILABAD,Safflower,Rabi       
Telangana,JOGULAMBA,Safflower,Rabi       
Telangana,KAMAREDDY,Safflower,Rabi       
Telangana,MAHBUBNAGAR,Safflower,Rabi       
Telangana,MANCHERIAL,Safflower,Rabi       
Telangana,MEDAK,Safflower,Rabi       
Telangana,NARAYANAPET,Safflower,Rabi       
Telangana,NIRMAL,Safflower,Rabi       
Telangana,NIZAMABAD,Safflower,Rabi       
Telangana,RANGAREDDI,Safflower,Rabi       
Telangana,SANGAREDDY,Safflower,Rabi       
Telangana,VIKARABAD,Safflower,Rabi       
Telangana,ADILABAD,Sesamum,Kharif     
Telangana,BHADRADRI,Sesamum,Kharif     
Telangana,"HANUMAKONDA
",Sesamum,Kharif     
Telangana,JAGITIAL,Sesamum,Rabi       
Telangana,JANGOAN,Sesamum,Kharif     
Telangana,JAYASHANKAR,Sesamum,Kharif     
Telangana,JOGULAMBA,Sesamum,Rabi       
Telangana,KAMAREDDY,Sesamum,Rabi       
Telangana,KARIMNAGAR,Sesamum,Rabi       
Telangana,KHAMMAM,Sesamum,Kharif     
Telangana,KOMARAM BHEEM ASIFABAD,Sesamum,Kharif     
Telangana,MAHABUBABAD,Sesamum,Kharif     
Telangana,MAHBUBNAGAR,Sesamum,Kharif     
Telangana,MANCHERIAL,Sesamum,Kharif     
Telangana,MEDAK,Sesamum,Kharif     
Telangana,MEDCHAL MALKAJGIRI,Sesamum,Rabi       
Telangana,MULUGU,Sesamum,Rabi       
Telangana,NAGARKURNOOL,Sesamum,Rabi       
Telangana,NALGONDA,Sesamum,Kharif     
Telangana,NARAYANAPET,Sesamum,Kharif     
Telangana,NIRMAL,Sesamum,Rabi       
Telangana,NIZAMABAD,Sesamum,Rabi       
Telangana,PEDDAPALLI,Sesamum,Kharif     
Telangana,RAJANNA,Sesamum,Rabi       
Telangana,RANGAREDDI,Sesamum,Kharif     
Telangana,SANGAREDDY,Sesamum,Kharif     
Telangana,SIDDIPET,Sesamum,Rabi       
Telangana,SURYAPET,Sesamum,Kharif     
Telangana,VIKARABAD,Sesamum,Kharif     
Telangana,WANAPARTHY,Sesamum,Kharif     
Telangana,WARANGAL,Sesamum,Kharif     
Telangana,YADADRI,Sesamum,Kharif     
Telangana,ADILABAD,Small millets,Rabi       
Telangana,BHADRADRI,Small millets,Kharif     
Telangana,"HANUMAKONDA
",Small millets,Kharif     
Telangana,JANGOAN,Small millets,Kharif     
Telangana,JAYASHANKAR,Small millets,Kharif     
Telangana,JOGULAMBA,Small millets,Kharif     
Telangana,KAMAREDDY,Small millets,Kharif     
Telangana,KARIMNAGAR,Small millets,Kharif     
Telangana,KHAMMAM,Small millets,Kharif     
Telangana,KOMARAM BHEEM ASIFABAD,Small millets,Kharif     
Telangana,MAHBUBNAGAR,Small millets,Kharif     
Telangana,MANCHERIAL,Small millets,Kharif     
Telangana,MEDAK,Small millets,Kharif     
Telangana,NAGARKURNOOL,Small millets,Kharif     
Telangana,NALGONDA,Small millets,Kharif     
Telangana,NARAYANAPET,Small millets,Kharif     
Telangana,NIRMAL,Small millets,Kharif     
Telangana,NIZAMABAD,Small millets,Kharif     
Telangana,PEDDAPALLI,Small millets,Kharif     
Telangana,RANGAREDDI,Small millets,Kharif     
Telangana,SANGAREDDY,Small millets,Rabi       
Telangana,SURYAPET,Small millets,Rabi       
Telangana,WANAPARTHY,Small millets,Kharif     
Telangana,WARANGAL,Small millets,Kharif     
Telangana,YADADRI,Small millets,Rabi       
Telangana,ADILABAD,Soyabean,Kharif     
Telangana,BHADRADRI,Soyabean,Kharif     
Telangana,"HANUMAKONDA
",Soyabean,Kharif     
Telangana,JAGITIAL,Soyabean,Kharif     
Telangana,JANGOAN,Soyabean,Kharif     
Telangana,JAYASHANKAR,Soyabean,Kharif     
Telangana,JOGULAMBA,Soyabean,Kharif     
Telangana,KAMAREDDY,Soyabean,Kharif     
Telangana,KARIMNAGAR,Soyabean,Kharif     
Telangana,KHAMMAM,Soyabean,Kharif     
Telangana,KOMARAM BHEEM ASIFABAD,Soyabean,Kharif     
Telangana,MAHABUBABAD,Soyabean,Kharif     
Telangana,MAHBUBNAGAR,Soyabean,Kharif     
Telangana,MANCHERIAL,Soyabean,Kharif     
Telangana,MEDAK,Soyabean,Kharif     
Telangana,MEDCHAL MALKAJGIRI,Soyabean,Kharif     
Telangana,NAGARKURNOOL,Soyabean,Kharif     
Telangana,NALGONDA,Soyabean,Kharif     
Telangana,NIRMAL,Soyabean,Kharif     
Telangana,NIZAMABAD,Soyabean,Kharif     
Telangana,PEDDAPALLI,Soyabean,Kharif     
Telangana,RAJANNA,Soyabean,Kharif     
Telangana,RANGAREDDI,Soyabean,Kharif     
Telangana,SANGAREDDY,Soyabean,Kharif     
Telangana,SIDDIPET,Soyabean,Kharif     
Telangana,VIKARABAD,Soyabean,Kharif     
Telangana,WANAPARTHY,Soyabean,Kharif     
Telangana,WARANGAL,Soyabean,Kharif     
Telangana,YADADRI,Soyabean,Kharif     
Telangana,ADILABAD,Sugarcane,Kharif     
Telangana,BHADRADRI,Sugarcane,Kharif     
Telangana,JAGITIAL,Sugarcane,Kharif     
Telangana,JANGOAN,Sugarcane,Kharif     
Telangana,JAYASHANKAR,Sugarcane,Kharif     
Telangana,JOGULAMBA,Sugarcane,Kharif     
Telangana,KAMAREDDY,Sugarcane,Kharif     
Telangana,KARIMNAGAR,Sugarcane,Kharif     
Telangana,KHAMMAM,Sugarcane,Kharif     
Telangana,KOMARAM BHEEM ASIFABAD,Sugarcane,Kharif     
Telangana,MAHABUBABAD,Sugarcane,Kharif     
Telangana,MAHBUBNAGAR,Sugarcane,Kharif     
Telangana,MEDAK,Sugarcane,Kharif     
Telangana,MEDCHAL MALKAJGIRI,Sugarcane,Kharif     
Telangana,NAGARKURNOOL,Sugarcane,Kharif     
Telangana,NALGONDA,Sugarcane,Kharif     
Telangana,NARAYANAPET,Sugarcane,Kharif     
Telangana,NIRMAL,Sugarcane,Kharif     
Telangana,NIZAMABAD,Sugarcane,Kharif     
Telangana,RAJANNA,Sugarcane,Kharif     
Telangana,RANGAREDDI,Sugarcane,Kharif     
Telangana,SANGAREDDY,Sugarcane,Kharif     
Telangana,SIDDIPET,Sugarcane,Kharif     
Telangana,SURYAPET,Sugarcane,Kharif     
Telangana,VIKARABAD,Sugarcane,Kharif     
Telangana,WANAPARTHY,Sugarcane,Kharif     
Telangana,WARANGAL,Sugarcane,Kharif     
Telangana,YADADRI,Sugarcane,Kharif     
Telangana,ADILABAD,Sunflower,Rabi       
Telangana,BHADRADRI,Sunflower,Rabi       
Telangana,JAGITIAL,Sunflower,Rabi       
Telangana,JANGOAN,Sunflower,Rabi       
Telangana,JAYASHANKAR,Sunflower,Rabi       
Telangana,JOGULAMBA,Sunflower,Kharif     
Telangana,KAMAREDDY,Sunflower,Rabi       
Telangana,KARIMNAGAR,Sunflower,Rabi       
Telangana,KHAMMAM,Sunflower,Rabi       
Telangana,KOMARAM BHEEM ASIFABAD,Sunflower,Kharif     
Telangana,MAHABUBABAD,Sunflower,Rabi       
Telangana,MAHBUBNAGAR,Sunflower,Kharif     
Telangana,MEDAK,Sunflower,Kharif     
Telangana,MEDCHAL MALKAJGIRI,Sunflower,Rabi       
Telangana,MULUGU,Sunflower,Rabi       
Telangana,NAGARKURNOOL,Sunflower,Rabi       
Telangana,NALGONDA,Sunflower,Rabi       
Telangana,NARAYANAPET,Sunflower,Kharif     
Telangana,NIRMAL,Sunflower,Rabi       
Telangana,NIZAMABAD,Sunflower,Rabi       
Telangana,RAJANNA,Sunflower,Rabi       
Telangana,RANGAREDDI,Sunflower,Kharif     
Telangana,SANGAREDDY,Sunflower,Kharif     
Telangana,SIDDIPET,Sunflower,Kharif     
Telangana,VIKARABAD,Sunflower,Rabi       
Telangana,WANAPARTHY,Sunflower,Rabi       
Telangana,WARANGAL,Sunflower,Rabi       
Telangana,ADILABAD,Sweet potato,Rabi       
Telangana,JANGOAN,Sweet potato,Rabi       
Telangana,KARIMNAGAR,Sweet potato,Kharif     
Telangana,KHAMMAM,Sweet potato,Rabi       
Telangana,KOMARAM BHEEM ASIFABAD,Sweet potato,Kharif     
Telangana,MAHABUBABAD,Sweet potato,Rabi       
Telangana,MANCHERIAL,Sweet potato,Rabi       
Telangana,NAGARKURNOOL,Sweet potato,Rabi       
Telangana,RANGAREDDI,Sweet potato,Whole Year 
Telangana,SANGAREDDY,Sweet potato,Rabi       
Telangana,SURYAPET,Sweet potato,Rabi       
Telangana,WARANGAL,Sweet potato,Whole Year 
Telangana,YADADRI,Sweet potato,Kharif     
Telangana,ADILABAD,Tobacco,Rabi       
Telangana,BHADRADRI,Tobacco,Kharif     
Telangana,"HANUMAKONDA
",Tobacco,Kharif     
Telangana,JANGOAN,Tobacco,Kharif     
Telangana,JAYASHANKAR,Tobacco,Kharif     
Telangana,JOGULAMBA,Tobacco,Kharif     
Telangana,KAMAREDDY,Tobacco,Rabi       
Telangana,KARIMNAGAR,Tobacco,Rabi       
Telangana,KHAMMAM,Tobacco,Rabi       
Telangana,MAHABUBABAD,Tobacco,Rabi       
Telangana,MAHBUBNAGAR,Tobacco,Kharif     
Telangana,MEDAK,Tobacco,Rabi       
Telangana,MULUGU,Tobacco,Rabi       
Telangana,NALGONDA,Tobacco,Kharif     
Telangana,NIRMAL,Tobacco,Rabi       
Telangana,NIZAMABAD,Tobacco,Rabi       
Telangana,SANGAREDDY,Tobacco,Rabi       
Telangana,SURYAPET,Tobacco,Rabi       
Telangana,WANAPARTHY,Tobacco,Rabi       
Telangana,WARANGAL,Tobacco,Kharif     
Telangana,YADADRI,Tobacco,Kharif     
Telangana,ADILABAD,Turmeric,Kharif     
Telangana,BHADRADRI,Turmeric,Kharif     
Telangana,"HANUMAKONDA
",Turmeric,Kharif     
Telangana,JAGITIAL,Turmeric,Kharif     
Telangana,JANGOAN,Turmeric,Kharif     
Telangana,JAYASHANKAR,Turmeric,Kharif     
Telangana,KAMAREDDY,Turmeric,Kharif     
Telangana,KARIMNAGAR,Turmeric,Kharif     
Telangana,KHAMMAM,Turmeric,Kharif     
Telangana,KOMARAM BHEEM ASIFABAD,Turmeric,Kharif     
Telangana,MAHABUBABAD,Turmeric,Kharif     
Telangana,MAHBUBNAGAR,Turmeric,Kharif     
Telangana,MANCHERIAL,Turmeric,Kharif     
Telangana,MEDAK,Turmeric,Kharif     
Telangana,MULUGU,Turmeric,Kharif     
Telangana,NALGONDA,Turmeric,Kharif     
Telangana,NIRMAL,Turmeric,Kharif     
Telangana,NIZAMABAD,Turmeric,Kharif     
Telangana,PEDDAPALLI,Turmeric,Kharif     
Telangana,RAJANNA,Turmeric,Kharif     
Telangana,RANGAREDDI,Turmeric,Kharif     
Telangana,SANGAREDDY,Turmeric,Kharif     
Telangana,SIDDIPET,Turmeric,Kharif     
Telangana,SURYAPET,Turmeric,Kharif     
Telangana,VIKARABAD,Turmeric,Kharif     
Telangana,WARANGAL,Turmeric,Kharif     
Telangana,YADADRI,Turmeric,Kharif     
Telangana,ADILABAD,Urad,Kharif     
Telangana,BHADRADRI,Urad,Kharif     
Telangana,"HANUMAKONDA
",Urad,Kharif     
Telangana,JAGITIAL,Urad,Kharif     
Telangana,JANGOAN,Urad,Rabi       
Telangana,JAYASHANKAR,Urad,Kharif     
Telangana,JOGULAMBA,Urad,Kharif     
Telangana,KAMAREDDY,Urad,Kharif     
Telangana,KARIMNAGAR,Urad,Kharif     
Telangana,KHAMMAM,Urad,Kharif     
Telangana,KOMARAM BHEEM ASIFABAD,Urad,Kharif     
Telangana,MAHABUBABAD,Urad,Kharif     
Telangana,MAHBUBNAGAR,Urad,Kharif     
Telangana,MANCHERIAL,Urad,Kharif     
Telangana,MEDAK,Urad,Kharif     
Telangana,MULUGU,Urad,Rabi       
Telangana,NAGARKURNOOL,Urad,Kharif     
Telangana,NALGONDA,Urad,Rabi       
Telangana,NARAYANAPET,Urad,Kharif     
Telangana,NIRMAL,Urad,Kharif     
Telangana,NIZAMABAD,Urad,Kharif     
Telangana,PEDDAPALLI,Urad,Kharif     
Telangana,RAJANNA,Urad,Kharif     
Telangana,RANGAREDDI,Urad,Kharif     
Telangana,SANGAREDDY,Urad,Kharif     
Telangana,SIDDIPET,Urad,Kharif     
Telangana,SURYAPET,Urad,Rabi       
Telangana,VIKARABAD,Urad,Kharif     
Telangana,WANAPARTHY,Urad,Kharif     
Telangana,WARANGAL,Urad,Kharif     
Telangana,YADADRI,Urad,Kharif     
Telangana,ADILABAD,Wheat,Rabi       
Telangana,JOGULAMBA,Wheat,Rabi       
Telangana,KAMAREDDY,Wheat,Rabi       
Telangana,KOMARAM BHEEM ASIFABAD,Wheat,Rabi       
Telangana,MAHBUBNAGAR,Wheat,Rabi       
Telangana,MANCHERIAL,Wheat,Rabi       
Telangana,MEDAK,Wheat,Rabi       
Telangana,MEDCHAL MALKAJGIRI,Wheat,Rabi       
Telangana,NALGONDA,Wheat,Rabi       
Telangana,NIRMAL,Wheat,Rabi       
Telangana,NIZAMABAD,Wheat,Rabi       
Telangana,RAJANNA,Wheat,Rabi       
Telangana,RANGAREDDI,Wheat,Rabi       
Telangana,SANGAREDDY,Wheat,Rabi       
Telangana,SIDDIPET,Wheat,Rabi       
Telangana,VIKARABAD,Wheat,Rabi       
Telangana,YADADRI,Wheat,Rabi       
THE DADRA AND NAGAR HAVELI,DADRA AND NAGAR HAVELI,Arhar/Tur,Kharif     
THE DADRA AND NAGAR HAVELI,DIU,Bajra,Kharif     
THE DADRA AND NAGAR HAVELI,DADRA AND NAGAR HAVELI,Banana,Winter     
THE DADRA AND NAGAR HAVELI,DADRA AND NAGAR HAVELI,Coconut ,Kharif     
THE DADRA AND NAGAR HAVELI,DADRA AND NAGAR HAVELI,Coriander,Winter     
THE DADRA AND NAGAR HAVELI,DADRA AND NAGAR HAVELI,Cowpea(Lobia),Kharif     
THE DADRA AND NAGAR HAVELI,DADRA AND NAGAR HAVELI,Gram,Winter     
THE DADRA AND NAGAR HAVELI,DADRA AND NAGAR HAVELI,Groundnut,Kharif     
THE DADRA AND NAGAR HAVELI,DADRA AND NAGAR HAVELI,Jowar,Kharif     
THE DADRA AND NAGAR HAVELI,DADRA AND NAGAR HAVELI,Maize,Kharif     
THE DADRA AND NAGAR HAVELI,DADRA AND NAGAR HAVELI,Niger seed,Kharif     
THE DADRA AND NAGAR HAVELI,DADRA AND NAGAR HAVELI,Other  Rabi pulses,Rabi       
THE DADRA AND NAGAR HAVELI,DADRA AND NAGAR HAVELI,Other Kharif pulses,Kharif     
THE DADRA AND NAGAR HAVELI,DADRA AND NAGAR HAVELI,Ragi,Kharif     
THE DADRA AND NAGAR HAVELI,DADRA AND NAGAR HAVELI,Rapeseed &Mustard,Winter     
THE DADRA AND NAGAR HAVELI,DADRA AND NAGAR HAVELI,Rice,Kharif     
THE DADRA AND NAGAR HAVELI,DAMAN,Rice,Kharif     
THE DADRA AND NAGAR HAVELI,DADRA AND NAGAR HAVELI,Sannhamp,Kharif     
THE DADRA AND NAGAR HAVELI,DADRA AND NAGAR HAVELI,Sesamum,Winter     
THE DADRA AND NAGAR HAVELI,DADRA AND NAGAR HAVELI,Small millets,Kharif     
THE DADRA AND NAGAR HAVELI,DADRA AND NAGAR HAVELI,Sugarcane,Winter     
THE DADRA AND NAGAR HAVELI,DADRA AND NAGAR HAVELI,Sunflower,Winter     
THE DADRA AND NAGAR HAVELI,DADRA AND NAGAR HAVELI,Urad,Kharif     
THE DADRA AND NAGAR HAVELI,DADRA AND NAGAR HAVELI,Wheat,Winter     
Tripura,DHALAI,Arhar/Tur,Kharif     
Tripura,GOMATI,Arhar/Tur,Kharif     
Tripura,KHOWAI,Arhar/Tur,Kharif     
Tripura,NORTH TRIPURA,Arhar/Tur,Kharif     
Tripura,SEPAHIJALA,Arhar/Tur,Kharif     
Tripura,SOUTH TRIPURA,Arhar/Tur,Kharif     
Tripura,UNAKOTI,Arhar/Tur,Kharif     
Tripura,WEST TRIPURA,Arhar/Tur,Kharif     
Tripura,DHALAI,Cotton(lint),Kharif     
Tripura,GOMATI,Cotton(lint),Kharif     
Tripura,KHOWAI,Cotton(lint),Kharif     
Tripura,NORTH TRIPURA,Cotton(lint),Kharif     
Tripura,SEPAHIJALA,Cotton(lint),Kharif     
Tripura,SOUTH TRIPURA,Cotton(lint),Kharif     
Tripura,UNAKOTI,Cotton(lint),Kharif     
Tripura,WEST TRIPURA,Cotton(lint),Kharif     
Tripura,DHALAI,Cowpea(Lobia),Kharif     
Tripura,GOMATI,Cowpea(Lobia),Kharif     
Tripura,KHOWAI,Cowpea(Lobia),Kharif     
Tripura,NORTH TRIPURA,Cowpea(Lobia),Kharif     
Tripura,SEPAHIJALA,Cowpea(Lobia),Kharif     
Tripura,SOUTH TRIPURA,Cowpea(Lobia),Kharif     
Tripura,UNAKOTI,Cowpea(Lobia),Kharif     
Tripura,WEST TRIPURA,Cowpea(Lobia),Kharif     
Tripura,DHALAI,Gram,Rabi       
Tripura,GOMATI,Gram,Rabi       
Tripura,KHOWAI,Gram,Rabi       
Tripura,NORTH TRIPURA,Gram,Rabi       
Tripura,SEPAHIJALA,Gram,Rabi       
Tripura,SOUTH TRIPURA,Gram,Rabi       
Tripura,UNAKOTI,Gram,Rabi       
Tripura,WEST TRIPURA,Gram,Rabi       
Tripura,DHALAI,Groundnut,Kharif     
Tripura,GOMATI,Groundnut,Kharif     
Tripura,KHOWAI,Groundnut,Kharif     
Tripura,NORTH TRIPURA,Groundnut,Kharif     
Tripura,SEPAHIJALA,Groundnut,Kharif     
Tripura,SOUTH TRIPURA,Groundnut,Kharif     
Tripura,UNAKOTI,Groundnut,Kharif     
Tripura,WEST TRIPURA,Groundnut,Kharif     
Tripura,DHALAI,Jowar,Kharif     
Tripura,GOMATI,Jowar,Kharif     
Tripura,KHOWAI,Jowar,Kharif     
Tripura,NORTH TRIPURA,Jowar,Kharif     
Tripura,SEPAHIJALA,Jowar,Kharif     
Tripura,SOUTH TRIPURA,Jowar,Kharif     
Tripura,UNAKOTI,Jowar,Kharif     
Tripura,WEST TRIPURA,Jowar,Kharif     
Tripura,DHALAI,Jute,Kharif     
Tripura,GOMATI,Jute,Kharif     
Tripura,KHOWAI,Jute,Kharif     
Tripura,NORTH TRIPURA,Jute,Kharif     
Tripura,SEPAHIJALA,Jute,Kharif     
Tripura,SOUTH TRIPURA,Jute,Kharif     
Tripura,UNAKOTI,Jute,Kharif     
Tripura,WEST TRIPURA,Jute,Kharif     
Tripura,DHALAI,Khesari,Rabi       
Tripura,GOMATI,Khesari,Rabi       
Tripura,KHOWAI,Khesari,Rabi       
Tripura,NORTH TRIPURA,Khesari,Rabi       
Tripura,SEPAHIJALA,Khesari,Rabi       
Tripura,SOUTH TRIPURA,Khesari,Rabi       
Tripura,UNAKOTI,Khesari,Rabi       
Tripura,WEST TRIPURA,Khesari,Rabi       
Tripura,DHALAI,Linseed,Rabi       
Tripura,GOMATI,Linseed,Rabi       
Tripura,KHOWAI,Linseed,Rabi       
Tripura,NORTH TRIPURA,Linseed,Rabi       
Tripura,SEPAHIJALA,Linseed,Rabi       
Tripura,SOUTH TRIPURA,Linseed,Rabi       
Tripura,UNAKOTI,Linseed,Rabi       
Tripura,DHALAI,Maize,Kharif     
Tripura,GOMATI,Maize,Kharif     
Tripura,KHOWAI,Maize,Kharif     
Tripura,NORTH TRIPURA,Maize,Kharif     
Tripura,SEPAHIJALA,Maize,Kharif     
Tripura,SOUTH TRIPURA,Maize,Kharif     
Tripura,UNAKOTI,Maize,Kharif     
Tripura,WEST TRIPURA,Maize,Kharif     
Tripura,DHALAI,Masoor,Rabi       
Tripura,GOMATI,Masoor,Rabi       
Tripura,KHOWAI,Masoor,Rabi       
Tripura,NORTH TRIPURA,Masoor,Rabi       
Tripura,SEPAHIJALA,Masoor,Rabi       
Tripura,SOUTH TRIPURA,Masoor,Rabi       
Tripura,UNAKOTI,Masoor,Rabi       
Tripura,WEST TRIPURA,Masoor,Rabi       
Tripura,DHALAI,Mesta,Kharif     
Tripura,GOMATI,Mesta,Kharif     
Tripura,KHOWAI,Mesta,Kharif     
Tripura,NORTH TRIPURA,Mesta,Kharif     
Tripura,SEPAHIJALA,Mesta,Kharif     
Tripura,SOUTH TRIPURA,Mesta,Kharif     
Tripura,UNAKOTI,Mesta,Kharif     
Tripura,WEST TRIPURA,Mesta,Kharif     
Tripura,DHALAI,Moong(Green Gram),Kharif     
Tripura,GOMATI,Moong(Green Gram),Kharif     
Tripura,KHOWAI,Moong(Green Gram),Kharif     
Tripura,NORTH TRIPURA,Moong(Green Gram),Kharif     
Tripura,SEPAHIJALA,Moong(Green Gram),Kharif     
Tripura,SOUTH TRIPURA,Moong(Green Gram),Kharif     
Tripura,UNAKOTI,Moong(Green Gram),Kharif     
Tripura,WEST TRIPURA,Moong(Green Gram),Kharif     
Tripura,DHALAI,Other  Rabi pulses,Rabi       
Tripura,GOMATI,Other  Rabi pulses,Rabi       
Tripura,KHOWAI,Other  Rabi pulses,Rabi       
Tripura,NORTH TRIPURA,Other  Rabi pulses,Rabi       
Tripura,SEPAHIJALA,Other  Rabi pulses,Rabi       
Tripura,SOUTH TRIPURA,Other  Rabi pulses,Rabi       
Tripura,UNAKOTI,Other  Rabi pulses,Rabi       
Tripura,WEST TRIPURA,Other  Rabi pulses,Rabi       
Tripura,DHALAI,Other Kharif pulses,Kharif     
Tripura,GOMATI,Other Kharif pulses,Kharif     
Tripura,KHOWAI,Other Kharif pulses,Kharif     
Tripura,NORTH TRIPURA,Other Kharif pulses,Kharif     
Tripura,SEPAHIJALA,Other Kharif pulses,Kharif     
Tripura,SOUTH TRIPURA,Other Kharif pulses,Kharif     
Tripura,UNAKOTI,Other Kharif pulses,Kharif     
Tripura,WEST TRIPURA,Other Kharif pulses,Kharif     
Tripura,DHALAI,other oilseeds,Whole Year 
Tripura,GOMATI,other oilseeds,Rabi       
Tripura,KHOWAI,other oilseeds,Rabi       
Tripura,NORTH TRIPURA,other oilseeds,Whole Year 
Tripura,SOUTH TRIPURA,other oilseeds,Whole Year 
Tripura,UNAKOTI,other oilseeds,Rabi       
Tripura,WEST TRIPURA,other oilseeds,Whole Year 
Tripura,DHALAI,Peas & beans (Pulses),Rabi       
Tripura,GOMATI,Peas & beans (Pulses),Rabi       
Tripura,KHOWAI,Peas & beans (Pulses),Rabi       
Tripura,NORTH TRIPURA,Peas & beans (Pulses),Rabi       
Tripura,SEPAHIJALA,Peas & beans (Pulses),Rabi       
Tripura,SOUTH TRIPURA,Peas & beans (Pulses),Rabi       
Tripura,UNAKOTI,Peas & beans (Pulses),Rabi       
Tripura,WEST TRIPURA,Peas & beans (Pulses),Rabi       
Tripura,DHALAI,Potato,Whole Year 
Tripura,NORTH TRIPURA,Potato,Whole Year 
Tripura,SOUTH TRIPURA,Potato,Whole Year 
Tripura,WEST TRIPURA,Potato,Whole Year 
Tripura,DHALAI,Rapeseed &Mustard,Rabi       
Tripura,GOMATI,Rapeseed &Mustard,Rabi       
Tripura,KHOWAI,Rapeseed &Mustard,Rabi       
Tripura,NORTH TRIPURA,Rapeseed &Mustard,Rabi       
Tripura,SEPAHIJALA,Rapeseed &Mustard,Rabi       
Tripura,SOUTH TRIPURA,Rapeseed &Mustard,Rabi       
Tripura,UNAKOTI,Rapeseed &Mustard,Rabi       
Tripura,WEST TRIPURA,Rapeseed &Mustard,Rabi       
Tripura,DHALAI,Rice,Kharif     
Tripura,GOMATI,Rice,Kharif     
Tripura,KHOWAI,Rice,Kharif     
Tripura,NORTH TRIPURA,Rice,Kharif     
Tripura,SEPAHIJALA,Rice,Kharif     
Tripura,SOUTH TRIPURA,Rice,Kharif     
Tripura,UNAKOTI,Rice,Kharif     
Tripura,WEST TRIPURA,Rice,Kharif     
Tripura,DHALAI,Sesamum,Kharif     
Tripura,GOMATI,Sesamum,Kharif     
Tripura,KHOWAI,Sesamum,Kharif     
Tripura,NORTH TRIPURA,Sesamum,Kharif     
Tripura,SEPAHIJALA,Sesamum,Kharif     
Tripura,SOUTH TRIPURA,Sesamum,Kharif     
Tripura,UNAKOTI,Sesamum,Kharif     
Tripura,WEST TRIPURA,Sesamum,Kharif     
Tripura,DHALAI,Small millets,Kharif     
Tripura,GOMATI,Small millets,Kharif     
Tripura,KHOWAI,Small millets,Kharif     
Tripura,NORTH TRIPURA,Small millets,Kharif     
Tripura,SEPAHIJALA,Small millets,Kharif     
Tripura,SOUTH TRIPURA,Small millets,Kharif     
Tripura,UNAKOTI,Small millets,Kharif     
Tripura,WEST TRIPURA,Small millets,Kharif     
Tripura,DHALAI,Soyabean,Kharif     
Tripura,GOMATI,Soyabean,Kharif     
Tripura,KHOWAI,Soyabean,Kharif     
Tripura,NORTH TRIPURA,Soyabean,Kharif     
Tripura,SEPAHIJALA,Soyabean,Kharif     
Tripura,SOUTH TRIPURA,Soyabean,Kharif     
Tripura,UNAKOTI,Soyabean,Kharif     
Tripura,WEST TRIPURA,Soyabean,Kharif     
Tripura,DHALAI,Sugarcane,Whole Year 
Tripura,GOMATI,Sugarcane,Whole Year 
Tripura,KHOWAI,Sugarcane,Whole Year 
Tripura,NORTH TRIPURA,Sugarcane,Whole Year 
Tripura,SEPAHIJALA,Sugarcane,Whole Year 
Tripura,SOUTH TRIPURA,Sugarcane,Whole Year 
Tripura,UNAKOTI,Sugarcane,Whole Year 
Tripura,WEST TRIPURA,Sugarcane,Whole Year 
Tripura,DHALAI,Urad,Kharif     
Tripura,GOMATI,Urad,Kharif     
Tripura,KHOWAI,Urad,Kharif     
Tripura,NORTH TRIPURA,Urad,Kharif     
Tripura,SEPAHIJALA,Urad,Kharif     
Tripura,SOUTH TRIPURA,Urad,Kharif     
Tripura,UNAKOTI,Urad,Kharif     
Tripura,WEST TRIPURA,Urad,Kharif     
Tripura,DHALAI,Wheat,Rabi       
Tripura,GOMATI,Wheat,Rabi       
Tripura,KHOWAI,Wheat,Rabi       
Tripura,NORTH TRIPURA,Wheat,Rabi       
Tripura,SEPAHIJALA,Wheat,Rabi       
Tripura,SOUTH TRIPURA,Wheat,Rabi       
Tripura,UNAKOTI,Wheat,Rabi       
Tripura,WEST TRIPURA,Wheat,Rabi       
Uttar Pradesh,AGRA,Arhar/Tur,Kharif     
Uttar Pradesh,ALIGARH,Arhar/Tur,Kharif     
Uttar Pradesh,ALLAHABAD,Arhar/Tur,Kharif     
Uttar Pradesh,ALMORA,Arhar/Tur,Kharif     
Uttar Pradesh,AMBEDKAR NAGAR,Arhar/Tur,Kharif     
Uttar Pradesh,AMETHI,Arhar/Tur,Kharif     
Uttar Pradesh,AMROHA,Arhar/Tur,Kharif     
Uttar Pradesh,AURAIYA,Arhar/Tur,Kharif     
Uttar Pradesh,AZAMGARH,Arhar/Tur,Kharif     
Uttar Pradesh,BAGHPAT,Arhar/Tur,Kharif     
Uttar Pradesh,BAHRAICH,Arhar/Tur,Kharif     
Uttar Pradesh,BALLIA,Arhar/Tur,Kharif     
Uttar Pradesh,BALRAMPUR,Arhar/Tur,Kharif     
Uttar Pradesh,BANDA,Arhar/Tur,Kharif     
Uttar Pradesh,BARABANKI,Arhar/Tur,Kharif     
Uttar Pradesh,BAREILLY,Arhar/Tur,Kharif     
Uttar Pradesh,BASTI,Arhar/Tur,Kharif     
Uttar Pradesh,BIJNOR,Arhar/Tur,Kharif     
Uttar Pradesh,BUDAUN,Arhar/Tur,Kharif     
Uttar Pradesh,BULANDSHAHR,Arhar/Tur,Kharif     
Uttar Pradesh,CHAMOLI,Arhar/Tur,Kharif     
Uttar Pradesh,CHANDAULI,Arhar/Tur,Kharif     
Uttar Pradesh,CHITRAKOOT,Arhar/Tur,Kharif     
Uttar Pradesh,DEHRADUN,Arhar/Tur,Kharif     
Uttar Pradesh,DEORIA,Arhar/Tur,Kharif     
Uttar Pradesh,ETAH,Arhar/Tur,Kharif     
Uttar Pradesh,ETAWAH,Arhar/Tur,Kharif     
Uttar Pradesh,FAIZABAD,Arhar/Tur,Kharif     
Uttar Pradesh,FARRUKHABAD,Arhar/Tur,Kharif     
Uttar Pradesh,FATEHPUR,Arhar/Tur,Kharif     
Uttar Pradesh,FIROZABAD,Arhar/Tur,Kharif     
Uttar Pradesh,GAUTAM BUDDHA NAGAR,Arhar/Tur,Kharif     
Uttar Pradesh,GHAZIABAD,Arhar/Tur,Kharif     
Uttar Pradesh,GHAZIPUR,Arhar/Tur,Kharif     
Uttar Pradesh,GONDA,Arhar/Tur,Kharif     
Uttar Pradesh,GORAKHPUR,Arhar/Tur,Kharif     
Uttar Pradesh,HAMIRPUR,Arhar/Tur,Kharif     
Uttar Pradesh,HAPUR,Arhar/Tur,Kharif     
Uttar Pradesh,HARDOI,Arhar/Tur,Kharif     
Uttar Pradesh,HARIDWAR,Arhar/Tur,Kharif     
Uttar Pradesh,HATHRAS,Arhar/Tur,Kharif     
Uttar Pradesh,JALAUN,Arhar/Tur,Kharif     
Uttar Pradesh,JAUNPUR,Arhar/Tur,Kharif     
Uttar Pradesh,JHANSI,Arhar/Tur,Kharif     
Uttar Pradesh,KANNAUJ,Arhar/Tur,Kharif     
Uttar Pradesh,KANPUR DEHAT,Arhar/Tur,Kharif     
Uttar Pradesh,KANPUR NAGAR,Arhar/Tur,Kharif     
Uttar Pradesh,KASGANJ,Arhar/Tur,Kharif     
Uttar Pradesh,KAUSHAMBI,Arhar/Tur,Kharif     
Uttar Pradesh,KHERI,Arhar/Tur,Kharif     
Uttar Pradesh,KUSHI NAGAR,Arhar/Tur,Kharif     
Uttar Pradesh,LALITPUR,Arhar/Tur,Kharif     
Uttar Pradesh,LUCKNOW,Arhar/Tur,Kharif     
Uttar Pradesh,MAHARAJGANJ,Arhar/Tur,Kharif     
Uttar Pradesh,MAHOBA,Arhar/Tur,Kharif     
Uttar Pradesh,MAINPURI,Arhar/Tur,Kharif     
Uttar Pradesh,MATHURA,Arhar/Tur,Kharif     
Uttar Pradesh,MAU,Arhar/Tur,Kharif     
Uttar Pradesh,MEERUT,Arhar/Tur,Kharif     
Uttar Pradesh,MIRZAPUR,Arhar/Tur,Kharif     
Uttar Pradesh,MORADABAD,Arhar/Tur,Kharif     
Uttar Pradesh,MUZAFFARNAGAR,Arhar/Tur,Kharif     
Uttar Pradesh,NAINITAL,Arhar/Tur,Kharif     
Uttar Pradesh,PAURI GARHWAL,Arhar/Tur,Kharif     
Uttar Pradesh,PILIBHIT,Arhar/Tur,Kharif     
Uttar Pradesh,PITHORAGARH,Arhar/Tur,Kharif     
Uttar Pradesh,PRATAPGARH,Arhar/Tur,Kharif     
Uttar Pradesh,RAE BARELI,Arhar/Tur,Kharif     
Uttar Pradesh,RAMPUR,Arhar/Tur,Kharif     
Uttar Pradesh,SAHARANPUR,Arhar/Tur,Kharif     
Uttar Pradesh,SAMBHAL,Arhar/Tur,Kharif     
Uttar Pradesh,SANT KABEER NAGAR,Arhar/Tur,Kharif     
Uttar Pradesh,SANT RAVIDAS NAGAR,Arhar/Tur,Kharif     
Uttar Pradesh,SHAHJAHANPUR,Arhar/Tur,Kharif     
Uttar Pradesh,SHAMLI,Arhar/Tur,Kharif     
Uttar Pradesh,SHRAVASTI,Arhar/Tur,Kharif     
Uttar Pradesh,SIDDHARTH NAGAR,Arhar/Tur,Kharif     
Uttar Pradesh,SITAPUR,Arhar/Tur,Kharif     
Uttar Pradesh,SONBHADRA,Arhar/Tur,Kharif     
Uttar Pradesh,SULTANPUR,Arhar/Tur,Kharif     
Uttar Pradesh,TEHRI GARHWAL,Arhar/Tur,Kharif     
Uttar Pradesh,UDAM SINGH NAGAR,Arhar/Tur,Kharif     
Uttar Pradesh,UNNAO,Arhar/Tur,Kharif     
Uttar Pradesh,UTTAR KASHI,Arhar/Tur,Kharif     
Uttar Pradesh,VARANASI,Arhar/Tur,Kharif     
Uttar Pradesh,AGRA,Bajra,Kharif     
Uttar Pradesh,ALIGARH,Bajra,Kharif     
Uttar Pradesh,ALLAHABAD,Bajra,Kharif     
Uttar Pradesh,AMBEDKAR NAGAR,Bajra,Kharif     
Uttar Pradesh,AMETHI,Bajra,Kharif     
Uttar Pradesh,AMROHA,Bajra,Kharif     
Uttar Pradesh,AURAIYA,Bajra,Kharif     
Uttar Pradesh,AZAMGARH,Bajra,Kharif     
Uttar Pradesh,BAGHPAT,Bajra,Kharif     
Uttar Pradesh,BAHRAICH,Bajra,Kharif     
Uttar Pradesh,BALLIA,Bajra,Kharif     
Uttar Pradesh,BALRAMPUR,Bajra,Kharif     
Uttar Pradesh,BANDA,Bajra,Kharif     
Uttar Pradesh,BARABANKI,Bajra,Kharif     
Uttar Pradesh,BAREILLY,Bajra,Kharif     
Uttar Pradesh,BASTI,Bajra,Kharif     
Uttar Pradesh,BIJNOR,Bajra,Kharif     
Uttar Pradesh,BUDAUN,Bajra,Kharif     
Uttar Pradesh,BULANDSHAHR,Bajra,Kharif     
Uttar Pradesh,CHANDAULI,Bajra,Kharif     
Uttar Pradesh,CHITRAKOOT,Bajra,Kharif     
Uttar Pradesh,DEORIA,Bajra,Kharif     
Uttar Pradesh,ETAH,Bajra,Kharif     
Uttar Pradesh,ETAWAH,Bajra,Kharif     
Uttar Pradesh,FAIZABAD,Bajra,Kharif     
Uttar Pradesh,FARRUKHABAD,Bajra,Kharif     
Uttar Pradesh,FATEHPUR,Bajra,Kharif     
Uttar Pradesh,FIROZABAD,Bajra,Kharif     
Uttar Pradesh,GAUTAM BUDDHA NAGAR,Bajra,Kharif     
Uttar Pradesh,GHAZIABAD,Bajra,Kharif     
Uttar Pradesh,GHAZIPUR,Bajra,Kharif     
Uttar Pradesh,GONDA,Bajra,Kharif     
Uttar Pradesh,GORAKHPUR,Bajra,Kharif     
Uttar Pradesh,HAMIRPUR,Bajra,Kharif     
Uttar Pradesh,HAPUR,Bajra,Kharif     
Uttar Pradesh,HARDOI,Bajra,Kharif     
Uttar Pradesh,HARIDWAR,Bajra,Kharif     
Uttar Pradesh,HATHRAS,Bajra,Kharif     
Uttar Pradesh,JALAUN,Bajra,Kharif     
Uttar Pradesh,JAUNPUR,Bajra,Kharif     
Uttar Pradesh,JHANSI,Bajra,Kharif     
Uttar Pradesh,KANNAUJ,Bajra,Kharif     
Uttar Pradesh,KANPUR DEHAT,Bajra,Kharif     
Uttar Pradesh,KANPUR NAGAR,Bajra,Kharif     
Uttar Pradesh,KASGANJ,Bajra,Kharif     
Uttar Pradesh,KAUSHAMBI,Bajra,Kharif     
Uttar Pradesh,KHERI,Bajra,Kharif     
Uttar Pradesh,KUSHI NAGAR,Bajra,Kharif     
Uttar Pradesh,LALITPUR,Bajra,Kharif     
Uttar Pradesh,LUCKNOW,Bajra,Kharif     
Uttar Pradesh,MAHARAJGANJ,Bajra,Kharif     
Uttar Pradesh,MAHOBA,Bajra,Kharif     
Uttar Pradesh,MAINPURI,Bajra,Kharif     
Uttar Pradesh,MATHURA,Bajra,Kharif     
Uttar Pradesh,MAU,Bajra,Kharif     
Uttar Pradesh,MEERUT,Bajra,Kharif     
Uttar Pradesh,MIRZAPUR,Bajra,Kharif     
Uttar Pradesh,MORADABAD,Bajra,Kharif     
Uttar Pradesh,MUZAFFARNAGAR,Bajra,Kharif     
Uttar Pradesh,PILIBHIT,Bajra,Kharif     
Uttar Pradesh,PRATAPGARH,Bajra,Kharif     
Uttar Pradesh,RAE BARELI,Bajra,Kharif     
Uttar Pradesh,RAMPUR,Bajra,Kharif     
Uttar Pradesh,SAHARANPUR,Bajra,Kharif     
Uttar Pradesh,SAMBHAL,Bajra,Kharif     
Uttar Pradesh,SANT KABEER NAGAR,Bajra,Kharif     
Uttar Pradesh,SANT RAVIDAS NAGAR,Bajra,Kharif     
Uttar Pradesh,SHAHJAHANPUR,Bajra,Kharif     
Uttar Pradesh,SHRAVASTI,Bajra,Kharif     
Uttar Pradesh,SIDDHARTH NAGAR,Bajra,Kharif     
Uttar Pradesh,SITAPUR,Bajra,Kharif     
Uttar Pradesh,SONBHADRA,Bajra,Kharif     
Uttar Pradesh,SULTANPUR,Bajra,Kharif     
Uttar Pradesh,UDAM SINGH NAGAR,Bajra,Kharif     
Uttar Pradesh,UNNAO,Bajra,Kharif     
Uttar Pradesh,VARANASI,Bajra,Kharif     
Uttar Pradesh,AGRA,Banana,Summer     
Uttar Pradesh,ALIGARH,Banana,Whole Year 
Uttar Pradesh,ALLAHABAD,Banana,Whole Year 
Uttar Pradesh,AMBEDKAR NAGAR,Banana,Summer     
Uttar Pradesh,AMETHI,Banana,Summer     
Uttar Pradesh,AMROHA,Banana,Summer     
Uttar Pradesh,AURAIYA,Banana,Whole Year 
Uttar Pradesh,AZAMGARH,Banana,Whole Year 
Uttar Pradesh,BAGHPAT,Banana,Summer     
Uttar Pradesh,BAHRAICH,Banana,Whole Year 
Uttar Pradesh,BALLIA,Banana,Summer     
Uttar Pradesh,BALRAMPUR,Banana,Whole Year 
Uttar Pradesh,BANDA,Banana,Summer     
Uttar Pradesh,BARABANKI,Banana,Whole Year 
Uttar Pradesh,BAREILLY,Banana,Summer     
Uttar Pradesh,BASTI,Banana,Whole Year 
Uttar Pradesh,BUDAUN,Banana,Whole Year 
Uttar Pradesh,BULANDSHAHR,Banana,Summer     
Uttar Pradesh,CHITRAKOOT,Banana,Summer     
Uttar Pradesh,DEORIA,Banana,Summer     
Uttar Pradesh,ETAH,Banana,Whole Year 
Uttar Pradesh,ETAWAH,Banana,Summer     
Uttar Pradesh,FAIZABAD,Banana,Whole Year 
Uttar Pradesh,FARRUKHABAD,Banana,Whole Year 
Uttar Pradesh,FATEHPUR,Banana,Whole Year 
Uttar Pradesh,FIROZABAD,Banana,Summer     
Uttar Pradesh,GHAZIABAD,Banana,Summer     
Uttar Pradesh,GHAZIPUR,Banana,Summer     
Uttar Pradesh,GONDA,Banana,Summer     
Uttar Pradesh,GORAKHPUR,Banana,Whole Year 
Uttar Pradesh,HAMIRPUR,Banana,Summer     
Uttar Pradesh,HARDOI,Banana,Summer     
Uttar Pradesh,HATHRAS,Banana,Summer     
Uttar Pradesh,JALAUN,Banana,Summer     
Uttar Pradesh,JAUNPUR,Banana,Whole Year 
Uttar Pradesh,KANNAUJ,Banana,Summer     
Uttar Pradesh,KANPUR DEHAT,Banana,Whole Year 
Uttar Pradesh,KASGANJ,Banana,Summer     
Uttar Pradesh,KAUSHAMBI,Banana,Whole Year 
Uttar Pradesh,KHERI,Banana,Whole Year 
Uttar Pradesh,KUSHI NAGAR,Banana,Whole Year 
Uttar Pradesh,LUCKNOW,Banana,Whole Year 
Uttar Pradesh,MAHARAJGANJ,Banana,Whole Year 
Uttar Pradesh,MAINPURI,Banana,Whole Year 
Uttar Pradesh,MATHURA,Banana,Whole Year 
Uttar Pradesh,MAU,Banana,Whole Year 
Uttar Pradesh,MEERUT,Banana,Summer     
Uttar Pradesh,MIRZAPUR,Banana,Whole Year 
Uttar Pradesh,MORADABAD,Banana,Whole Year 
Uttar Pradesh,MUZAFFARNAGAR,Banana,Whole Year 
Uttar Pradesh,PILIBHIT,Banana,Summer     
Uttar Pradesh,PRATAPGARH,Banana,Whole Year 
Uttar Pradesh,RAE BARELI,Banana,Whole Year 
Uttar Pradesh,RAMPUR,Banana,Whole Year 
Uttar Pradesh,SAMBHAL,Banana,Summer     
Uttar Pradesh,SANT KABEER NAGAR,Banana,Whole Year 
Uttar Pradesh,SHAHJAHANPUR,Banana,Whole Year 
Uttar Pradesh,SHAMLI,Banana,Summer     
Uttar Pradesh,SHRAVASTI,Banana,Whole Year 
Uttar Pradesh,SIDDHARTH NAGAR,Banana,Whole Year 
Uttar Pradesh,SITAPUR,Banana,Whole Year 
Uttar Pradesh,SONBHADRA,Banana,Summer     
Uttar Pradesh,SULTANPUR,Banana,Whole Year 
Uttar Pradesh,UNNAO,Banana,Whole Year 
Uttar Pradesh,VARANASI,Banana,Summer     
Uttar Pradesh,AGRA,Barley,Rabi       
Uttar Pradesh,ALIGARH,Barley,Rabi       
Uttar Pradesh,ALLAHABAD,Barley,Rabi       
Uttar Pradesh,ALMORA,Barley,Rabi       
Uttar Pradesh,AMBEDKAR NAGAR,Barley,Rabi       
Uttar Pradesh,AMETHI,Barley,Rabi       
Uttar Pradesh,AMROHA,Barley,Rabi       
Uttar Pradesh,AURAIYA,Barley,Rabi       
Uttar Pradesh,AZAMGARH,Barley,Rabi       
Uttar Pradesh,BAGESHWAR,Barley,Rabi       
Uttar Pradesh,BAGHPAT,Barley,Rabi       
Uttar Pradesh,BAHRAICH,Barley,Rabi       
Uttar Pradesh,BALLIA,Barley,Rabi       
Uttar Pradesh,BALRAMPUR,Barley,Rabi       
Uttar Pradesh,BANDA,Barley,Rabi       
Uttar Pradesh,BARABANKI,Barley,Rabi       
Uttar Pradesh,BAREILLY,Barley,Rabi       
Uttar Pradesh,BASTI,Barley,Rabi       
Uttar Pradesh,BIJNOR,Barley,Rabi       
Uttar Pradesh,BUDAUN,Barley,Rabi       
Uttar Pradesh,BULANDSHAHR,Barley,Rabi       
Uttar Pradesh,CHAMOLI,Barley,Rabi       
Uttar Pradesh,CHAMPAWAT,Barley,Rabi       
Uttar Pradesh,CHANDAULI,Barley,Rabi       
Uttar Pradesh,CHITRAKOOT,Barley,Rabi       
Uttar Pradesh,DEHRADUN,Barley,Rabi       
Uttar Pradesh,DEORIA,Barley,Rabi       
Uttar Pradesh,ETAH,Barley,Rabi       
Uttar Pradesh,ETAWAH,Barley,Rabi       
Uttar Pradesh,FAIZABAD,Barley,Rabi       
Uttar Pradesh,FARRUKHABAD,Barley,Rabi       
Uttar Pradesh,FATEHPUR,Barley,Rabi       
Uttar Pradesh,FIROZABAD,Barley,Rabi       
Uttar Pradesh,GAUTAM BUDDHA NAGAR,Barley,Rabi       
Uttar Pradesh,GHAZIABAD,Barley,Rabi       
Uttar Pradesh,GHAZIPUR,Barley,Rabi       
Uttar Pradesh,GONDA,Barley,Rabi       
Uttar Pradesh,GORAKHPUR,Barley,Rabi       
Uttar Pradesh,HAMIRPUR,Barley,Rabi       
Uttar Pradesh,HAPUR,Barley,Rabi       
Uttar Pradesh,HARDOI,Barley,Rabi       
Uttar Pradesh,HARIDWAR,Barley,Rabi       
Uttar Pradesh,HATHRAS,Barley,Rabi       
Uttar Pradesh,JALAUN,Barley,Rabi       
Uttar Pradesh,JAUNPUR,Barley,Rabi       
Uttar Pradesh,JHANSI,Barley,Rabi       
Uttar Pradesh,KANNAUJ,Barley,Rabi       
Uttar Pradesh,KANPUR DEHAT,Barley,Rabi       
Uttar Pradesh,KANPUR NAGAR,Barley,Rabi       
Uttar Pradesh,KASGANJ,Barley,Rabi       
Uttar Pradesh,KAUSHAMBI,Barley,Rabi       
Uttar Pradesh,KHERI,Barley,Rabi       
Uttar Pradesh,KUSHI NAGAR,Barley,Rabi       
Uttar Pradesh,LALITPUR,Barley,Rabi       
Uttar Pradesh,LUCKNOW,Barley,Rabi       
Uttar Pradesh,MAHARAJGANJ,Barley,Rabi       
Uttar Pradesh,MAHOBA,Barley,Rabi       
Uttar Pradesh,MAINPURI,Barley,Rabi       
Uttar Pradesh,MATHURA,Barley,Rabi       
Uttar Pradesh,MAU,Barley,Rabi       
Uttar Pradesh,MEERUT,Barley,Rabi       
Uttar Pradesh,MIRZAPUR,Barley,Rabi       
Uttar Pradesh,MORADABAD,Barley,Rabi       
Uttar Pradesh,MUZAFFARNAGAR,Barley,Rabi       
Uttar Pradesh,NAINITAL,Barley,Rabi       
Uttar Pradesh,PAURI GARHWAL,Barley,Rabi       
Uttar Pradesh,PILIBHIT,Barley,Rabi       
Uttar Pradesh,PITHORAGARH,Barley,Rabi       
Uttar Pradesh,PRATAPGARH,Barley,Rabi       
Uttar Pradesh,RAE BARELI,Barley,Rabi       
Uttar Pradesh,RAMPUR,Barley,Rabi       
Uttar Pradesh,RUDRA PRAYAG,Barley,Rabi       
Uttar Pradesh,SAHARANPUR,Barley,Rabi       
Uttar Pradesh,SAMBHAL,Barley,Rabi       
Uttar Pradesh,SANT KABEER NAGAR,Barley,Rabi       
Uttar Pradesh,SANT RAVIDAS NAGAR,Barley,Rabi       
Uttar Pradesh,SHAHJAHANPUR,Barley,Rabi       
Uttar Pradesh,SHAMLI,Barley,Rabi       
Uttar Pradesh,SHRAVASTI,Barley,Rabi       
Uttar Pradesh,SIDDHARTH NAGAR,Barley,Rabi       
Uttar Pradesh,SITAPUR,Barley,Rabi       
Uttar Pradesh,SONBHADRA,Barley,Rabi       
Uttar Pradesh,SULTANPUR,Barley,Rabi       
Uttar Pradesh,TEHRI GARHWAL,Barley,Rabi       
Uttar Pradesh,UDAM SINGH NAGAR,Barley,Rabi       
Uttar Pradesh,UNNAO,Barley,Rabi       
Uttar Pradesh,UTTAR KASHI,Barley,Rabi       
Uttar Pradesh,VARANASI,Barley,Rabi       
Uttar Pradesh,AGRA,Castor seed,Rabi       
Uttar Pradesh,ALLAHABAD,Castor seed,Kharif     
Uttar Pradesh,BAHRAICH,Castor seed,Kharif     
Uttar Pradesh,BANDA,Castor seed,Rabi       
Uttar Pradesh,BULANDSHAHR,Castor seed,Kharif     
Uttar Pradesh,CHITRAKOOT,Castor seed,Rabi       
Uttar Pradesh,DEORIA,Castor seed,Kharif     
Uttar Pradesh,FARRUKHABAD,Castor seed,Rabi       
Uttar Pradesh,FATEHPUR,Castor seed,Rabi       
Uttar Pradesh,FIROZABAD,Castor seed,Kharif     
Uttar Pradesh,HAMIRPUR,Castor seed,Kharif     
Uttar Pradesh,HARDOI,Castor seed,Kharif     
Uttar Pradesh,JALAUN,Castor seed,Kharif     
Uttar Pradesh,KANPUR NAGAR,Castor seed,Kharif     
Uttar Pradesh,KHERI,Castor seed,Kharif     
Uttar Pradesh,MEERUT,Castor seed,Kharif     
Uttar Pradesh,MIRZAPUR,Castor seed,Rabi       
Uttar Pradesh,SITAPUR,Castor seed,Kharif     
Uttar Pradesh,SULTANPUR,Castor seed,Rabi       
Uttar Pradesh,UNNAO,Castor seed,Rabi       
Uttar Pradesh,AGRA,Coriander,Whole Year 
Uttar Pradesh,ALIGARH,Coriander,Whole Year 
Uttar Pradesh,ALLAHABAD,Coriander,Whole Year 
Uttar Pradesh,AMBEDKAR NAGAR,Coriander,Whole Year 
Uttar Pradesh,AMETHI,Coriander,Rabi       
Uttar Pradesh,AURAIYA,Coriander,Whole Year 
Uttar Pradesh,AZAMGARH,Coriander,Whole Year 
Uttar Pradesh,BAGHPAT,Coriander,Rabi       
Uttar Pradesh,BAHRAICH,Coriander,Whole Year 
Uttar Pradesh,BALLIA,Coriander,Whole Year 
Uttar Pradesh,BALRAMPUR,Coriander,Whole Year 
Uttar Pradesh,BANDA,Coriander,Whole Year 
Uttar Pradesh,BARABANKI,Coriander,Whole Year 
Uttar Pradesh,BAREILLY,Coriander,Whole Year 
Uttar Pradesh,BASTI,Coriander,Whole Year 
Uttar Pradesh,BUDAUN,Coriander,Whole Year 
Uttar Pradesh,BULANDSHAHR,Coriander,Whole Year 
Uttar Pradesh,CHANDAULI,Coriander,Whole Year 
Uttar Pradesh,CHITRAKOOT,Coriander,Whole Year 
Uttar Pradesh,DEORIA,Coriander,Whole Year 
Uttar Pradesh,ETAH,Coriander,Whole Year 
Uttar Pradesh,ETAWAH,Coriander,Whole Year 
Uttar Pradesh,FAIZABAD,Coriander,Whole Year 
Uttar Pradesh,FARRUKHABAD,Coriander,Whole Year 
Uttar Pradesh,FATEHPUR,Coriander,Whole Year 
Uttar Pradesh,FIROZABAD,Coriander,Whole Year 
Uttar Pradesh,GAUTAM BUDDHA NAGAR,Coriander,Whole Year 
Uttar Pradesh,GHAZIABAD,Coriander,Whole Year 
Uttar Pradesh,GHAZIPUR,Coriander,Whole Year 
Uttar Pradesh,GONDA,Coriander,Whole Year 
Uttar Pradesh,GORAKHPUR,Coriander,Whole Year 
Uttar Pradesh,HAMIRPUR,Coriander,Whole Year 
Uttar Pradesh,HAPUR,Coriander,Rabi       
Uttar Pradesh,HARDOI,Coriander,Whole Year 
Uttar Pradesh,HATHRAS,Coriander,Whole Year 
Uttar Pradesh,JALAUN,Coriander,Whole Year 
Uttar Pradesh,JAUNPUR,Coriander,Whole Year 
Uttar Pradesh,JHANSI,Coriander,Whole Year 
Uttar Pradesh,KANNAUJ,Coriander,Whole Year 
Uttar Pradesh,KANPUR DEHAT,Coriander,Whole Year 
Uttar Pradesh,KANPUR NAGAR,Coriander,Whole Year 
Uttar Pradesh,KASGANJ,Coriander,Rabi       
Uttar Pradesh,KAUSHAMBI,Coriander,Whole Year 
Uttar Pradesh,KHERI,Coriander,Whole Year 
Uttar Pradesh,KUSHI NAGAR,Coriander,Whole Year 
Uttar Pradesh,LALITPUR,Coriander,Whole Year 
Uttar Pradesh,LUCKNOW,Coriander,Whole Year 
Uttar Pradesh,MAHARAJGANJ,Coriander,Whole Year 
Uttar Pradesh,MAHOBA,Coriander,Whole Year 
Uttar Pradesh,MAINPURI,Coriander,Whole Year 
Uttar Pradesh,MATHURA,Coriander,Whole Year 
Uttar Pradesh,MAU,Coriander,Whole Year 
Uttar Pradesh,MEERUT,Coriander,Whole Year 
Uttar Pradesh,MIRZAPUR,Coriander,Whole Year 
Uttar Pradesh,MORADABAD,Coriander,Whole Year 
Uttar Pradesh,MUZAFFARNAGAR,Coriander,Rabi       
Uttar Pradesh,PILIBHIT,Coriander,Whole Year 
Uttar Pradesh,PRATAPGARH,Coriander,Whole Year 
Uttar Pradesh,RAE BARELI,Coriander,Whole Year 
Uttar Pradesh,RAMPUR,Coriander,Whole Year 
Uttar Pradesh,SAHARANPUR,Coriander,Rabi       
Uttar Pradesh,SAMBHAL,Coriander,Rabi       
Uttar Pradesh,SANT KABEER NAGAR,Coriander,Whole Year 
Uttar Pradesh,SANT RAVIDAS NAGAR,Coriander,Rabi       
Uttar Pradesh,SHAHJAHANPUR,Coriander,Whole Year 
Uttar Pradesh,SHRAVASTI,Coriander,Whole Year 
Uttar Pradesh,SIDDHARTH NAGAR,Coriander,Whole Year 
Uttar Pradesh,SITAPUR,Coriander,Whole Year 
Uttar Pradesh,SONBHADRA,Coriander,Whole Year 
Uttar Pradesh,SULTANPUR,Coriander,Whole Year 
Uttar Pradesh,UNNAO,Coriander,Whole Year 
Uttar Pradesh,VARANASI,Coriander,Whole Year 
Uttar Pradesh,AGRA,Cotton(lint),Kharif     
Uttar Pradesh,ALIGARH,Cotton(lint),Kharif     
Uttar Pradesh,AMROHA,Cotton(lint),Kharif     
Uttar Pradesh,AZAMGARH,Cotton(lint),Kharif     
Uttar Pradesh,BAGHPAT,Cotton(lint),Kharif     
Uttar Pradesh,BANDA,Cotton(lint),Kharif     
Uttar Pradesh,BARABANKI,Cotton(lint),Kharif     
Uttar Pradesh,BAREILLY,Cotton(lint),Kharif     
Uttar Pradesh,BIJNOR,Cotton(lint),Kharif     
Uttar Pradesh,BUDAUN,Cotton(lint),Kharif     
Uttar Pradesh,BULANDSHAHR,Cotton(lint),Kharif     
Uttar Pradesh,CHANDAULI,Cotton(lint),Kharif     
Uttar Pradesh,ETAH,Cotton(lint),Kharif     
Uttar Pradesh,ETAWAH,Cotton(lint),Kharif     
Uttar Pradesh,FIROZABAD,Cotton(lint),Kharif     
Uttar Pradesh,GAUTAM BUDDHA NAGAR,Cotton(lint),Kharif     
Uttar Pradesh,GHAZIABAD,Cotton(lint),Kharif     
Uttar Pradesh,HAMIRPUR,Cotton(lint),Kharif     
Uttar Pradesh,HARDOI,Cotton(lint),Kharif     
Uttar Pradesh,HARIDWAR,Cotton(lint),Kharif     
Uttar Pradesh,HATHRAS,Cotton(lint),Kharif     
Uttar Pradesh,JALAUN,Cotton(lint),Kharif     
Uttar Pradesh,JAUNPUR,Cotton(lint),Kharif     
Uttar Pradesh,JHANSI,Cotton(lint),Kharif     
Uttar Pradesh,KANNAUJ,Cotton(lint),Kharif     
Uttar Pradesh,KANPUR DEHAT,Cotton(lint),Kharif     
Uttar Pradesh,KANPUR NAGAR,Cotton(lint),Kharif     
Uttar Pradesh,KASGANJ,Cotton(lint),Kharif     
Uttar Pradesh,KUSHI NAGAR,Cotton(lint),Kharif     
Uttar Pradesh,LUCKNOW,Cotton(lint),Kharif     
Uttar Pradesh,MATHURA,Cotton(lint),Kharif     
Uttar Pradesh,MEERUT,Cotton(lint),Kharif     
Uttar Pradesh,MORADABAD,Cotton(lint),Kharif     
Uttar Pradesh,MUZAFFARNAGAR,Cotton(lint),Kharif     
Uttar Pradesh,PILIBHIT,Cotton(lint),Kharif     
Uttar Pradesh,RAMPUR,Cotton(lint),Kharif     
Uttar Pradesh,SAHARANPUR,Cotton(lint),Kharif     
Uttar Pradesh,SANT KABEER NAGAR,Cotton(lint),Kharif     
Uttar Pradesh,SANT RAVIDAS NAGAR,Cotton(lint),Kharif     
Uttar Pradesh,SHAHJAHANPUR,Cotton(lint),Kharif     
Uttar Pradesh,SHAMLI,Cotton(lint),Kharif     
Uttar Pradesh,SITAPUR,Cotton(lint),Kharif     
Uttar Pradesh,UDAM SINGH NAGAR,Cotton(lint),Kharif     
Uttar Pradesh,AGRA,Dry chillies,Whole Year 
Uttar Pradesh,ALIGARH,Dry chillies,Whole Year 
Uttar Pradesh,ALLAHABAD,Dry chillies,Whole Year 
Uttar Pradesh,AMBEDKAR NAGAR,Dry chillies,Whole Year 
Uttar Pradesh,AMETHI,Dry chillies,Kharif     
Uttar Pradesh,AMROHA,Dry chillies,Whole Year 
Uttar Pradesh,AURAIYA,Dry chillies,Whole Year 
Uttar Pradesh,AZAMGARH,Dry chillies,Whole Year 
Uttar Pradesh,BAGHPAT,Dry chillies,Whole Year 
Uttar Pradesh,BAHRAICH,Dry chillies,Whole Year 
Uttar Pradesh,BALLIA,Dry chillies,Whole Year 
Uttar Pradesh,BALRAMPUR,Dry chillies,Whole Year 
Uttar Pradesh,BANDA,Dry chillies,Whole Year 
Uttar Pradesh,BARABANKI,Dry chillies,Whole Year 
Uttar Pradesh,BAREILLY,Dry chillies,Whole Year 
Uttar Pradesh,BIJNOR,Dry chillies,Whole Year 
Uttar Pradesh,BUDAUN,Dry chillies,Whole Year 
Uttar Pradesh,BULANDSHAHR,Dry chillies,Whole Year 
Uttar Pradesh,CHANDAULI,Dry chillies,Whole Year 
Uttar Pradesh,CHITRAKOOT,Dry chillies,Whole Year 
Uttar Pradesh,DEORIA,Dry chillies,Whole Year 
Uttar Pradesh,ETAH,Dry chillies,Whole Year 
Uttar Pradesh,ETAWAH,Dry chillies,Whole Year 
Uttar Pradesh,FAIZABAD,Dry chillies,Whole Year 
Uttar Pradesh,FARRUKHABAD,Dry chillies,Whole Year 
Uttar Pradesh,FATEHPUR,Dry chillies,Whole Year 
Uttar Pradesh,FIROZABAD,Dry chillies,Whole Year 
Uttar Pradesh,GAUTAM BUDDHA NAGAR,Dry chillies,Kharif     
Uttar Pradesh,GHAZIABAD,Dry chillies,Whole Year 
Uttar Pradesh,GHAZIPUR,Dry chillies,Whole Year 
Uttar Pradesh,GONDA,Dry chillies,Whole Year 
Uttar Pradesh,GORAKHPUR,Dry chillies,Whole Year 
Uttar Pradesh,HAMIRPUR,Dry chillies,Whole Year 
Uttar Pradesh,HAPUR,Dry chillies,Kharif     
Uttar Pradesh,HARDOI,Dry chillies,Whole Year 
Uttar Pradesh,HATHRAS,Dry chillies,Whole Year 
Uttar Pradesh,JALAUN,Dry chillies,Whole Year 
Uttar Pradesh,JAUNPUR,Dry chillies,Whole Year 
Uttar Pradesh,JHANSI,Dry chillies,Whole Year 
Uttar Pradesh,KANNAUJ,Dry chillies,Whole Year 
Uttar Pradesh,KANPUR DEHAT,Dry chillies,Whole Year 
Uttar Pradesh,KANPUR NAGAR,Dry chillies,Whole Year 
Uttar Pradesh,KASGANJ,Dry chillies,Kharif     
Uttar Pradesh,KAUSHAMBI,Dry chillies,Whole Year 
Uttar Pradesh,KHERI,Dry chillies,Whole Year 
Uttar Pradesh,KUSHI NAGAR,Dry chillies,Whole Year 
Uttar Pradesh,LALITPUR,Dry chillies,Whole Year 
Uttar Pradesh,LUCKNOW,Dry chillies,Whole Year 
Uttar Pradesh,MAHARAJGANJ,Dry chillies,Whole Year 
Uttar Pradesh,MAHOBA,Dry chillies,Whole Year 
Uttar Pradesh,MAINPURI,Dry chillies,Whole Year 
Uttar Pradesh,MATHURA,Dry chillies,Whole Year 
Uttar Pradesh,MAU,Dry chillies,Whole Year 
Uttar Pradesh,MEERUT,Dry chillies,Whole Year 
Uttar Pradesh,MIRZAPUR,Dry chillies,Whole Year 
Uttar Pradesh,MORADABAD,Dry chillies,Whole Year 
Uttar Pradesh,MUZAFFARNAGAR,Dry chillies,Whole Year 
Uttar Pradesh,PILIBHIT,Dry chillies,Whole Year 
Uttar Pradesh,PRATAPGARH,Dry chillies,Whole Year 
Uttar Pradesh,RAE BARELI,Dry chillies,Whole Year 
Uttar Pradesh,RAMPUR,Dry chillies,Whole Year 
Uttar Pradesh,SAHARANPUR,Dry chillies,Whole Year 
Uttar Pradesh,SAMBHAL,Dry chillies,Kharif     
Uttar Pradesh,SANT KABEER NAGAR,Dry chillies,Whole Year 
Uttar Pradesh,SANT RAVIDAS NAGAR,Dry chillies,Whole Year 
Uttar Pradesh,SHAHJAHANPUR,Dry chillies,Whole Year 
Uttar Pradesh,SHAMLI,Dry chillies,Kharif     
Uttar Pradesh,SHRAVASTI,Dry chillies,Whole Year 
Uttar Pradesh,SIDDHARTH NAGAR,Dry chillies,Whole Year 
Uttar Pradesh,SITAPUR,Dry chillies,Whole Year 
Uttar Pradesh,SONBHADRA,Dry chillies,Whole Year 
Uttar Pradesh,SULTANPUR,Dry chillies,Whole Year 
Uttar Pradesh,UNNAO,Dry chillies,Whole Year 
Uttar Pradesh,VARANASI,Dry chillies,Whole Year 
Uttar Pradesh,AGRA,Garlic,Whole Year 
Uttar Pradesh,ALIGARH,Garlic,Whole Year 
Uttar Pradesh,ALLAHABAD,Garlic,Whole Year 
Uttar Pradesh,AMBEDKAR NAGAR,Garlic,Whole Year 
Uttar Pradesh,AMETHI,Garlic,Rabi       
Uttar Pradesh,AMROHA,Garlic,Rabi       
Uttar Pradesh,AURAIYA,Garlic,Whole Year 
Uttar Pradesh,AZAMGARH,Garlic,Whole Year 
Uttar Pradesh,BAHRAICH,Garlic,Whole Year 
Uttar Pradesh,BALLIA,Garlic,Whole Year 
Uttar Pradesh,BALRAMPUR,Garlic,Whole Year 
Uttar Pradesh,BANDA,Garlic,Whole Year 
Uttar Pradesh,BARABANKI,Garlic,Whole Year 
Uttar Pradesh,BAREILLY,Garlic,Whole Year 
Uttar Pradesh,BASTI,Garlic,Whole Year 
Uttar Pradesh,BIJNOR,Garlic,Rabi       
Uttar Pradesh,BUDAUN,Garlic,Whole Year 
Uttar Pradesh,BULANDSHAHR,Garlic,Whole Year 
Uttar Pradesh,CHANDAULI,Garlic,Whole Year 
Uttar Pradesh,CHITRAKOOT,Garlic,Rabi       
Uttar Pradesh,DEORIA,Garlic,Whole Year 
Uttar Pradesh,ETAH,Garlic,Whole Year 
Uttar Pradesh,ETAWAH,Garlic,Whole Year 
Uttar Pradesh,FAIZABAD,Garlic,Whole Year 
Uttar Pradesh,FARRUKHABAD,Garlic,Whole Year 
Uttar Pradesh,FATEHPUR,Garlic,Whole Year 
Uttar Pradesh,FIROZABAD,Garlic,Whole Year 
Uttar Pradesh,GAUTAM BUDDHA NAGAR,Garlic,Whole Year 
Uttar Pradesh,GHAZIABAD,Garlic,Whole Year 
Uttar Pradesh,GHAZIPUR,Garlic,Whole Year 
Uttar Pradesh,GONDA,Garlic,Whole Year 
Uttar Pradesh,GORAKHPUR,Garlic,Whole Year 
Uttar Pradesh,HAMIRPUR,Garlic,Whole Year 
Uttar Pradesh,HAPUR,Garlic,Rabi       
Uttar Pradesh,HARDOI,Garlic,Whole Year 
Uttar Pradesh,HATHRAS,Garlic,Whole Year 
Uttar Pradesh,JALAUN,Garlic,Rabi       
Uttar Pradesh,JAUNPUR,Garlic,Whole Year 
Uttar Pradesh,JHANSI,Garlic,Whole Year 
Uttar Pradesh,KANNAUJ,Garlic,Whole Year 
Uttar Pradesh,KANPUR DEHAT,Garlic,Whole Year 
Uttar Pradesh,KANPUR NAGAR,Garlic,Whole Year 
Uttar Pradesh,KASGANJ,Garlic,Rabi       
Uttar Pradesh,KAUSHAMBI,Garlic,Whole Year 
Uttar Pradesh,KHERI,Garlic,Whole Year 
Uttar Pradesh,KUSHI NAGAR,Garlic,Whole Year 
Uttar Pradesh,LALITPUR,Garlic,Whole Year 
Uttar Pradesh,LUCKNOW,Garlic,Whole Year 
Uttar Pradesh,MAHARAJGANJ,Garlic,Whole Year 
Uttar Pradesh,MAHOBA,Garlic,Whole Year 
Uttar Pradesh,MAINPURI,Garlic,Whole Year 
Uttar Pradesh,MATHURA,Garlic,Whole Year 
Uttar Pradesh,MAU,Garlic,Whole Year 
Uttar Pradesh,MEERUT,Garlic,Whole Year 
Uttar Pradesh,MIRZAPUR,Garlic,Whole Year 
Uttar Pradesh,MORADABAD,Garlic,Whole Year 
Uttar Pradesh,MUZAFFARNAGAR,Garlic,Whole Year 
Uttar Pradesh,PILIBHIT,Garlic,Whole Year 
Uttar Pradesh,PRATAPGARH,Garlic,Whole Year 
Uttar Pradesh,RAE BARELI,Garlic,Whole Year 
Uttar Pradesh,RAMPUR,Garlic,Whole Year 
Uttar Pradesh,SAHARANPUR,Garlic,Whole Year 
Uttar Pradesh,SAMBHAL,Garlic,Rabi       
Uttar Pradesh,SANT KABEER NAGAR,Garlic,Whole Year 
Uttar Pradesh,SANT RAVIDAS NAGAR,Garlic,Rabi       
Uttar Pradesh,SHAHJAHANPUR,Garlic,Whole Year 
Uttar Pradesh,SHAMLI,Garlic,Rabi       
Uttar Pradesh,SHRAVASTI,Garlic,Whole Year 
Uttar Pradesh,SIDDHARTH NAGAR,Garlic,Whole Year 
Uttar Pradesh,SITAPUR,Garlic,Whole Year 
Uttar Pradesh,SONBHADRA,Garlic,Whole Year 
Uttar Pradesh,SULTANPUR,Garlic,Whole Year 
Uttar Pradesh,UNNAO,Garlic,Whole Year 
Uttar Pradesh,VARANASI,Garlic,Whole Year 
Uttar Pradesh,AGRA,Ginger,Kharif     
Uttar Pradesh,ALIGARH,Ginger,Kharif     
Uttar Pradesh,AMBEDKAR NAGAR,Ginger,Kharif     
Uttar Pradesh,AMROHA,Ginger,Kharif     
Uttar Pradesh,AZAMGARH,Ginger,Kharif     
Uttar Pradesh,BAGHPAT,Ginger,Kharif     
Uttar Pradesh,BAHRAICH,Ginger,Kharif     
Uttar Pradesh,BALLIA,Ginger,Kharif     
Uttar Pradesh,BAREILLY,Ginger,Kharif     
Uttar Pradesh,BUDAUN,Ginger,Kharif     
Uttar Pradesh,DEORIA,Ginger,Kharif     
Uttar Pradesh,FATEHPUR,Ginger,Kharif     
Uttar Pradesh,FIROZABAD,Ginger,Kharif     
Uttar Pradesh,GHAZIPUR,Ginger,Kharif     
Uttar Pradesh,GONDA,Ginger,Kharif     
Uttar Pradesh,GORAKHPUR,Ginger,Kharif     
Uttar Pradesh,HARDOI,Ginger,Kharif     
Uttar Pradesh,JHANSI,Ginger,Kharif     
Uttar Pradesh,KANPUR NAGAR,Ginger,Kharif     
Uttar Pradesh,KHERI,Ginger,Kharif     
Uttar Pradesh,KUSHI NAGAR,Ginger,Kharif     
Uttar Pradesh,LALITPUR,Ginger,Kharif     
Uttar Pradesh,MAHARAJGANJ,Ginger,Kharif     
Uttar Pradesh,MAU,Ginger,Kharif     
Uttar Pradesh,MIRZAPUR,Ginger,Kharif     
Uttar Pradesh,PILIBHIT,Ginger,Kharif     
Uttar Pradesh,RAE BARELI,Ginger,Kharif     
Uttar Pradesh,SAHARANPUR,Ginger,Kharif     
Uttar Pradesh,SANT KABEER NAGAR,Ginger,Kharif     
Uttar Pradesh,SANT RAVIDAS NAGAR,Ginger,Kharif     
Uttar Pradesh,SITAPUR,Ginger,Kharif     
Uttar Pradesh,SONBHADRA,Ginger,Kharif     
Uttar Pradesh,UNNAO,Ginger,Kharif     
Uttar Pradesh,AGRA,Gram,Rabi       
Uttar Pradesh,ALIGARH,Gram,Rabi       
Uttar Pradesh,ALLAHABAD,Gram,Rabi       
Uttar Pradesh,ALMORA,Gram,Rabi       
Uttar Pradesh,AMBEDKAR NAGAR,Gram,Rabi       
Uttar Pradesh,AMETHI,Gram,Rabi       
Uttar Pradesh,AMROHA,Gram,Rabi       
Uttar Pradesh,AURAIYA,Gram,Rabi       
Uttar Pradesh,AZAMGARH,Gram,Rabi       
Uttar Pradesh,BAGESHWAR,Gram,Rabi       
Uttar Pradesh,BAGHPAT,Gram,Rabi       
Uttar Pradesh,BAHRAICH,Gram,Rabi       
Uttar Pradesh,BALLIA,Gram,Rabi       
Uttar Pradesh,BALRAMPUR,Gram,Rabi       
Uttar Pradesh,BANDA,Gram,Rabi       
Uttar Pradesh,BARABANKI,Gram,Rabi       
Uttar Pradesh,BAREILLY,Gram,Rabi       
Uttar Pradesh,BASTI,Gram,Rabi       
Uttar Pradesh,BIJNOR,Gram,Rabi       
Uttar Pradesh,BUDAUN,Gram,Rabi       
Uttar Pradesh,BULANDSHAHR,Gram,Rabi       
Uttar Pradesh,CHAMPAWAT,Gram,Rabi       
Uttar Pradesh,CHANDAULI,Gram,Rabi       
Uttar Pradesh,CHITRAKOOT,Gram,Rabi       
Uttar Pradesh,DEHRADUN,Gram,Rabi       
Uttar Pradesh,DEORIA,Gram,Rabi       
Uttar Pradesh,ETAH,Gram,Rabi       
Uttar Pradesh,ETAWAH,Gram,Rabi       
Uttar Pradesh,FAIZABAD,Gram,Rabi       
Uttar Pradesh,FARRUKHABAD,Gram,Rabi       
Uttar Pradesh,FATEHPUR,Gram,Rabi       
Uttar Pradesh,FIROZABAD,Gram,Rabi       
Uttar Pradesh,GAUTAM BUDDHA NAGAR,Gram,Rabi       
Uttar Pradesh,GHAZIABAD,Gram,Rabi       
Uttar Pradesh,GHAZIPUR,Gram,Rabi       
Uttar Pradesh,GONDA,Gram,Rabi       
Uttar Pradesh,GORAKHPUR,Gram,Rabi       
Uttar Pradesh,HAMIRPUR,Gram,Rabi       
Uttar Pradesh,HAPUR,Gram,Rabi       
Uttar Pradesh,HARDOI,Gram,Rabi       
Uttar Pradesh,HARIDWAR,Gram,Rabi       
Uttar Pradesh,HATHRAS,Gram,Rabi       
Uttar Pradesh,JALAUN,Gram,Rabi       
Uttar Pradesh,JAUNPUR,Gram,Rabi       
Uttar Pradesh,JHANSI,Gram,Rabi       
Uttar Pradesh,KANNAUJ,Gram,Rabi       
Uttar Pradesh,KANPUR DEHAT,Gram,Rabi       
Uttar Pradesh,KANPUR NAGAR,Gram,Rabi       
Uttar Pradesh,KASGANJ,Gram,Rabi       
Uttar Pradesh,KAUSHAMBI,Gram,Rabi       
Uttar Pradesh,KHERI,Gram,Rabi       
Uttar Pradesh,KUSHI NAGAR,Gram,Rabi       
Uttar Pradesh,LALITPUR,Gram,Rabi       
Uttar Pradesh,LUCKNOW,Gram,Rabi       
Uttar Pradesh,MAHARAJGANJ,Gram,Rabi       
Uttar Pradesh,MAHOBA,Gram,Rabi       
Uttar Pradesh,MAINPURI,Gram,Rabi       
Uttar Pradesh,MATHURA,Gram,Rabi       
Uttar Pradesh,MAU,Gram,Rabi       
Uttar Pradesh,MEERUT,Gram,Rabi       
Uttar Pradesh,MIRZAPUR,Gram,Rabi       
Uttar Pradesh,MORADABAD,Gram,Rabi       
Uttar Pradesh,MUZAFFARNAGAR,Gram,Rabi       
Uttar Pradesh,NAINITAL,Gram,Rabi       
Uttar Pradesh,PAURI GARHWAL,Gram,Rabi       
Uttar Pradesh,PILIBHIT,Gram,Rabi       
Uttar Pradesh,PITHORAGARH,Gram,Rabi       
Uttar Pradesh,PRATAPGARH,Gram,Rabi       
Uttar Pradesh,RAE BARELI,Gram,Rabi       
Uttar Pradesh,RAMPUR,Gram,Rabi       
Uttar Pradesh,SAHARANPUR,Gram,Rabi       
Uttar Pradesh,SAMBHAL,Gram,Rabi       
Uttar Pradesh,SANT KABEER NAGAR,Gram,Rabi       
Uttar Pradesh,SANT RAVIDAS NAGAR,Gram,Rabi       
Uttar Pradesh,SHAHJAHANPUR,Gram,Rabi       
Uttar Pradesh,SHAMLI,Gram,Rabi       
Uttar Pradesh,SHRAVASTI,Gram,Rabi       
Uttar Pradesh,SIDDHARTH NAGAR,Gram,Rabi       
Uttar Pradesh,SITAPUR,Gram,Rabi       
Uttar Pradesh,SONBHADRA,Gram,Rabi       
Uttar Pradesh,SULTANPUR,Gram,Rabi       
Uttar Pradesh,TEHRI GARHWAL,Gram,Rabi       
Uttar Pradesh,UDAM SINGH NAGAR,Gram,Rabi       
Uttar Pradesh,UNNAO,Gram,Rabi       
Uttar Pradesh,UTTAR KASHI,Gram,Rabi       
Uttar Pradesh,VARANASI,Gram,Rabi       
Uttar Pradesh,AGRA,Groundnut,Kharif     
Uttar Pradesh,ALIGARH,Groundnut,Kharif     
Uttar Pradesh,ALLAHABAD,Groundnut,Kharif     
Uttar Pradesh,AMBEDKAR NAGAR,Groundnut,Kharif     
Uttar Pradesh,AMETHI,Groundnut,Kharif     
Uttar Pradesh,AMROHA,Groundnut,Kharif     
Uttar Pradesh,AURAIYA,Groundnut,Kharif     
Uttar Pradesh,AZAMGARH,Groundnut,Kharif     
Uttar Pradesh,BAGHPAT,Groundnut,Kharif     
Uttar Pradesh,BAHRAICH,Groundnut,Kharif     
Uttar Pradesh,BALLIA,Groundnut,Kharif     
Uttar Pradesh,BALRAMPUR,Groundnut,Kharif     
Uttar Pradesh,BANDA,Groundnut,Kharif     
Uttar Pradesh,BARABANKI,Groundnut,Kharif     
Uttar Pradesh,BAREILLY,Groundnut,Kharif     
Uttar Pradesh,BASTI,Groundnut,Kharif     
Uttar Pradesh,BIJNOR,Groundnut,Kharif     
Uttar Pradesh,BUDAUN,Groundnut,Kharif     
Uttar Pradesh,BULANDSHAHR,Groundnut,Kharif     
Uttar Pradesh,CHANDAULI,Groundnut,Kharif     
Uttar Pradesh,CHITRAKOOT,Groundnut,Kharif     
Uttar Pradesh,DEHRADUN,Groundnut,Kharif     
Uttar Pradesh,DEORIA,Groundnut,Kharif     
Uttar Pradesh,ETAH,Groundnut,Kharif     
Uttar Pradesh,ETAWAH,Groundnut,Kharif     
Uttar Pradesh,FAIZABAD,Groundnut,Kharif     
Uttar Pradesh,FARRUKHABAD,Groundnut,Kharif     
Uttar Pradesh,FATEHPUR,Groundnut,Kharif     
Uttar Pradesh,FIROZABAD,Groundnut,Kharif     
Uttar Pradesh,GAUTAM BUDDHA NAGAR,Groundnut,Kharif     
Uttar Pradesh,GHAZIPUR,Groundnut,Kharif     
Uttar Pradesh,GONDA,Groundnut,Kharif     
Uttar Pradesh,GORAKHPUR,Groundnut,Kharif     
Uttar Pradesh,HAMIRPUR,Groundnut,Kharif     
Uttar Pradesh,HARDOI,Groundnut,Kharif     
Uttar Pradesh,HARIDWAR,Groundnut,Kharif     
Uttar Pradesh,HATHRAS,Groundnut,Kharif     
Uttar Pradesh,JALAUN,Groundnut,Kharif     
Uttar Pradesh,JAUNPUR,Groundnut,Kharif     
Uttar Pradesh,JHANSI,Groundnut,Kharif     
Uttar Pradesh,KANNAUJ,Groundnut,Kharif     
Uttar Pradesh,KANPUR DEHAT,Groundnut,Kharif     
Uttar Pradesh,KANPUR NAGAR,Groundnut,Kharif     
Uttar Pradesh,KASGANJ,Groundnut,Kharif     
Uttar Pradesh,KAUSHAMBI,Groundnut,Kharif     
Uttar Pradesh,KHERI,Groundnut,Kharif     
Uttar Pradesh,KUSHI NAGAR,Groundnut,Kharif     
Uttar Pradesh,LALITPUR,Groundnut,Kharif     
Uttar Pradesh,LUCKNOW,Groundnut,Kharif     
Uttar Pradesh,MAHARAJGANJ,Groundnut,Kharif     
Uttar Pradesh,MAHOBA,Groundnut,Kharif     
Uttar Pradesh,MAINPURI,Groundnut,Kharif     
Uttar Pradesh,MATHURA,Groundnut,Kharif     
Uttar Pradesh,MAU,Groundnut,Kharif     
Uttar Pradesh,MEERUT,Groundnut,Kharif     
Uttar Pradesh,MIRZAPUR,Groundnut,Kharif     
Uttar Pradesh,MORADABAD,Groundnut,Kharif     
Uttar Pradesh,MUZAFFARNAGAR,Groundnut,Kharif     
Uttar Pradesh,NAINITAL,Groundnut,Kharif     
Uttar Pradesh,PILIBHIT,Groundnut,Kharif     
Uttar Pradesh,PRATAPGARH,Groundnut,Kharif     
Uttar Pradesh,RAE BARELI,Groundnut,Kharif     
Uttar Pradesh,RAMPUR,Groundnut,Kharif     
Uttar Pradesh,SAHARANPUR,Groundnut,Kharif     
Uttar Pradesh,SAMBHAL,Groundnut,Kharif     
Uttar Pradesh,SANT KABEER NAGAR,Groundnut,Kharif     
Uttar Pradesh,SANT RAVIDAS NAGAR,Groundnut,Kharif     
Uttar Pradesh,SHAHJAHANPUR,Groundnut,Kharif     
Uttar Pradesh,SHRAVASTI,Groundnut,Kharif     
Uttar Pradesh,SIDDHARTH NAGAR,Groundnut,Kharif     
Uttar Pradesh,SITAPUR,Groundnut,Kharif     
Uttar Pradesh,SONBHADRA,Groundnut,Kharif     
Uttar Pradesh,SULTANPUR,Groundnut,Kharif     
Uttar Pradesh,UDAM SINGH NAGAR,Groundnut,Kharif     
Uttar Pradesh,UNNAO,Groundnut,Kharif     
Uttar Pradesh,VARANASI,Groundnut,Kharif     
Uttar Pradesh,AGRA,Guar seed,Whole Year 
Uttar Pradesh,ALIGARH,Guar seed,Whole Year 
Uttar Pradesh,ALLAHABAD,Guar seed,Whole Year 
Uttar Pradesh,AMBEDKAR NAGAR,Guar seed,Whole Year 
Uttar Pradesh,AMETHI,Guar seed,Kharif     
Uttar Pradesh,AMROHA,Guar seed,Kharif     
Uttar Pradesh,AURAIYA,Guar seed,Whole Year 
Uttar Pradesh,AZAMGARH,Guar seed,Whole Year 
Uttar Pradesh,BAHRAICH,Guar seed,Whole Year 
Uttar Pradesh,BALLIA,Guar seed,Whole Year 
Uttar Pradesh,BALRAMPUR,Guar seed,Whole Year 
Uttar Pradesh,BANDA,Guar seed,Whole Year 
Uttar Pradesh,BARABANKI,Guar seed,Whole Year 
Uttar Pradesh,BAREILLY,Guar seed,Whole Year 
Uttar Pradesh,BASTI,Guar seed,Whole Year 
Uttar Pradesh,BIJNOR,Guar seed,Whole Year 
Uttar Pradesh,BUDAUN,Guar seed,Whole Year 
Uttar Pradesh,BULANDSHAHR,Guar seed,Whole Year 
Uttar Pradesh,CHANDAULI,Guar seed,Whole Year 
Uttar Pradesh,CHITRAKOOT,Guar seed,Whole Year 
Uttar Pradesh,DEORIA,Guar seed,Whole Year 
Uttar Pradesh,ETAH,Guar seed,Whole Year 
Uttar Pradesh,ETAWAH,Guar seed,Whole Year 
Uttar Pradesh,FAIZABAD,Guar seed,Whole Year 
Uttar Pradesh,FARRUKHABAD,Guar seed,Whole Year 
Uttar Pradesh,FATEHPUR,Guar seed,Whole Year 
Uttar Pradesh,FIROZABAD,Guar seed,Whole Year 
Uttar Pradesh,GAUTAM BUDDHA NAGAR,Guar seed,Whole Year 
Uttar Pradesh,GHAZIABAD,Guar seed,Kharif     
Uttar Pradesh,GHAZIPUR,Guar seed,Whole Year 
Uttar Pradesh,GONDA,Guar seed,Whole Year 
Uttar Pradesh,GORAKHPUR,Guar seed,Whole Year 
Uttar Pradesh,HAMIRPUR,Guar seed,Whole Year 
Uttar Pradesh,HARDOI,Guar seed,Whole Year 
Uttar Pradesh,HATHRAS,Guar seed,Whole Year 
Uttar Pradesh,JALAUN,Guar seed,Whole Year 
Uttar Pradesh,JAUNPUR,Guar seed,Whole Year 
Uttar Pradesh,JHANSI,Guar seed,Whole Year 
Uttar Pradesh,KANNAUJ,Guar seed,Whole Year 
Uttar Pradesh,KANPUR DEHAT,Guar seed,Whole Year 
Uttar Pradesh,KANPUR NAGAR,Guar seed,Whole Year 
Uttar Pradesh,KASGANJ,Guar seed,Kharif     
Uttar Pradesh,KAUSHAMBI,Guar seed,Whole Year 
Uttar Pradesh,KHERI,Guar seed,Whole Year 
Uttar Pradesh,KUSHI NAGAR,Guar seed,Whole Year 
Uttar Pradesh,LUCKNOW,Guar seed,Whole Year 
Uttar Pradesh,MAHARAJGANJ,Guar seed,Whole Year 
Uttar Pradesh,MAHOBA,Guar seed,Whole Year 
Uttar Pradesh,MAINPURI,Guar seed,Whole Year 
Uttar Pradesh,MATHURA,Guar seed,Whole Year 
Uttar Pradesh,MAU,Guar seed,Whole Year 
Uttar Pradesh,MEERUT,Guar seed,Kharif     
Uttar Pradesh,MIRZAPUR,Guar seed,Whole Year 
Uttar Pradesh,MORADABAD,Guar seed,Whole Year 
Uttar Pradesh,PILIBHIT,Guar seed,Whole Year 
Uttar Pradesh,PRATAPGARH,Guar seed,Whole Year 
Uttar Pradesh,RAE BARELI,Guar seed,Whole Year 
Uttar Pradesh,RAMPUR,Guar seed,Whole Year 
Uttar Pradesh,SAHARANPUR,Guar seed,Whole Year 
Uttar Pradesh,SAMBHAL,Guar seed,Kharif     
Uttar Pradesh,SANT KABEER NAGAR,Guar seed,Whole Year 
Uttar Pradesh,SANT RAVIDAS NAGAR,Guar seed,Whole Year 
Uttar Pradesh,SHAHJAHANPUR,Guar seed,Whole Year 
Uttar Pradesh,SHRAVASTI,Guar seed,Whole Year 
Uttar Pradesh,SIDDHARTH NAGAR,Guar seed,Whole Year 
Uttar Pradesh,SITAPUR,Guar seed,Whole Year 
Uttar Pradesh,SONBHADRA,Guar seed,Whole Year 
Uttar Pradesh,SULTANPUR,Guar seed,Whole Year 
Uttar Pradesh,UNNAO,Guar seed,Whole Year 
Uttar Pradesh,VARANASI,Guar seed,Whole Year 
Uttar Pradesh,AGRA,Jowar,Kharif     
Uttar Pradesh,ALIGARH,Jowar,Kharif     
Uttar Pradesh,ALLAHABAD,Jowar,Kharif     
Uttar Pradesh,AMBEDKAR NAGAR,Jowar,Kharif     
Uttar Pradesh,AMETHI,Jowar,Kharif     
Uttar Pradesh,AMROHA,Jowar,Kharif     
Uttar Pradesh,AURAIYA,Jowar,Kharif     
Uttar Pradesh,AZAMGARH,Jowar,Kharif     
Uttar Pradesh,BAGHPAT,Jowar,Kharif     
Uttar Pradesh,BAHRAICH,Jowar,Kharif     
Uttar Pradesh,BALLIA,Jowar,Kharif     
Uttar Pradesh,BALRAMPUR,Jowar,Kharif     
Uttar Pradesh,BANDA,Jowar,Kharif     
Uttar Pradesh,BARABANKI,Jowar,Kharif     
Uttar Pradesh,BAREILLY,Jowar,Kharif     
Uttar Pradesh,BASTI,Jowar,Kharif     
Uttar Pradesh,BIJNOR,Jowar,Kharif     
Uttar Pradesh,BUDAUN,Jowar,Kharif     
Uttar Pradesh,BULANDSHAHR,Jowar,Kharif     
Uttar Pradesh,CHANDAULI,Jowar,Kharif     
Uttar Pradesh,CHITRAKOOT,Jowar,Kharif     
Uttar Pradesh,DEORIA,Jowar,Kharif     
Uttar Pradesh,ETAH,Jowar,Kharif     
Uttar Pradesh,ETAWAH,Jowar,Kharif     
Uttar Pradesh,FAIZABAD,Jowar,Kharif     
Uttar Pradesh,FARRUKHABAD,Jowar,Kharif     
Uttar Pradesh,FATEHPUR,Jowar,Kharif     
Uttar Pradesh,FIROZABAD,Jowar,Kharif     
Uttar Pradesh,GAUTAM BUDDHA NAGAR,Jowar,Kharif     
Uttar Pradesh,GHAZIABAD,Jowar,Kharif     
Uttar Pradesh,GHAZIPUR,Jowar,Kharif     
Uttar Pradesh,GONDA,Jowar,Kharif     
Uttar Pradesh,GORAKHPUR,Jowar,Kharif     
Uttar Pradesh,HAMIRPUR,Jowar,Kharif     
Uttar Pradesh,HARDOI,Jowar,Kharif     
Uttar Pradesh,HARIDWAR,Jowar,Kharif     
Uttar Pradesh,HATHRAS,Jowar,Kharif     
Uttar Pradesh,JALAUN,Jowar,Kharif     
Uttar Pradesh,JAUNPUR,Jowar,Kharif     
Uttar Pradesh,JHANSI,Jowar,Kharif     
Uttar Pradesh,KANNAUJ,Jowar,Kharif     
Uttar Pradesh,KANPUR DEHAT,Jowar,Kharif     
Uttar Pradesh,KANPUR NAGAR,Jowar,Kharif     
Uttar Pradesh,KASGANJ,Jowar,Kharif     
Uttar Pradesh,KAUSHAMBI,Jowar,Kharif     
Uttar Pradesh,KHERI,Jowar,Kharif     
Uttar Pradesh,KUSHI NAGAR,Jowar,Kharif     
Uttar Pradesh,LALITPUR,Jowar,Kharif     
Uttar Pradesh,LUCKNOW,Jowar,Kharif     
Uttar Pradesh,MAHARAJGANJ,Jowar,Kharif     
Uttar Pradesh,MAHOBA,Jowar,Kharif     
Uttar Pradesh,MAINPURI,Jowar,Kharif     
Uttar Pradesh,MATHURA,Jowar,Kharif     
Uttar Pradesh,MAU,Jowar,Kharif     
Uttar Pradesh,MEERUT,Jowar,Kharif     
Uttar Pradesh,MIRZAPUR,Jowar,Kharif     
Uttar Pradesh,MORADABAD,Jowar,Kharif     
Uttar Pradesh,MUZAFFARNAGAR,Jowar,Kharif     
Uttar Pradesh,PILIBHIT,Jowar,Kharif     
Uttar Pradesh,PRATAPGARH,Jowar,Kharif     
Uttar Pradesh,RAE BARELI,Jowar,Kharif     
Uttar Pradesh,RAMPUR,Jowar,Kharif     
Uttar Pradesh,SAMBHAL,Jowar,Kharif     
Uttar Pradesh,SANT KABEER NAGAR,Jowar,Kharif     
Uttar Pradesh,SANT RAVIDAS NAGAR,Jowar,Kharif     
Uttar Pradesh,SHAHJAHANPUR,Jowar,Kharif     
Uttar Pradesh,SHRAVASTI,Jowar,Kharif     
Uttar Pradesh,SIDDHARTH NAGAR,Jowar,Kharif     
Uttar Pradesh,SITAPUR,Jowar,Kharif     
Uttar Pradesh,SONBHADRA,Jowar,Kharif     
Uttar Pradesh,SULTANPUR,Jowar,Kharif     
Uttar Pradesh,UNNAO,Jowar,Kharif     
Uttar Pradesh,VARANASI,Jowar,Kharif     
Uttar Pradesh,AGRA,Jute,Kharif     
Uttar Pradesh,BAHRAICH,Jute,Kharif     
Uttar Pradesh,GONDA,Jute,Kharif     
Uttar Pradesh,KANNAUJ,Jute,Kharif     
Uttar Pradesh,KHERI,Jute,Kharif     
Uttar Pradesh,SHRAVASTI,Jute,Kharif     
Uttar Pradesh,UNNAO,Jute,Kharif     
Uttar Pradesh,AGRA,Linseed,Rabi       
Uttar Pradesh,ALIGARH,Linseed,Rabi       
Uttar Pradesh,ALLAHABAD,Linseed,Rabi       
Uttar Pradesh,AMBEDKAR NAGAR,Linseed,Rabi       
Uttar Pradesh,AMETHI,Linseed,Rabi       
Uttar Pradesh,AMROHA,Linseed,Rabi       
Uttar Pradesh,AURAIYA,Linseed,Rabi       
Uttar Pradesh,AZAMGARH,Linseed,Rabi       
Uttar Pradesh,BAGHPAT,Linseed,Rabi       
Uttar Pradesh,BAHRAICH,Linseed,Rabi       
Uttar Pradesh,BALLIA,Linseed,Rabi       
Uttar Pradesh,BALRAMPUR,Linseed,Rabi       
Uttar Pradesh,BANDA,Linseed,Rabi       
Uttar Pradesh,BARABANKI,Linseed,Rabi       
Uttar Pradesh,BAREILLY,Linseed,Rabi       
Uttar Pradesh,BASTI,Linseed,Rabi       
Uttar Pradesh,BIJNOR,Linseed,Rabi       
Uttar Pradesh,BUDAUN,Linseed,Rabi       
Uttar Pradesh,BULANDSHAHR,Linseed,Rabi       
Uttar Pradesh,CHANDAULI,Linseed,Rabi       
Uttar Pradesh,CHITRAKOOT,Linseed,Rabi       
Uttar Pradesh,DEHRADUN,Linseed,Rabi       
Uttar Pradesh,DEORIA,Linseed,Rabi       
Uttar Pradesh,ETAH,Linseed,Rabi       
Uttar Pradesh,ETAWAH,Linseed,Rabi       
Uttar Pradesh,FAIZABAD,Linseed,Rabi       
Uttar Pradesh,FARRUKHABAD,Linseed,Rabi       
Uttar Pradesh,FATEHPUR,Linseed,Rabi       
Uttar Pradesh,FIROZABAD,Linseed,Rabi       
Uttar Pradesh,GHAZIABAD,Linseed,Rabi       
Uttar Pradesh,GHAZIPUR,Linseed,Rabi       
Uttar Pradesh,GONDA,Linseed,Rabi       
Uttar Pradesh,GORAKHPUR,Linseed,Rabi       
Uttar Pradesh,HAMIRPUR,Linseed,Rabi       
Uttar Pradesh,HARDOI,Linseed,Rabi       
Uttar Pradesh,HARIDWAR,Linseed,Rabi       
Uttar Pradesh,HATHRAS,Linseed,Rabi       
Uttar Pradesh,JALAUN,Linseed,Rabi       
Uttar Pradesh,JAUNPUR,Linseed,Rabi       
Uttar Pradesh,JHANSI,Linseed,Rabi       
Uttar Pradesh,KANNAUJ,Linseed,Rabi       
Uttar Pradesh,KANPUR DEHAT,Linseed,Rabi       
Uttar Pradesh,KANPUR NAGAR,Linseed,Rabi       
Uttar Pradesh,KASGANJ,Linseed,Rabi       
Uttar Pradesh,KAUSHAMBI,Linseed,Rabi       
Uttar Pradesh,KHERI,Linseed,Rabi       
Uttar Pradesh,KUSHI NAGAR,Linseed,Rabi       
Uttar Pradesh,LALITPUR,Linseed,Rabi       
Uttar Pradesh,LUCKNOW,Linseed,Rabi       
Uttar Pradesh,MAHARAJGANJ,Linseed,Rabi       
Uttar Pradesh,MAHOBA,Linseed,Rabi       
Uttar Pradesh,MAINPURI,Linseed,Rabi       
Uttar Pradesh,MATHURA,Linseed,Rabi       
Uttar Pradesh,MAU,Linseed,Rabi       
Uttar Pradesh,MEERUT,Linseed,Rabi       
Uttar Pradesh,MIRZAPUR,Linseed,Rabi       
Uttar Pradesh,MORADABAD,Linseed,Rabi       
Uttar Pradesh,MUZAFFARNAGAR,Linseed,Rabi       
Uttar Pradesh,PILIBHIT,Linseed,Rabi       
Uttar Pradesh,PRATAPGARH,Linseed,Rabi       
Uttar Pradesh,RAE BARELI,Linseed,Rabi       
Uttar Pradesh,RAMPUR,Linseed,Rabi       
Uttar Pradesh,SAHARANPUR,Linseed,Rabi       
Uttar Pradesh,SAMBHAL,Linseed,Rabi       
Uttar Pradesh,SANT KABEER NAGAR,Linseed,Rabi       
Uttar Pradesh,SANT RAVIDAS NAGAR,Linseed,Rabi       
Uttar Pradesh,SHAHJAHANPUR,Linseed,Rabi       
Uttar Pradesh,SHRAVASTI,Linseed,Rabi       
Uttar Pradesh,SIDDHARTH NAGAR,Linseed,Rabi       
Uttar Pradesh,SITAPUR,Linseed,Rabi       
Uttar Pradesh,SONBHADRA,Linseed,Rabi       
Uttar Pradesh,SULTANPUR,Linseed,Rabi       
Uttar Pradesh,UDAM SINGH NAGAR,Linseed,Rabi       
Uttar Pradesh,UNNAO,Linseed,Rabi       
Uttar Pradesh,VARANASI,Linseed,Rabi       
Uttar Pradesh,AGRA,Maize,Kharif     
Uttar Pradesh,ALIGARH,Maize,Kharif     
Uttar Pradesh,ALLAHABAD,Maize,Kharif     
Uttar Pradesh,ALMORA,Maize,Kharif     
Uttar Pradesh,AMBEDKAR NAGAR,Maize,Kharif     
Uttar Pradesh,AMETHI,Maize,Kharif     
Uttar Pradesh,AMROHA,Maize,Kharif     
Uttar Pradesh,AURAIYA,Maize,Kharif     
Uttar Pradesh,AZAMGARH,Maize,Kharif     
Uttar Pradesh,BAGESHWAR,Maize,Kharif     
Uttar Pradesh,BAGHPAT,Maize,Kharif     
Uttar Pradesh,BAHRAICH,Maize,Kharif     
Uttar Pradesh,BALLIA,Maize,Kharif     
Uttar Pradesh,BALRAMPUR,Maize,Kharif     
Uttar Pradesh,BANDA,Maize,Kharif     
Uttar Pradesh,BARABANKI,Maize,Kharif     
Uttar Pradesh,BAREILLY,Maize,Kharif     
Uttar Pradesh,BASTI,Maize,Kharif     
Uttar Pradesh,BIJNOR,Maize,Kharif     
Uttar Pradesh,BUDAUN,Maize,Kharif     
Uttar Pradesh,BULANDSHAHR,Maize,Kharif     
Uttar Pradesh,CHAMOLI,Maize,Kharif     
Uttar Pradesh,CHAMPAWAT,Maize,Kharif     
Uttar Pradesh,CHANDAULI,Maize,Kharif     
Uttar Pradesh,CHITRAKOOT,Maize,Kharif     
Uttar Pradesh,DEHRADUN,Maize,Kharif     
Uttar Pradesh,DEORIA,Maize,Kharif     
Uttar Pradesh,ETAH,Maize,Kharif     
Uttar Pradesh,ETAWAH,Maize,Kharif     
Uttar Pradesh,FAIZABAD,Maize,Kharif     
Uttar Pradesh,FARRUKHABAD,Maize,Kharif     
Uttar Pradesh,FATEHPUR,Maize,Kharif     
Uttar Pradesh,FIROZABAD,Maize,Kharif     
Uttar Pradesh,GAUTAM BUDDHA NAGAR,Maize,Kharif     
Uttar Pradesh,GHAZIABAD,Maize,Kharif     
Uttar Pradesh,GHAZIPUR,Maize,Kharif     
Uttar Pradesh,GONDA,Maize,Kharif     
Uttar Pradesh,GORAKHPUR,Maize,Kharif     
Uttar Pradesh,HAMIRPUR,Maize,Kharif     
Uttar Pradesh,HAPUR,Maize,Kharif     
Uttar Pradesh,HARDOI,Maize,Kharif     
Uttar Pradesh,HARIDWAR,Maize,Kharif     
Uttar Pradesh,HATHRAS,Maize,Kharif     
Uttar Pradesh,JALAUN,Maize,Kharif     
Uttar Pradesh,JAUNPUR,Maize,Kharif     
Uttar Pradesh,JHANSI,Maize,Kharif     
Uttar Pradesh,KANNAUJ,Maize,Kharif     
Uttar Pradesh,KANPUR DEHAT,Maize,Kharif     
Uttar Pradesh,KANPUR NAGAR,Maize,Kharif     
Uttar Pradesh,KASGANJ,Maize,Kharif     
Uttar Pradesh,KAUSHAMBI,Maize,Kharif     
Uttar Pradesh,KHERI,Maize,Kharif     
Uttar Pradesh,KUSHI NAGAR,Maize,Kharif     
Uttar Pradesh,LALITPUR,Maize,Kharif     
Uttar Pradesh,LUCKNOW,Maize,Kharif     
Uttar Pradesh,MAHARAJGANJ,Maize,Kharif     
Uttar Pradesh,MAHOBA,Maize,Kharif     
Uttar Pradesh,MAINPURI,Maize,Kharif     
Uttar Pradesh,MATHURA,Maize,Kharif     
Uttar Pradesh,MAU,Maize,Kharif     
Uttar Pradesh,MEERUT,Maize,Kharif     
Uttar Pradesh,MIRZAPUR,Maize,Kharif     
Uttar Pradesh,MORADABAD,Maize,Kharif     
Uttar Pradesh,MUZAFFARNAGAR,Maize,Kharif     
Uttar Pradesh,NAINITAL,Maize,Kharif     
Uttar Pradesh,PAURI GARHWAL,Maize,Kharif     
Uttar Pradesh,PILIBHIT,Maize,Kharif     
Uttar Pradesh,PITHORAGARH,Maize,Kharif     
Uttar Pradesh,PRATAPGARH,Maize,Kharif     
Uttar Pradesh,RAE BARELI,Maize,Kharif     
Uttar Pradesh,RAMPUR,Maize,Kharif     
Uttar Pradesh,RUDRA PRAYAG,Maize,Kharif     
Uttar Pradesh,SAHARANPUR,Maize,Kharif     
Uttar Pradesh,SAMBHAL,Maize,Kharif     
Uttar Pradesh,SANT KABEER NAGAR,Maize,Kharif     
Uttar Pradesh,SANT RAVIDAS NAGAR,Maize,Kharif     
Uttar Pradesh,SHAHJAHANPUR,Maize,Kharif     
Uttar Pradesh,SHAMLI,Maize,Kharif     
Uttar Pradesh,SHRAVASTI,Maize,Kharif     
Uttar Pradesh,SIDDHARTH NAGAR,Maize,Kharif     
Uttar Pradesh,SITAPUR,Maize,Kharif     
Uttar Pradesh,SONBHADRA,Maize,Kharif     
Uttar Pradesh,SULTANPUR,Maize,Kharif     
Uttar Pradesh,TEHRI GARHWAL,Maize,Kharif     
Uttar Pradesh,UDAM SINGH NAGAR,Maize,Kharif     
Uttar Pradesh,UNNAO,Maize,Kharif     
Uttar Pradesh,UTTAR KASHI,Maize,Kharif     
Uttar Pradesh,VARANASI,Maize,Kharif     
Uttar Pradesh,AGRA,Masoor,Rabi       
Uttar Pradesh,ALIGARH,Masoor,Rabi       
Uttar Pradesh,ALLAHABAD,Masoor,Rabi       
Uttar Pradesh,ALMORA,Masoor,Rabi       
Uttar Pradesh,AMBEDKAR NAGAR,Masoor,Rabi       
Uttar Pradesh,AMETHI,Masoor,Rabi       
Uttar Pradesh,AMROHA,Masoor,Rabi       
Uttar Pradesh,AURAIYA,Masoor,Rabi       
Uttar Pradesh,AZAMGARH,Masoor,Rabi       
Uttar Pradesh,BAGHPAT,Masoor,Rabi       
Uttar Pradesh,BAHRAICH,Masoor,Rabi       
Uttar Pradesh,BALLIA,Masoor,Rabi       
Uttar Pradesh,BALRAMPUR,Masoor,Rabi       
Uttar Pradesh,BANDA,Masoor,Rabi       
Uttar Pradesh,BARABANKI,Masoor,Rabi       
Uttar Pradesh,BAREILLY,Masoor,Rabi       
Uttar Pradesh,BASTI,Masoor,Rabi       
Uttar Pradesh,BIJNOR,Masoor,Rabi       
Uttar Pradesh,BUDAUN,Masoor,Rabi       
Uttar Pradesh,BULANDSHAHR,Masoor,Rabi       
Uttar Pradesh,CHAMOLI,Masoor,Rabi       
Uttar Pradesh,CHANDAULI,Masoor,Rabi       
Uttar Pradesh,CHITRAKOOT,Masoor,Rabi       
Uttar Pradesh,DEHRADUN,Masoor,Rabi       
Uttar Pradesh,DEORIA,Masoor,Rabi       
Uttar Pradesh,ETAH,Masoor,Rabi       
Uttar Pradesh,ETAWAH,Masoor,Rabi       
Uttar Pradesh,FAIZABAD,Masoor,Rabi       
Uttar Pradesh,FARRUKHABAD,Masoor,Rabi       
Uttar Pradesh,FATEHPUR,Masoor,Rabi       
Uttar Pradesh,FIROZABAD,Masoor,Rabi       
Uttar Pradesh,GAUTAM BUDDHA NAGAR,Masoor,Rabi       
Uttar Pradesh,GHAZIABAD,Masoor,Rabi       
Uttar Pradesh,GHAZIPUR,Masoor,Rabi       
Uttar Pradesh,GONDA,Masoor,Rabi       
Uttar Pradesh,GORAKHPUR,Masoor,Rabi       
Uttar Pradesh,HAMIRPUR,Masoor,Rabi       
Uttar Pradesh,HAPUR,Masoor,Rabi       
Uttar Pradesh,HARDOI,Masoor,Rabi       
Uttar Pradesh,HARIDWAR,Masoor,Rabi       
Uttar Pradesh,HATHRAS,Masoor,Rabi       
Uttar Pradesh,JALAUN,Masoor,Rabi       
Uttar Pradesh,JAUNPUR,Masoor,Rabi       
Uttar Pradesh,JHANSI,Masoor,Rabi       
Uttar Pradesh,KANNAUJ,Masoor,Rabi       
Uttar Pradesh,KANPUR DEHAT,Masoor,Rabi       
Uttar Pradesh,KANPUR NAGAR,Masoor,Rabi       
Uttar Pradesh,KASGANJ,Masoor,Rabi       
Uttar Pradesh,KAUSHAMBI,Masoor,Rabi       
Uttar Pradesh,KHERI,Masoor,Rabi       
Uttar Pradesh,KUSHI NAGAR,Masoor,Rabi       
Uttar Pradesh,LALITPUR,Masoor,Rabi       
Uttar Pradesh,LUCKNOW,Masoor,Rabi       
Uttar Pradesh,MAHARAJGANJ,Masoor,Rabi       
Uttar Pradesh,MAHOBA,Masoor,Rabi       
Uttar Pradesh,MAINPURI,Masoor,Rabi       
Uttar Pradesh,MATHURA,Masoor,Rabi       
Uttar Pradesh,MAU,Masoor,Rabi       
Uttar Pradesh,MEERUT,Masoor,Rabi       
Uttar Pradesh,MIRZAPUR,Masoor,Rabi       
Uttar Pradesh,MORADABAD,Masoor,Rabi       
Uttar Pradesh,MUZAFFARNAGAR,Masoor,Rabi       
Uttar Pradesh,NAINITAL,Masoor,Rabi       
Uttar Pradesh,PAURI GARHWAL,Masoor,Rabi       
Uttar Pradesh,PILIBHIT,Masoor,Rabi       
Uttar Pradesh,PITHORAGARH,Masoor,Rabi       
Uttar Pradesh,PRATAPGARH,Masoor,Rabi       
Uttar Pradesh,RAE BARELI,Masoor,Rabi       
Uttar Pradesh,RAMPUR,Masoor,Rabi       
Uttar Pradesh,SAHARANPUR,Masoor,Rabi       
Uttar Pradesh,SAMBHAL,Masoor,Rabi       
Uttar Pradesh,SANT KABEER NAGAR,Masoor,Rabi       
Uttar Pradesh,SANT RAVIDAS NAGAR,Masoor,Rabi       
Uttar Pradesh,SHAHJAHANPUR,Masoor,Rabi       
Uttar Pradesh,SHAMLI,Masoor,Rabi       
Uttar Pradesh,SHRAVASTI,Masoor,Rabi       
Uttar Pradesh,SIDDHARTH NAGAR,Masoor,Rabi       
Uttar Pradesh,SITAPUR,Masoor,Rabi       
Uttar Pradesh,SONBHADRA,Masoor,Rabi       
Uttar Pradesh,SULTANPUR,Masoor,Rabi       
Uttar Pradesh,TEHRI GARHWAL,Masoor,Rabi       
Uttar Pradesh,UDAM SINGH NAGAR,Masoor,Rabi       
Uttar Pradesh,UNNAO,Masoor,Rabi       
Uttar Pradesh,UTTAR KASHI,Masoor,Rabi       
Uttar Pradesh,VARANASI,Masoor,Rabi       
Uttar Pradesh,AGRA,Moong(Green Gram),Kharif     
Uttar Pradesh,ALIGARH,Moong(Green Gram),Kharif     
Uttar Pradesh,ALLAHABAD,Moong(Green Gram),Kharif     
Uttar Pradesh,AMBEDKAR NAGAR,Moong(Green Gram),Kharif     
Uttar Pradesh,AMETHI,Moong(Green Gram),Kharif     
Uttar Pradesh,AMROHA,Moong(Green Gram),Kharif     
Uttar Pradesh,AURAIYA,Moong(Green Gram),Kharif     
Uttar Pradesh,AZAMGARH,Moong(Green Gram),Kharif     
Uttar Pradesh,BAGHPAT,Moong(Green Gram),Kharif     
Uttar Pradesh,BAHRAICH,Moong(Green Gram),Kharif     
Uttar Pradesh,BALLIA,Moong(Green Gram),Kharif     
Uttar Pradesh,BALRAMPUR,Moong(Green Gram),Kharif     
Uttar Pradesh,BANDA,Moong(Green Gram),Kharif     
Uttar Pradesh,BARABANKI,Moong(Green Gram),Kharif     
Uttar Pradesh,BAREILLY,Moong(Green Gram),Kharif     
Uttar Pradesh,BASTI,Moong(Green Gram),Summer     
Uttar Pradesh,BIJNOR,Moong(Green Gram),Kharif     
Uttar Pradesh,BUDAUN,Moong(Green Gram),Kharif     
Uttar Pradesh,BULANDSHAHR,Moong(Green Gram),Kharif     
Uttar Pradesh,CHANDAULI,Moong(Green Gram),Kharif     
Uttar Pradesh,CHITRAKOOT,Moong(Green Gram),Kharif     
Uttar Pradesh,DEHRADUN,Moong(Green Gram),Kharif     
Uttar Pradesh,DEORIA,Moong(Green Gram),Kharif     
Uttar Pradesh,ETAH,Moong(Green Gram),Kharif     
Uttar Pradesh,ETAWAH,Moong(Green Gram),Kharif     
Uttar Pradesh,FAIZABAD,Moong(Green Gram),Kharif     
Uttar Pradesh,FARRUKHABAD,Moong(Green Gram),Kharif     
Uttar Pradesh,FATEHPUR,Moong(Green Gram),Kharif     
Uttar Pradesh,FIROZABAD,Moong(Green Gram),Kharif     
Uttar Pradesh,GAUTAM BUDDHA NAGAR,Moong(Green Gram),Summer     
Uttar Pradesh,GHAZIABAD,Moong(Green Gram),Kharif     
Uttar Pradesh,GHAZIPUR,Moong(Green Gram),Kharif     
Uttar Pradesh,GONDA,Moong(Green Gram),Kharif     
Uttar Pradesh,GORAKHPUR,Moong(Green Gram),Kharif     
Uttar Pradesh,HAMIRPUR,Moong(Green Gram),Kharif     
Uttar Pradesh,HAPUR,Moong(Green Gram),Kharif     
Uttar Pradesh,HARDOI,Moong(Green Gram),Kharif     
Uttar Pradesh,HARIDWAR,Moong(Green Gram),Kharif     
Uttar Pradesh,HATHRAS,Moong(Green Gram),Kharif     
Uttar Pradesh,JALAUN,Moong(Green Gram),Kharif     
Uttar Pradesh,JAUNPUR,Moong(Green Gram),Kharif     
Uttar Pradesh,JHANSI,Moong(Green Gram),Kharif     
Uttar Pradesh,KANNAUJ,Moong(Green Gram),Kharif     
Uttar Pradesh,KANPUR DEHAT,Moong(Green Gram),Kharif     
Uttar Pradesh,KANPUR NAGAR,Moong(Green Gram),Kharif     
Uttar Pradesh,KASGANJ,Moong(Green Gram),Kharif     
Uttar Pradesh,KAUSHAMBI,Moong(Green Gram),Kharif     
Uttar Pradesh,KHERI,Moong(Green Gram),Kharif     
Uttar Pradesh,KUSHI NAGAR,Moong(Green Gram),Kharif     
Uttar Pradesh,LALITPUR,Moong(Green Gram),Kharif     
Uttar Pradesh,LUCKNOW,Moong(Green Gram),Kharif     
Uttar Pradesh,MAHARAJGANJ,Moong(Green Gram),Kharif     
Uttar Pradesh,MAHOBA,Moong(Green Gram),Kharif     
Uttar Pradesh,MAINPURI,Moong(Green Gram),Kharif     
Uttar Pradesh,MATHURA,Moong(Green Gram),Kharif     
Uttar Pradesh,MAU,Moong(Green Gram),Kharif     
Uttar Pradesh,MEERUT,Moong(Green Gram),Kharif     
Uttar Pradesh,MIRZAPUR,Moong(Green Gram),Kharif     
Uttar Pradesh,MORADABAD,Moong(Green Gram),Kharif     
Uttar Pradesh,MUZAFFARNAGAR,Moong(Green Gram),Kharif     
Uttar Pradesh,NAINITAL,Moong(Green Gram),Summer     
Uttar Pradesh,PILIBHIT,Moong(Green Gram),Kharif     
Uttar Pradesh,PRATAPGARH,Moong(Green Gram),Kharif     
Uttar Pradesh,RAE BARELI,Moong(Green Gram),Kharif     
Uttar Pradesh,RAMPUR,Moong(Green Gram),Summer     
Uttar Pradesh,SAHARANPUR,Moong(Green Gram),Summer     
Uttar Pradesh,SAMBHAL,Moong(Green Gram),Kharif     
Uttar Pradesh,SANT KABEER NAGAR,Moong(Green Gram),Kharif     
Uttar Pradesh,SANT RAVIDAS NAGAR,Moong(Green Gram),Kharif     
Uttar Pradesh,SHAHJAHANPUR,Moong(Green Gram),Kharif     
Uttar Pradesh,SHAMLI,Moong(Green Gram),Kharif     
Uttar Pradesh,SHRAVASTI,Moong(Green Gram),Summer     
Uttar Pradesh,SIDDHARTH NAGAR,Moong(Green Gram),Kharif     
Uttar Pradesh,SITAPUR,Moong(Green Gram),Kharif     
Uttar Pradesh,SONBHADRA,Moong(Green Gram),Kharif     
Uttar Pradesh,SULTANPUR,Moong(Green Gram),Kharif     
Uttar Pradesh,UDAM SINGH NAGAR,Moong(Green Gram),Kharif     
Uttar Pradesh,UNNAO,Moong(Green Gram),Kharif     
Uttar Pradesh,VARANASI,Moong(Green Gram),Kharif     
Uttar Pradesh,AGRA,Moth,Kharif     
Uttar Pradesh,ALIGARH,Moth,Kharif     
Uttar Pradesh,ALLAHABAD,Moth,Kharif     
Uttar Pradesh,AMROHA,Moth,Kharif     
Uttar Pradesh,BAHRAICH,Moth,Kharif     
Uttar Pradesh,BALLIA,Moth,Kharif     
Uttar Pradesh,BALRAMPUR,Moth,Kharif     
Uttar Pradesh,BANDA,Moth,Kharif     
Uttar Pradesh,BARABANKI,Moth,Whole Year 
Uttar Pradesh,BAREILLY,Moth,Whole Year 
Uttar Pradesh,BIJNOR,Moth,Kharif     
Uttar Pradesh,BUDAUN,Moth,Kharif     
Uttar Pradesh,BULANDSHAHR,Moth,Kharif     
Uttar Pradesh,CHANDAULI,Moth,Kharif     
Uttar Pradesh,DEHRADUN,Moth,Whole Year 
Uttar Pradesh,DEORIA,Moth,Kharif     
Uttar Pradesh,ETAH,Moth,Kharif     
Uttar Pradesh,ETAWAH,Moth,Kharif     
Uttar Pradesh,FARRUKHABAD,Moth,Kharif     
Uttar Pradesh,FIROZABAD,Moth,Kharif     
Uttar Pradesh,GHAZIPUR,Moth,Kharif     
Uttar Pradesh,GONDA,Moth,Kharif     
Uttar Pradesh,HAMIRPUR,Moth,Kharif     
Uttar Pradesh,HARDOI,Moth,Kharif     
Uttar Pradesh,HATHRAS,Moth,Whole Year 
Uttar Pradesh,JALAUN,Moth,Kharif     
Uttar Pradesh,JAUNPUR,Moth,Kharif     
Uttar Pradesh,JHANSI,Moth,Kharif     
Uttar Pradesh,KANNAUJ,Moth,Kharif     
Uttar Pradesh,KANPUR NAGAR,Moth,Whole Year 
Uttar Pradesh,KUSHI NAGAR,Moth,Kharif     
Uttar Pradesh,LUCKNOW,Moth,Kharif     
Uttar Pradesh,MAHARAJGANJ,Moth,Kharif     
Uttar Pradesh,MAHOBA,Moth,Whole Year 
Uttar Pradesh,MAINPURI,Moth,Kharif     
Uttar Pradesh,MATHURA,Moth,Kharif     
Uttar Pradesh,MAU,Moth,Kharif     
Uttar Pradesh,MIRZAPUR,Moth,Kharif     
Uttar Pradesh,MORADABAD,Moth,Kharif     
Uttar Pradesh,PAURI GARHWAL,Moth,Kharif     
Uttar Pradesh,PRATAPGARH,Moth,Kharif     
Uttar Pradesh,RAE BARELI,Moth,Kharif     
Uttar Pradesh,SHAHJAHANPUR,Moth,Kharif     
Uttar Pradesh,SHRAVASTI,Moth,Kharif     
Uttar Pradesh,SITAPUR,Moth,Kharif     
Uttar Pradesh,SONBHADRA,Moth,Kharif     
Uttar Pradesh,SULTANPUR,Moth,Kharif     
Uttar Pradesh,UDAM SINGH NAGAR,Moth,Kharif     
Uttar Pradesh,UNNAO,Moth,Kharif     
Uttar Pradesh,VARANASI,Moth,Kharif     
Uttar Pradesh,ALMORA,Moth,Kharif     
Uttar Pradesh,AZAMGARH,Moth,Kharif     
Uttar Pradesh,BASTI,Moth,Kharif     
Uttar Pradesh,CHAMOLI,Moth,Kharif     
Uttar Pradesh,FAIZABAD,Moth,Kharif     
Uttar Pradesh,FATEHPUR,Moth,Kharif     
Uttar Pradesh,GHAZIABAD,Moth,Kharif     
Uttar Pradesh,GORAKHPUR,Moth,Kharif     
Uttar Pradesh,KHERI,Moth,Kharif     
Uttar Pradesh,LALITPUR,Moth,Kharif     
Uttar Pradesh,MEERUT,Moth,Kharif     
Uttar Pradesh,MUZAFFARNAGAR,Moth,Kharif     
Uttar Pradesh,NAINITAL,Moth,Kharif     
Uttar Pradesh,PILIBHIT,Moth,Kharif     
Uttar Pradesh,PITHORAGARH,Moth,Kharif     
Uttar Pradesh,RAMPUR,Moth,Kharif     
Uttar Pradesh,SAHARANPUR,Moth,Kharif     
Uttar Pradesh,TEHRI GARHWAL,Moth,Kharif     
Uttar Pradesh,UTTAR KASHI,Moth,Kharif     
Uttar Pradesh,AGRA,Onion,Kharif     
Uttar Pradesh,ALIGARH,Onion,Kharif     
Uttar Pradesh,ALLAHABAD,Onion,Kharif     
Uttar Pradesh,ALMORA,Onion,Kharif     
Uttar Pradesh,AMBEDKAR NAGAR,Onion,Whole Year 
Uttar Pradesh,AMETHI,Onion,Rabi       
Uttar Pradesh,AMROHA,Onion,Whole Year 
Uttar Pradesh,AURAIYA,Onion,Whole Year 
Uttar Pradesh,AZAMGARH,Onion,Kharif     
Uttar Pradesh,BAGESHWAR,Onion,Whole Year 
Uttar Pradesh,BAGHPAT,Onion,Whole Year 
Uttar Pradesh,BAHRAICH,Onion,Kharif     
Uttar Pradesh,BALLIA,Onion,Kharif     
Uttar Pradesh,BALRAMPUR,Onion,Whole Year 
Uttar Pradesh,BANDA,Onion,Kharif     
Uttar Pradesh,BARABANKI,Onion,Kharif     
Uttar Pradesh,BAREILLY,Onion,Kharif     
Uttar Pradesh,BASTI,Onion,Kharif     
Uttar Pradesh,BIJNOR,Onion,Kharif     
Uttar Pradesh,BUDAUN,Onion,Kharif     
Uttar Pradesh,BULANDSHAHR,Onion,Kharif     
Uttar Pradesh,CHAMOLI,Onion,Kharif     
Uttar Pradesh,CHAMPAWAT,Onion,Whole Year 
Uttar Pradesh,CHANDAULI,Onion,Whole Year 
Uttar Pradesh,CHITRAKOOT,Onion,Whole Year 
Uttar Pradesh,DEHRADUN,Onion,Kharif     
Uttar Pradesh,DEORIA,Onion,Kharif     
Uttar Pradesh,ETAH,Onion,Kharif     
Uttar Pradesh,ETAWAH,Onion,Kharif     
Uttar Pradesh,FAIZABAD,Onion,Kharif     
Uttar Pradesh,FARRUKHABAD,Onion,Kharif     
Uttar Pradesh,FATEHPUR,Onion,Kharif     
Uttar Pradesh,FIROZABAD,Onion,Whole Year 
Uttar Pradesh,GAUTAM BUDDHA NAGAR,Onion,Whole Year 
Uttar Pradesh,GHAZIABAD,Onion,Kharif     
Uttar Pradesh,GHAZIPUR,Onion,Kharif     
Uttar Pradesh,GONDA,Onion,Kharif     
Uttar Pradesh,GORAKHPUR,Onion,Kharif     
Uttar Pradesh,HAMIRPUR,Onion,Kharif     
Uttar Pradesh,HAPUR,Onion,Rabi       
Uttar Pradesh,HARDOI,Onion,Kharif     
Uttar Pradesh,HARIDWAR,Onion,Whole Year 
Uttar Pradesh,HATHRAS,Onion,Whole Year 
Uttar Pradesh,JALAUN,Onion,Kharif     
Uttar Pradesh,JAUNPUR,Onion,Kharif     
Uttar Pradesh,JHANSI,Onion,Kharif     
Uttar Pradesh,KANNAUJ,Onion,Whole Year 
Uttar Pradesh,KANPUR DEHAT,Onion,Whole Year 
Uttar Pradesh,KANPUR NAGAR,Onion,Kharif     
Uttar Pradesh,KASGANJ,Onion,Rabi       
Uttar Pradesh,KAUSHAMBI,Onion,Whole Year 
Uttar Pradesh,KHERI,Onion,Kharif     
Uttar Pradesh,KUSHI NAGAR,Onion,Whole Year 
Uttar Pradesh,LALITPUR,Onion,Kharif     
Uttar Pradesh,LUCKNOW,Onion,Kharif     
Uttar Pradesh,MAHARAJGANJ,Onion,Whole Year 
Uttar Pradesh,MAHOBA,Onion,Whole Year 
Uttar Pradesh,MAINPURI,Onion,Kharif     
Uttar Pradesh,MATHURA,Onion,Kharif     
Uttar Pradesh,MAU,Onion,Whole Year 
Uttar Pradesh,MEERUT,Onion,Kharif     
Uttar Pradesh,MIRZAPUR,Onion,Kharif     
Uttar Pradesh,MORADABAD,Onion,Kharif     
Uttar Pradesh,MUZAFFARNAGAR,Onion,Kharif     
Uttar Pradesh,NAINITAL,Onion,Kharif     
Uttar Pradesh,PAURI GARHWAL,Onion,Kharif     
Uttar Pradesh,PILIBHIT,Onion,Kharif     
Uttar Pradesh,PITHORAGARH,Onion,Kharif     
Uttar Pradesh,PRATAPGARH,Onion,Whole Year 
Uttar Pradesh,RAE BARELI,Onion,Kharif     
Uttar Pradesh,RAMPUR,Onion,Kharif     
Uttar Pradesh,RUDRA PRAYAG,Onion,Whole Year 
Uttar Pradesh,SAHARANPUR,Onion,Kharif     
Uttar Pradesh,SAMBHAL,Onion,Rabi       
Uttar Pradesh,SANT KABEER NAGAR,Onion,Whole Year 
Uttar Pradesh,SANT RAVIDAS NAGAR,Onion,Whole Year 
Uttar Pradesh,SHAHJAHANPUR,Onion,Kharif     
Uttar Pradesh,SHAMLI,Onion,Rabi       
Uttar Pradesh,SHRAVASTI,Onion,Whole Year 
Uttar Pradesh,SIDDHARTH NAGAR,Onion,Whole Year 
Uttar Pradesh,SITAPUR,Onion,Kharif     
Uttar Pradesh,SONBHADRA,Onion,Whole Year 
Uttar Pradesh,SULTANPUR,Onion,Kharif     
Uttar Pradesh,TEHRI GARHWAL,Onion,Kharif     
Uttar Pradesh,UDAM SINGH NAGAR,Onion,Whole Year 
Uttar Pradesh,UNNAO,Onion,Kharif     
Uttar Pradesh,UTTAR KASHI,Onion,Kharif     
Uttar Pradesh,VARANASI,Onion,Kharif     
Uttar Pradesh,AGRA,Other  Rabi pulses,Rabi       
Uttar Pradesh,ALIGARH,Other  Rabi pulses,Rabi       
Uttar Pradesh,ALLAHABAD,Other  Rabi pulses,Rabi       
Uttar Pradesh,AMBEDKAR NAGAR,Other  Rabi pulses,Rabi       
Uttar Pradesh,AMROHA,Other  Rabi pulses,Rabi       
Uttar Pradesh,AURAIYA,Other  Rabi pulses,Rabi       
Uttar Pradesh,AZAMGARH,Other  Rabi pulses,Rabi       
Uttar Pradesh,BAGHPAT,Other  Rabi pulses,Rabi       
Uttar Pradesh,BAHRAICH,Other  Rabi pulses,Rabi       
Uttar Pradesh,BALLIA,Other  Rabi pulses,Rabi       
Uttar Pradesh,BALRAMPUR,Other  Rabi pulses,Rabi       
Uttar Pradesh,BANDA,Other  Rabi pulses,Rabi       
Uttar Pradesh,BARABANKI,Other  Rabi pulses,Rabi       
Uttar Pradesh,BAREILLY,Other  Rabi pulses,Rabi       
Uttar Pradesh,BASTI,Other  Rabi pulses,Rabi       
Uttar Pradesh,BIJNOR,Other  Rabi pulses,Rabi       
Uttar Pradesh,BUDAUN,Other  Rabi pulses,Rabi       
Uttar Pradesh,BULANDSHAHR,Other  Rabi pulses,Rabi       
Uttar Pradesh,CHANDAULI,Other  Rabi pulses,Rabi       
Uttar Pradesh,CHITRAKOOT,Other  Rabi pulses,Rabi       
Uttar Pradesh,DEORIA,Other  Rabi pulses,Rabi       
Uttar Pradesh,ETAH,Other  Rabi pulses,Rabi       
Uttar Pradesh,ETAWAH,Other  Rabi pulses,Rabi       
Uttar Pradesh,FAIZABAD,Other  Rabi pulses,Rabi       
Uttar Pradesh,FARRUKHABAD,Other  Rabi pulses,Rabi       
Uttar Pradesh,FATEHPUR,Other  Rabi pulses,Rabi       
Uttar Pradesh,FIROZABAD,Other  Rabi pulses,Rabi       
Uttar Pradesh,GAUTAM BUDDHA NAGAR,Other  Rabi pulses,Rabi       
Uttar Pradesh,GHAZIABAD,Other  Rabi pulses,Rabi       
Uttar Pradesh,GHAZIPUR,Other  Rabi pulses,Rabi       
Uttar Pradesh,GONDA,Other  Rabi pulses,Rabi       
Uttar Pradesh,GORAKHPUR,Other  Rabi pulses,Rabi       
Uttar Pradesh,HAMIRPUR,Other  Rabi pulses,Rabi       
Uttar Pradesh,HARDOI,Other  Rabi pulses,Rabi       
Uttar Pradesh,HATHRAS,Other  Rabi pulses,Rabi       
Uttar Pradesh,JALAUN,Other  Rabi pulses,Rabi       
Uttar Pradesh,JAUNPUR,Other  Rabi pulses,Rabi       
Uttar Pradesh,JHANSI,Other  Rabi pulses,Rabi       
Uttar Pradesh,KANNAUJ,Other  Rabi pulses,Rabi       
Uttar Pradesh,KANPUR DEHAT,Other  Rabi pulses,Rabi       
Uttar Pradesh,KANPUR NAGAR,Other  Rabi pulses,Rabi       
Uttar Pradesh,KAUSHAMBI,Other  Rabi pulses,Rabi       
Uttar Pradesh,KHERI,Other  Rabi pulses,Rabi       
Uttar Pradesh,KUSHI NAGAR,Other  Rabi pulses,Rabi       
Uttar Pradesh,LALITPUR,Other  Rabi pulses,Rabi       
Uttar Pradesh,LUCKNOW,Other  Rabi pulses,Rabi       
Uttar Pradesh,MAHARAJGANJ,Other  Rabi pulses,Rabi       
Uttar Pradesh,MAHOBA,Other  Rabi pulses,Rabi       
Uttar Pradesh,MAINPURI,Other  Rabi pulses,Rabi       
Uttar Pradesh,MATHURA,Other  Rabi pulses,Rabi       
Uttar Pradesh,MAU,Other  Rabi pulses,Rabi       
Uttar Pradesh,MEERUT,Other  Rabi pulses,Rabi       
Uttar Pradesh,MIRZAPUR,Other  Rabi pulses,Rabi       
Uttar Pradesh,MORADABAD,Other  Rabi pulses,Rabi       
Uttar Pradesh,MUZAFFARNAGAR,Other  Rabi pulses,Rabi       
Uttar Pradesh,PILIBHIT,Other  Rabi pulses,Rabi       
Uttar Pradesh,PRATAPGARH,Other  Rabi pulses,Rabi       
Uttar Pradesh,RAE BARELI,Other  Rabi pulses,Rabi       
Uttar Pradesh,RAMPUR,Other  Rabi pulses,Rabi       
Uttar Pradesh,SAHARANPUR,Other  Rabi pulses,Rabi       
Uttar Pradesh,SANT KABEER NAGAR,Other  Rabi pulses,Rabi       
Uttar Pradesh,SANT RAVIDAS NAGAR,Other  Rabi pulses,Rabi       
Uttar Pradesh,SHAHJAHANPUR,Other  Rabi pulses,Rabi       
Uttar Pradesh,SHRAVASTI,Other  Rabi pulses,Rabi       
Uttar Pradesh,SIDDHARTH NAGAR,Other  Rabi pulses,Rabi       
Uttar Pradesh,SITAPUR,Other  Rabi pulses,Rabi       
Uttar Pradesh,SONBHADRA,Other  Rabi pulses,Rabi       
Uttar Pradesh,SULTANPUR,Other  Rabi pulses,Rabi       
Uttar Pradesh,UNNAO,Other  Rabi pulses,Rabi       
Uttar Pradesh,VARANASI,Other  Rabi pulses,Rabi       
Uttar Pradesh,AGRA,Other Kharif pulses,Kharif     
Uttar Pradesh,ALIGARH,Other Kharif pulses,Kharif     
Uttar Pradesh,ALLAHABAD,Other Kharif pulses,Kharif     
Uttar Pradesh,AMBEDKAR NAGAR,Other Kharif pulses,Kharif     
Uttar Pradesh,AMROHA,Other Kharif pulses,Kharif     
Uttar Pradesh,AURAIYA,Other Kharif pulses,Kharif     
Uttar Pradesh,AZAMGARH,Other Kharif pulses,Kharif     
Uttar Pradesh,BAGHPAT,Other Kharif pulses,Kharif     
Uttar Pradesh,BAHRAICH,Other Kharif pulses,Kharif     
Uttar Pradesh,BALLIA,Other Kharif pulses,Kharif     
Uttar Pradesh,BALRAMPUR,Other Kharif pulses,Kharif     
Uttar Pradesh,BANDA,Other Kharif pulses,Kharif     
Uttar Pradesh,BARABANKI,Other Kharif pulses,Kharif     
Uttar Pradesh,BAREILLY,Other Kharif pulses,Kharif     
Uttar Pradesh,BASTI,Other Kharif pulses,Kharif     
Uttar Pradesh,BIJNOR,Other Kharif pulses,Kharif     
Uttar Pradesh,BUDAUN,Other Kharif pulses,Kharif     
Uttar Pradesh,BULANDSHAHR,Other Kharif pulses,Kharif     
Uttar Pradesh,CHANDAULI,Other Kharif pulses,Kharif     
Uttar Pradesh,CHITRAKOOT,Other Kharif pulses,Kharif     
Uttar Pradesh,DEORIA,Other Kharif pulses,Kharif     
Uttar Pradesh,ETAH,Other Kharif pulses,Kharif     
Uttar Pradesh,ETAWAH,Other Kharif pulses,Kharif     
Uttar Pradesh,FAIZABAD,Other Kharif pulses,Kharif     
Uttar Pradesh,FARRUKHABAD,Other Kharif pulses,Kharif     
Uttar Pradesh,FATEHPUR,Other Kharif pulses,Kharif     
Uttar Pradesh,FIROZABAD,Other Kharif pulses,Kharif     
Uttar Pradesh,GAUTAM BUDDHA NAGAR,Other Kharif pulses,Kharif     
Uttar Pradesh,GHAZIABAD,Other Kharif pulses,Kharif     
Uttar Pradesh,GHAZIPUR,Other Kharif pulses,Kharif     
Uttar Pradesh,GONDA,Other Kharif pulses,Kharif     
Uttar Pradesh,GORAKHPUR,Other Kharif pulses,Kharif     
Uttar Pradesh,HAMIRPUR,Other Kharif pulses,Kharif     
Uttar Pradesh,HARDOI,Other Kharif pulses,Kharif     
Uttar Pradesh,HATHRAS,Other Kharif pulses,Kharif     
Uttar Pradesh,JALAUN,Other Kharif pulses,Kharif     
Uttar Pradesh,JAUNPUR,Other Kharif pulses,Kharif     
Uttar Pradesh,JHANSI,Other Kharif pulses,Kharif     
Uttar Pradesh,KANNAUJ,Other Kharif pulses,Kharif     
Uttar Pradesh,KANPUR DEHAT,Other Kharif pulses,Kharif     
Uttar Pradesh,KANPUR NAGAR,Other Kharif pulses,Kharif     
Uttar Pradesh,KAUSHAMBI,Other Kharif pulses,Kharif     
Uttar Pradesh,KHERI,Other Kharif pulses,Kharif     
Uttar Pradesh,KUSHI NAGAR,Other Kharif pulses,Kharif     
Uttar Pradesh,LALITPUR,Other Kharif pulses,Kharif     
Uttar Pradesh,LUCKNOW,Other Kharif pulses,Kharif     
Uttar Pradesh,MAHARAJGANJ,Other Kharif pulses,Kharif     
Uttar Pradesh,MAHOBA,Other Kharif pulses,Kharif     
Uttar Pradesh,MAINPURI,Other Kharif pulses,Kharif     
Uttar Pradesh,MATHURA,Other Kharif pulses,Kharif     
Uttar Pradesh,MAU,Other Kharif pulses,Kharif     
Uttar Pradesh,MEERUT,Other Kharif pulses,Kharif     
Uttar Pradesh,MIRZAPUR,Other Kharif pulses,Kharif     
Uttar Pradesh,MORADABAD,Other Kharif pulses,Kharif     
Uttar Pradesh,MUZAFFARNAGAR,Other Kharif pulses,Kharif     
Uttar Pradesh,PILIBHIT,Other Kharif pulses,Kharif     
Uttar Pradesh,PRATAPGARH,Other Kharif pulses,Kharif     
Uttar Pradesh,RAE BARELI,Other Kharif pulses,Kharif     
Uttar Pradesh,RAMPUR,Other Kharif pulses,Kharif     
Uttar Pradesh,SAHARANPUR,Other Kharif pulses,Kharif     
Uttar Pradesh,SANT KABEER NAGAR,Other Kharif pulses,Kharif     
Uttar Pradesh,SANT RAVIDAS NAGAR,Other Kharif pulses,Kharif     
Uttar Pradesh,SHAHJAHANPUR,Other Kharif pulses,Kharif     
Uttar Pradesh,SHRAVASTI,Other Kharif pulses,Kharif     
Uttar Pradesh,SIDDHARTH NAGAR,Other Kharif pulses,Kharif     
Uttar Pradesh,SITAPUR,Other Kharif pulses,Kharif     
Uttar Pradesh,SONBHADRA,Other Kharif pulses,Kharif     
Uttar Pradesh,SULTANPUR,Other Kharif pulses,Kharif     
Uttar Pradesh,UNNAO,Other Kharif pulses,Kharif     
Uttar Pradesh,VARANASI,Other Kharif pulses,Kharif     
Uttar Pradesh,AGRA,Peas & beans (Pulses),Rabi       
Uttar Pradesh,ALIGARH,Peas & beans (Pulses),Rabi       
Uttar Pradesh,ALLAHABAD,Peas & beans (Pulses),Rabi       
Uttar Pradesh,ALMORA,Peas & beans (Pulses),Rabi       
Uttar Pradesh,AMBEDKAR NAGAR,Peas & beans (Pulses),Rabi       
Uttar Pradesh,AMETHI,Peas & beans (Pulses),Rabi       
Uttar Pradesh,AMROHA,Peas & beans (Pulses),Rabi       
Uttar Pradesh,AURAIYA,Peas & beans (Pulses),Rabi       
Uttar Pradesh,AZAMGARH,Peas & beans (Pulses),Rabi       
Uttar Pradesh,BAGESHWAR,Peas & beans (Pulses),Whole Year 
Uttar Pradesh,BAGHPAT,Peas & beans (Pulses),Rabi       
Uttar Pradesh,BAHRAICH,Peas & beans (Pulses),Rabi       
Uttar Pradesh,BALLIA,Peas & beans (Pulses),Rabi       
Uttar Pradesh,BALRAMPUR,Peas & beans (Pulses),Rabi       
Uttar Pradesh,BANDA,Peas & beans (Pulses),Rabi       
Uttar Pradesh,BARABANKI,Peas & beans (Pulses),Rabi       
Uttar Pradesh,BAREILLY,Peas & beans (Pulses),Rabi       
Uttar Pradesh,BASTI,Peas & beans (Pulses),Rabi       
Uttar Pradesh,BIJNOR,Peas & beans (Pulses),Rabi       
Uttar Pradesh,BUDAUN,Peas & beans (Pulses),Rabi       
Uttar Pradesh,BULANDSHAHR,Peas & beans (Pulses),Rabi       
Uttar Pradesh,CHAMOLI,Peas & beans (Pulses),Rabi       
Uttar Pradesh,CHAMPAWAT,Peas & beans (Pulses),Whole Year 
Uttar Pradesh,CHANDAULI,Peas & beans (Pulses),Rabi       
Uttar Pradesh,CHITRAKOOT,Peas & beans (Pulses),Rabi       
Uttar Pradesh,DEHRADUN,Peas & beans (Pulses),Rabi       
Uttar Pradesh,DEORIA,Peas & beans (Pulses),Rabi       
Uttar Pradesh,ETAH,Peas & beans (Pulses),Rabi       
Uttar Pradesh,ETAWAH,Peas & beans (Pulses),Rabi       
Uttar Pradesh,FAIZABAD,Peas & beans (Pulses),Rabi       
Uttar Pradesh,FARRUKHABAD,Peas & beans (Pulses),Rabi       
Uttar Pradesh,FATEHPUR,Peas & beans (Pulses),Rabi       
Uttar Pradesh,FIROZABAD,Peas & beans (Pulses),Rabi       
Uttar Pradesh,GAUTAM BUDDHA NAGAR,Peas & beans (Pulses),Rabi       
Uttar Pradesh,GHAZIABAD,Peas & beans (Pulses),Rabi       
Uttar Pradesh,GHAZIPUR,Peas & beans (Pulses),Rabi       
Uttar Pradesh,GONDA,Peas & beans (Pulses),Rabi       
Uttar Pradesh,GORAKHPUR,Peas & beans (Pulses),Rabi       
Uttar Pradesh,HAMIRPUR,Peas & beans (Pulses),Rabi       
Uttar Pradesh,HAPUR,Peas & beans (Pulses),Rabi       
Uttar Pradesh,HARDOI,Peas & beans (Pulses),Rabi       
Uttar Pradesh,HARIDWAR,Peas & beans (Pulses),Rabi       
Uttar Pradesh,HATHRAS,Peas & beans (Pulses),Rabi       
Uttar Pradesh,JALAUN,Peas & beans (Pulses),Rabi       
Uttar Pradesh,JAUNPUR,Peas & beans (Pulses),Rabi       
Uttar Pradesh,JHANSI,Peas & beans (Pulses),Rabi       
Uttar Pradesh,KANNAUJ,Peas & beans (Pulses),Rabi       
Uttar Pradesh,KANPUR DEHAT,Peas & beans (Pulses),Rabi       
Uttar Pradesh,KANPUR NAGAR,Peas & beans (Pulses),Rabi       
Uttar Pradesh,KASGANJ,Peas & beans (Pulses),Rabi       
Uttar Pradesh,KAUSHAMBI,Peas & beans (Pulses),Rabi       
Uttar Pradesh,KHERI,Peas & beans (Pulses),Rabi       
Uttar Pradesh,KUSHI NAGAR,Peas & beans (Pulses),Rabi       
Uttar Pradesh,LALITPUR,Peas & beans (Pulses),Rabi       
Uttar Pradesh,LUCKNOW,Peas & beans (Pulses),Rabi       
Uttar Pradesh,MAHARAJGANJ,Peas & beans (Pulses),Rabi       
Uttar Pradesh,MAHOBA,Peas & beans (Pulses),Rabi       
Uttar Pradesh,MAINPURI,Peas & beans (Pulses),Rabi       
Uttar Pradesh,MATHURA,Peas & beans (Pulses),Rabi       
Uttar Pradesh,MAU,Peas & beans (Pulses),Rabi       
Uttar Pradesh,MEERUT,Peas & beans (Pulses),Rabi       
Uttar Pradesh,MIRZAPUR,Peas & beans (Pulses),Rabi       
Uttar Pradesh,MORADABAD,Peas & beans (Pulses),Rabi       
Uttar Pradesh,MUZAFFARNAGAR,Peas & beans (Pulses),Rabi       
Uttar Pradesh,NAINITAL,Peas & beans (Pulses),Rabi       
Uttar Pradesh,PAURI GARHWAL,Peas & beans (Pulses),Rabi       
Uttar Pradesh,PILIBHIT,Peas & beans (Pulses),Rabi       
Uttar Pradesh,PITHORAGARH,Peas & beans (Pulses),Rabi       
Uttar Pradesh,PRATAPGARH,Peas & beans (Pulses),Rabi       
Uttar Pradesh,RAE BARELI,Peas & beans (Pulses),Rabi       
Uttar Pradesh,RAMPUR,Peas & beans (Pulses),Rabi       
Uttar Pradesh,SAHARANPUR,Peas & beans (Pulses),Rabi       
Uttar Pradesh,SAMBHAL,Peas & beans (Pulses),Rabi       
Uttar Pradesh,SANT KABEER NAGAR,Peas & beans (Pulses),Rabi       
Uttar Pradesh,SANT RAVIDAS NAGAR,Peas & beans (Pulses),Rabi       
Uttar Pradesh,SHAHJAHANPUR,Peas & beans (Pulses),Rabi       
Uttar Pradesh,SHAMLI,Peas & beans (Pulses),Rabi       
Uttar Pradesh,SHRAVASTI,Peas & beans (Pulses),Rabi       
Uttar Pradesh,SIDDHARTH NAGAR,Peas & beans (Pulses),Rabi       
Uttar Pradesh,SITAPUR,Peas & beans (Pulses),Rabi       
Uttar Pradesh,SONBHADRA,Peas & beans (Pulses),Rabi       
Uttar Pradesh,SULTANPUR,Peas & beans (Pulses),Rabi       
Uttar Pradesh,TEHRI GARHWAL,Peas & beans (Pulses),Rabi       
Uttar Pradesh,UDAM SINGH NAGAR,Peas & beans (Pulses),Rabi       
Uttar Pradesh,UNNAO,Peas & beans (Pulses),Rabi       
Uttar Pradesh,UTTAR KASHI,Peas & beans (Pulses),Rabi       
Uttar Pradesh,VARANASI,Peas & beans (Pulses),Rabi       
Uttar Pradesh,AGRA,Potato,Whole Year 
Uttar Pradesh,ALIGARH,Potato,Whole Year 
Uttar Pradesh,ALLAHABAD,Potato,Whole Year 
Uttar Pradesh,ALMORA,Potato,Whole Year 
Uttar Pradesh,AMBEDKAR NAGAR,Potato,Whole Year 
Uttar Pradesh,AMETHI,Potato,Rabi       
Uttar Pradesh,AMROHA,Potato,Whole Year 
Uttar Pradesh,AURAIYA,Potato,Whole Year 
Uttar Pradesh,AZAMGARH,Potato,Whole Year 
Uttar Pradesh,BAGESHWAR,Potato,Whole Year 
Uttar Pradesh,BAGHPAT,Potato,Whole Year 
Uttar Pradesh,BAHRAICH,Potato,Whole Year 
Uttar Pradesh,BALLIA,Potato,Whole Year 
Uttar Pradesh,BALRAMPUR,Potato,Whole Year 
Uttar Pradesh,BANDA,Potato,Whole Year 
Uttar Pradesh,BARABANKI,Potato,Whole Year 
Uttar Pradesh,BAREILLY,Potato,Whole Year 
Uttar Pradesh,BASTI,Potato,Whole Year 
Uttar Pradesh,BIJNOR,Potato,Whole Year 
Uttar Pradesh,BUDAUN,Potato,Whole Year 
Uttar Pradesh,BULANDSHAHR,Potato,Whole Year 
Uttar Pradesh,CHAMOLI,Potato,Whole Year 
Uttar Pradesh,CHAMPAWAT,Potato,Whole Year 
Uttar Pradesh,CHANDAULI,Potato,Whole Year 
Uttar Pradesh,CHITRAKOOT,Potato,Whole Year 
Uttar Pradesh,DEHRADUN,Potato,Whole Year 
Uttar Pradesh,DEORIA,Potato,Whole Year 
Uttar Pradesh,ETAH,Potato,Whole Year 
Uttar Pradesh,ETAWAH,Potato,Whole Year 
Uttar Pradesh,FAIZABAD,Potato,Whole Year 
Uttar Pradesh,FARRUKHABAD,Potato,Whole Year 
Uttar Pradesh,FATEHPUR,Potato,Whole Year 
Uttar Pradesh,FIROZABAD,Potato,Whole Year 
Uttar Pradesh,GAUTAM BUDDHA NAGAR,Potato,Whole Year 
Uttar Pradesh,GHAZIABAD,Potato,Whole Year 
Uttar Pradesh,GHAZIPUR,Potato,Whole Year 
Uttar Pradesh,GONDA,Potato,Whole Year 
Uttar Pradesh,GORAKHPUR,Potato,Whole Year 
Uttar Pradesh,HAMIRPUR,Potato,Whole Year 
Uttar Pradesh,HAPUR,Potato,Rabi       
Uttar Pradesh,HARDOI,Potato,Whole Year 
Uttar Pradesh,HARIDWAR,Potato,Whole Year 
Uttar Pradesh,HATHRAS,Potato,Whole Year 
Uttar Pradesh,JALAUN,Potato,Whole Year 
Uttar Pradesh,JAUNPUR,Potato,Whole Year 
Uttar Pradesh,JHANSI,Potato,Whole Year 
Uttar Pradesh,KANNAUJ,Potato,Whole Year 
Uttar Pradesh,KANPUR DEHAT,Potato,Whole Year 
Uttar Pradesh,KANPUR NAGAR,Potato,Whole Year 
Uttar Pradesh,KASGANJ,Potato,Rabi       
Uttar Pradesh,KAUSHAMBI,Potato,Whole Year 
Uttar Pradesh,KHERI,Potato,Whole Year 
Uttar Pradesh,KUSHI NAGAR,Potato,Whole Year 
Uttar Pradesh,LALITPUR,Potato,Whole Year 
Uttar Pradesh,LUCKNOW,Potato,Whole Year 
Uttar Pradesh,MAHARAJGANJ,Potato,Whole Year 
Uttar Pradesh,MAHOBA,Potato,Whole Year 
Uttar Pradesh,MAINPURI,Potato,Whole Year 
Uttar Pradesh,MATHURA,Potato,Whole Year 
Uttar Pradesh,MAU,Potato,Whole Year 
Uttar Pradesh,MEERUT,Potato,Whole Year 
Uttar Pradesh,MIRZAPUR,Potato,Whole Year 
Uttar Pradesh,MORADABAD,Potato,Whole Year 
Uttar Pradesh,MUZAFFARNAGAR,Potato,Whole Year 
Uttar Pradesh,NAINITAL,Potato,Whole Year 
Uttar Pradesh,PAURI GARHWAL,Potato,Whole Year 
Uttar Pradesh,PILIBHIT,Potato,Whole Year 
Uttar Pradesh,PITHORAGARH,Potato,Whole Year 
Uttar Pradesh,PRATAPGARH,Potato,Whole Year 
Uttar Pradesh,RAE BARELI,Potato,Whole Year 
Uttar Pradesh,RAMPUR,Potato,Whole Year 
Uttar Pradesh,RUDRA PRAYAG,Potato,Whole Year 
Uttar Pradesh,SAHARANPUR,Potato,Whole Year 
Uttar Pradesh,SAMBHAL,Potato,Rabi       
Uttar Pradesh,SANT KABEER NAGAR,Potato,Whole Year 
Uttar Pradesh,SANT RAVIDAS NAGAR,Potato,Whole Year 
Uttar Pradesh,SHAHJAHANPUR,Potato,Whole Year 
Uttar Pradesh,SHAMLI,Potato,Rabi       
Uttar Pradesh,SHRAVASTI,Potato,Whole Year 
Uttar Pradesh,SIDDHARTH NAGAR,Potato,Whole Year 
Uttar Pradesh,SITAPUR,Potato,Whole Year 
Uttar Pradesh,SONBHADRA,Potato,Whole Year 
Uttar Pradesh,SULTANPUR,Potato,Whole Year 
Uttar Pradesh,TEHRI GARHWAL,Potato,Whole Year 
Uttar Pradesh,UDAM SINGH NAGAR,Potato,Whole Year 
Uttar Pradesh,UNNAO,Potato,Whole Year 
Uttar Pradesh,UTTAR KASHI,Potato,Whole Year 
Uttar Pradesh,VARANASI,Potato,Whole Year 
Uttar Pradesh,ALLAHABAD,Ragi,Kharif     
Uttar Pradesh,ALMORA,Ragi,Kharif     
Uttar Pradesh,AZAMGARH,Ragi,Kharif     
Uttar Pradesh,BAGESHWAR,Ragi,Kharif     
Uttar Pradesh,BAGHPAT,Ragi,Rabi       
Uttar Pradesh,BAHRAICH,Ragi,Kharif     
Uttar Pradesh,BALLIA,Ragi,Kharif     
Uttar Pradesh,BANDA,Ragi,Rabi       
Uttar Pradesh,BARABANKI,Ragi,Kharif     
Uttar Pradesh,BAREILLY,Ragi,Rabi       
Uttar Pradesh,BASTI,Ragi,Rabi       
Uttar Pradesh,BUDAUN,Ragi,Kharif     
Uttar Pradesh,CHAMOLI,Ragi,Kharif     
Uttar Pradesh,CHAMPAWAT,Ragi,Kharif     
Uttar Pradesh,CHANDAULI,Ragi,Rabi       
Uttar Pradesh,CHITRAKOOT,Ragi,Rabi       
Uttar Pradesh,DEHRADUN,Ragi,Kharif     
Uttar Pradesh,DEORIA,Ragi,Kharif     
Uttar Pradesh,FAIZABAD,Ragi,Rabi       
Uttar Pradesh,FATEHPUR,Ragi,Kharif     
Uttar Pradesh,FIROZABAD,Ragi,Rabi       
Uttar Pradesh,GHAZIABAD,Ragi,Rabi       
Uttar Pradesh,GHAZIPUR,Ragi,Rabi       
Uttar Pradesh,GONDA,Ragi,Rabi       
Uttar Pradesh,GORAKHPUR,Ragi,Kharif     
Uttar Pradesh,HARDOI,Ragi,Kharif     
Uttar Pradesh,JALAUN,Ragi,Rabi       
Uttar Pradesh,JAUNPUR,Ragi,Kharif     
Uttar Pradesh,JHANSI,Ragi,Rabi       
Uttar Pradesh,KUSHI NAGAR,Ragi,Kharif     
Uttar Pradesh,LUCKNOW,Ragi,Kharif     
Uttar Pradesh,MAHARAJGANJ,Ragi,Kharif     
Uttar Pradesh,MAU,Ragi,Kharif     
Uttar Pradesh,MIRZAPUR,Ragi,Rabi       
Uttar Pradesh,MORADABAD,Ragi,Rabi       
Uttar Pradesh,MUZAFFARNAGAR,Ragi,Kharif     
Uttar Pradesh,NAINITAL,Ragi,Kharif     
Uttar Pradesh,PAURI GARHWAL,Ragi,Kharif     
Uttar Pradesh,PILIBHIT,Ragi,Rabi       
Uttar Pradesh,PITHORAGARH,Ragi,Kharif     
Uttar Pradesh,PRATAPGARH,Ragi,Kharif     
Uttar Pradesh,RAE BARELI,Ragi,Kharif     
Uttar Pradesh,RUDRA PRAYAG,Ragi,Kharif     
Uttar Pradesh,SANT KABEER NAGAR,Ragi,Rabi       
Uttar Pradesh,SANT RAVIDAS NAGAR,Ragi,Rabi       
Uttar Pradesh,SHRAVASTI,Ragi,Rabi       
Uttar Pradesh,SIDDHARTH NAGAR,Ragi,Kharif     
Uttar Pradesh,SITAPUR,Ragi,Kharif     
Uttar Pradesh,SONBHADRA,Ragi,Kharif     
Uttar Pradesh,SULTANPUR,Ragi,Rabi       
Uttar Pradesh,TEHRI GARHWAL,Ragi,Kharif     
Uttar Pradesh,UNNAO,Ragi,Kharif     
Uttar Pradesh,UTTAR KASHI,Ragi,Kharif     
Uttar Pradesh,VARANASI,Ragi,Rabi       
Uttar Pradesh,AGRA,Rapeseed &Mustard,Rabi       
Uttar Pradesh,ALIGARH,Rapeseed &Mustard,Rabi       
Uttar Pradesh,ALLAHABAD,Rapeseed &Mustard,Rabi       
Uttar Pradesh,ALMORA,Rapeseed &Mustard,Rabi       
Uttar Pradesh,AMBEDKAR NAGAR,Rapeseed &Mustard,Rabi       
Uttar Pradesh,AMETHI,Rapeseed &Mustard,Rabi       
Uttar Pradesh,AMROHA,Rapeseed &Mustard,Rabi       
Uttar Pradesh,AURAIYA,Rapeseed &Mustard,Rabi       
Uttar Pradesh,AZAMGARH,Rapeseed &Mustard,Rabi       
Uttar Pradesh,BAGESHWAR,Rapeseed &Mustard,Rabi       
Uttar Pradesh,BAGHPAT,Rapeseed &Mustard,Rabi       
Uttar Pradesh,BAHRAICH,Rapeseed &Mustard,Rabi       
Uttar Pradesh,BALLIA,Rapeseed &Mustard,Rabi       
Uttar Pradesh,BALRAMPUR,Rapeseed &Mustard,Rabi       
Uttar Pradesh,BANDA,Rapeseed &Mustard,Rabi       
Uttar Pradesh,BARABANKI,Rapeseed &Mustard,Rabi       
Uttar Pradesh,BAREILLY,Rapeseed &Mustard,Rabi       
Uttar Pradesh,BASTI,Rapeseed &Mustard,Rabi       
Uttar Pradesh,BIJNOR,Rapeseed &Mustard,Rabi       
Uttar Pradesh,BUDAUN,Rapeseed &Mustard,Rabi       
Uttar Pradesh,BULANDSHAHR,Rapeseed &Mustard,Rabi       
Uttar Pradesh,CHAMOLI,Rapeseed &Mustard,Rabi       
Uttar Pradesh,CHAMPAWAT,Rapeseed &Mustard,Rabi       
Uttar Pradesh,CHANDAULI,Rapeseed &Mustard,Rabi       
Uttar Pradesh,CHITRAKOOT,Rapeseed &Mustard,Rabi       
Uttar Pradesh,DEHRADUN,Rapeseed &Mustard,Rabi       
Uttar Pradesh,DEORIA,Rapeseed &Mustard,Rabi       
Uttar Pradesh,ETAH,Rapeseed &Mustard,Rabi       
Uttar Pradesh,ETAWAH,Rapeseed &Mustard,Rabi       
Uttar Pradesh,FAIZABAD,Rapeseed &Mustard,Rabi       
Uttar Pradesh,FARRUKHABAD,Rapeseed &Mustard,Rabi       
Uttar Pradesh,FATEHPUR,Rapeseed &Mustard,Rabi       
Uttar Pradesh,FIROZABAD,Rapeseed &Mustard,Rabi       
Uttar Pradesh,GAUTAM BUDDHA NAGAR,Rapeseed &Mustard,Rabi       
Uttar Pradesh,GHAZIABAD,Rapeseed &Mustard,Rabi       
Uttar Pradesh,GHAZIPUR,Rapeseed &Mustard,Rabi       
Uttar Pradesh,GONDA,Rapeseed &Mustard,Rabi       
Uttar Pradesh,GORAKHPUR,Rapeseed &Mustard,Rabi       
Uttar Pradesh,HAMIRPUR,Rapeseed &Mustard,Rabi       
Uttar Pradesh,HAPUR,Rapeseed &Mustard,Rabi       
Uttar Pradesh,HARDOI,Rapeseed &Mustard,Rabi       
Uttar Pradesh,HARIDWAR,Rapeseed &Mustard,Rabi       
Uttar Pradesh,HATHRAS,Rapeseed &Mustard,Rabi       
Uttar Pradesh,JALAUN,Rapeseed &Mustard,Rabi       
Uttar Pradesh,JAUNPUR,Rapeseed &Mustard,Rabi       
Uttar Pradesh,JHANSI,Rapeseed &Mustard,Rabi       
Uttar Pradesh,KANNAUJ,Rapeseed &Mustard,Rabi       
Uttar Pradesh,KANPUR DEHAT,Rapeseed &Mustard,Rabi       
Uttar Pradesh,KANPUR NAGAR,Rapeseed &Mustard,Rabi       
Uttar Pradesh,KASGANJ,Rapeseed &Mustard,Rabi       
Uttar Pradesh,KAUSHAMBI,Rapeseed &Mustard,Rabi       
Uttar Pradesh,KHERI,Rapeseed &Mustard,Rabi       
Uttar Pradesh,KUSHI NAGAR,Rapeseed &Mustard,Rabi       
Uttar Pradesh,LALITPUR,Rapeseed &Mustard,Rabi       
Uttar Pradesh,LUCKNOW,Rapeseed &Mustard,Rabi       
Uttar Pradesh,MAHARAJGANJ,Rapeseed &Mustard,Rabi       
Uttar Pradesh,MAHOBA,Rapeseed &Mustard,Rabi       
Uttar Pradesh,MAINPURI,Rapeseed &Mustard,Rabi       
Uttar Pradesh,MATHURA,Rapeseed &Mustard,Rabi       
Uttar Pradesh,MAU,Rapeseed &Mustard,Rabi       
Uttar Pradesh,MEERUT,Rapeseed &Mustard,Rabi       
Uttar Pradesh,MIRZAPUR,Rapeseed &Mustard,Rabi       
Uttar Pradesh,MORADABAD,Rapeseed &Mustard,Rabi       
Uttar Pradesh,MUZAFFARNAGAR,Rapeseed &Mustard,Rabi       
Uttar Pradesh,NAINITAL,Rapeseed &Mustard,Rabi       
Uttar Pradesh,PAURI GARHWAL,Rapeseed &Mustard,Rabi       
Uttar Pradesh,PILIBHIT,Rapeseed &Mustard,Rabi       
Uttar Pradesh,PITHORAGARH,Rapeseed &Mustard,Rabi       
Uttar Pradesh,PRATAPGARH,Rapeseed &Mustard,Rabi       
Uttar Pradesh,RAE BARELI,Rapeseed &Mustard,Rabi       
Uttar Pradesh,RAMPUR,Rapeseed &Mustard,Rabi       
Uttar Pradesh,RUDRA PRAYAG,Rapeseed &Mustard,Rabi       
Uttar Pradesh,SAHARANPUR,Rapeseed &Mustard,Rabi       
Uttar Pradesh,SAMBHAL,Rapeseed &Mustard,Rabi       
Uttar Pradesh,SANT KABEER NAGAR,Rapeseed &Mustard,Rabi       
Uttar Pradesh,SANT RAVIDAS NAGAR,Rapeseed &Mustard,Rabi       
Uttar Pradesh,SHAHJAHANPUR,Rapeseed &Mustard,Rabi       
Uttar Pradesh,SHAMLI,Rapeseed &Mustard,Rabi       
Uttar Pradesh,SHRAVASTI,Rapeseed &Mustard,Rabi       
Uttar Pradesh,SIDDHARTH NAGAR,Rapeseed &Mustard,Rabi       
Uttar Pradesh,SITAPUR,Rapeseed &Mustard,Rabi       
Uttar Pradesh,SONBHADRA,Rapeseed &Mustard,Rabi       
Uttar Pradesh,SULTANPUR,Rapeseed &Mustard,Rabi       
Uttar Pradesh,TEHRI GARHWAL,Rapeseed &Mustard,Rabi       
Uttar Pradesh,UDAM SINGH NAGAR,Rapeseed &Mustard,Rabi       
Uttar Pradesh,UNNAO,Rapeseed &Mustard,Rabi       
Uttar Pradesh,UTTAR KASHI,Rapeseed &Mustard,Rabi       
Uttar Pradesh,VARANASI,Rapeseed &Mustard,Rabi       
Uttar Pradesh,AGRA,Rice,Kharif     
Uttar Pradesh,ALIGARH,Rice,Kharif     
Uttar Pradesh,ALLAHABAD,Rice,Kharif     
Uttar Pradesh,ALMORA,Rice,Kharif     
Uttar Pradesh,AMBEDKAR NAGAR,Rice,Kharif     
Uttar Pradesh,AMETHI,Rice,Kharif     
Uttar Pradesh,AMROHA,Rice,Kharif     
Uttar Pradesh,AURAIYA,Rice,Kharif     
Uttar Pradesh,AZAMGARH,Rice,Kharif     
Uttar Pradesh,BAGESHWAR,Rice,Kharif     
Uttar Pradesh,BAGHPAT,Rice,Kharif     
Uttar Pradesh,BAHRAICH,Rice,Kharif     
Uttar Pradesh,BALLIA,Rice,Kharif     
Uttar Pradesh,BALRAMPUR,Rice,Kharif     
Uttar Pradesh,BANDA,Rice,Kharif     
Uttar Pradesh,BARABANKI,Rice,Kharif     
Uttar Pradesh,BAREILLY,Rice,Kharif     
Uttar Pradesh,BASTI,Rice,Kharif     
Uttar Pradesh,BIJNOR,Rice,Kharif     
Uttar Pradesh,BUDAUN,Rice,Kharif     
Uttar Pradesh,BULANDSHAHR,Rice,Kharif     
Uttar Pradesh,CHAMOLI,Rice,Kharif     
Uttar Pradesh,CHAMPAWAT,Rice,Kharif     
Uttar Pradesh,CHANDAULI,Rice,Kharif     
Uttar Pradesh,CHITRAKOOT,Rice,Kharif     
Uttar Pradesh,DEHRADUN,Rice,Kharif     
Uttar Pradesh,DEORIA,Rice,Kharif     
Uttar Pradesh,ETAH,Rice,Kharif     
Uttar Pradesh,ETAWAH,Rice,Kharif     
Uttar Pradesh,FAIZABAD,Rice,Kharif     
Uttar Pradesh,FARRUKHABAD,Rice,Kharif     
Uttar Pradesh,FATEHPUR,Rice,Kharif     
Uttar Pradesh,FIROZABAD,Rice,Kharif     
Uttar Pradesh,GAUTAM BUDDHA NAGAR,Rice,Kharif     
Uttar Pradesh,GHAZIABAD,Rice,Kharif     
Uttar Pradesh,GHAZIPUR,Rice,Kharif     
Uttar Pradesh,GONDA,Rice,Kharif     
Uttar Pradesh,GORAKHPUR,Rice,Kharif     
Uttar Pradesh,HAMIRPUR,Rice,Kharif     
Uttar Pradesh,HAPUR,Rice,Kharif     
Uttar Pradesh,HARDOI,Rice,Kharif     
Uttar Pradesh,HARIDWAR,Rice,Kharif     
Uttar Pradesh,HATHRAS,Rice,Kharif     
Uttar Pradesh,JALAUN,Rice,Kharif     
Uttar Pradesh,JAUNPUR,Rice,Kharif     
Uttar Pradesh,JHANSI,Rice,Kharif     
Uttar Pradesh,KANNAUJ,Rice,Kharif     
Uttar Pradesh,KANPUR DEHAT,Rice,Kharif     
Uttar Pradesh,KANPUR NAGAR,Rice,Kharif     
Uttar Pradesh,KASGANJ,Rice,Kharif     
Uttar Pradesh,KAUSHAMBI,Rice,Kharif     
Uttar Pradesh,KHERI,Rice,Kharif     
Uttar Pradesh,KUSHI NAGAR,Rice,Kharif     
Uttar Pradesh,LALITPUR,Rice,Kharif     
Uttar Pradesh,LUCKNOW,Rice,Kharif     
Uttar Pradesh,MAHARAJGANJ,Rice,Kharif     
Uttar Pradesh,MAHOBA,Rice,Kharif     
Uttar Pradesh,MAINPURI,Rice,Kharif     
Uttar Pradesh,MATHURA,Rice,Kharif     
Uttar Pradesh,MAU,Rice,Kharif     
Uttar Pradesh,MEERUT,Rice,Kharif     
Uttar Pradesh,MIRZAPUR,Rice,Kharif     
Uttar Pradesh,MORADABAD,Rice,Kharif     
Uttar Pradesh,MUZAFFARNAGAR,Rice,Kharif     
Uttar Pradesh,NAINITAL,Rice,Kharif     
Uttar Pradesh,PAURI GARHWAL,Rice,Kharif     
Uttar Pradesh,PILIBHIT,Rice,Kharif     
Uttar Pradesh,PITHORAGARH,Rice,Kharif     
Uttar Pradesh,PRATAPGARH,Rice,Kharif     
Uttar Pradesh,RAE BARELI,Rice,Kharif     
Uttar Pradesh,RAMPUR,Rice,Kharif     
Uttar Pradesh,RUDRA PRAYAG,Rice,Kharif     
Uttar Pradesh,SAHARANPUR,Rice,Kharif     
Uttar Pradesh,SAMBHAL,Rice,Kharif     
Uttar Pradesh,SANT KABEER NAGAR,Rice,Kharif     
Uttar Pradesh,SANT RAVIDAS NAGAR,Rice,Kharif     
Uttar Pradesh,SHAHJAHANPUR,Rice,Kharif     
Uttar Pradesh,SHAMLI,Rice,Kharif     
Uttar Pradesh,SHRAVASTI,Rice,Kharif     
Uttar Pradesh,SIDDHARTH NAGAR,Rice,Kharif     
Uttar Pradesh,SITAPUR,Rice,Kharif     
Uttar Pradesh,SONBHADRA,Rice,Kharif     
Uttar Pradesh,SULTANPUR,Rice,Kharif     
Uttar Pradesh,TEHRI GARHWAL,Rice,Kharif     
Uttar Pradesh,UDAM SINGH NAGAR,Rice,Kharif     
Uttar Pradesh,UNNAO,Rice,Kharif     
Uttar Pradesh,UTTAR KASHI,Rice,Kharif     
Uttar Pradesh,VARANASI,Rice,Kharif     
Uttar Pradesh,AGRA,Sannhamp,Whole Year 
Uttar Pradesh,ALIGARH,Sannhamp,Kharif     
Uttar Pradesh,ALLAHABAD,Sannhamp,Whole Year 
Uttar Pradesh,AMBEDKAR NAGAR,Sannhamp,Whole Year 
Uttar Pradesh,AMROHA,Sannhamp,Whole Year 
Uttar Pradesh,AURAIYA,Sannhamp,Whole Year 
Uttar Pradesh,AZAMGARH,Sannhamp,Whole Year 
Uttar Pradesh,BAGHPAT,Sannhamp,Whole Year 
Uttar Pradesh,BAHRAICH,Sannhamp,Whole Year 
Uttar Pradesh,BANDA,Sannhamp,Whole Year 
Uttar Pradesh,BARABANKI,Sannhamp,Whole Year 
Uttar Pradesh,BAREILLY,Sannhamp,Whole Year 
Uttar Pradesh,BIJNOR,Sannhamp,Whole Year 
Uttar Pradesh,BUDAUN,Sannhamp,Whole Year 
Uttar Pradesh,BULANDSHAHR,Sannhamp,Whole Year 
Uttar Pradesh,CHANDAULI,Sannhamp,Whole Year 
Uttar Pradesh,CHITRAKOOT,Sannhamp,Whole Year 
Uttar Pradesh,DEORIA,Sannhamp,Whole Year 
Uttar Pradesh,ETAH,Sannhamp,Whole Year 
Uttar Pradesh,ETAWAH,Sannhamp,Whole Year 
Uttar Pradesh,FAIZABAD,Sannhamp,Whole Year 
Uttar Pradesh,FARRUKHABAD,Sannhamp,Whole Year 
Uttar Pradesh,FATEHPUR,Sannhamp,Whole Year 
Uttar Pradesh,FIROZABAD,Sannhamp,Whole Year 
Uttar Pradesh,GHAZIABAD,Sannhamp,Whole Year 
Uttar Pradesh,GHAZIPUR,Sannhamp,Whole Year 
Uttar Pradesh,GONDA,Sannhamp,Whole Year 
Uttar Pradesh,GORAKHPUR,Sannhamp,Kharif     
Uttar Pradesh,HAMIRPUR,Sannhamp,Whole Year 
Uttar Pradesh,HARDOI,Sannhamp,Whole Year 
Uttar Pradesh,HATHRAS,Sannhamp,Whole Year 
Uttar Pradesh,JALAUN,Sannhamp,Whole Year 
Uttar Pradesh,JAUNPUR,Sannhamp,Whole Year 
Uttar Pradesh,JHANSI,Sannhamp,Whole Year 
Uttar Pradesh,KANNAUJ,Sannhamp,Whole Year 
Uttar Pradesh,KANPUR DEHAT,Sannhamp,Whole Year 
Uttar Pradesh,KANPUR NAGAR,Sannhamp,Whole Year 
Uttar Pradesh,KASGANJ,Sannhamp,Kharif     
Uttar Pradesh,KAUSHAMBI,Sannhamp,Whole Year 
Uttar Pradesh,KHERI,Sannhamp,Whole Year 
Uttar Pradesh,KUSHI NAGAR,Sannhamp,Whole Year 
Uttar Pradesh,LALITPUR,Sannhamp,Whole Year 
Uttar Pradesh,LUCKNOW,Sannhamp,Whole Year 
Uttar Pradesh,MAHARAJGANJ,Sannhamp,Whole Year 
Uttar Pradesh,MAHOBA,Sannhamp,Whole Year 
Uttar Pradesh,MAINPURI,Sannhamp,Whole Year 
Uttar Pradesh,MATHURA,Sannhamp,Whole Year 
Uttar Pradesh,MAU,Sannhamp,Whole Year 
Uttar Pradesh,MEERUT,Sannhamp,Whole Year 
Uttar Pradesh,MIRZAPUR,Sannhamp,Whole Year 
Uttar Pradesh,MORADABAD,Sannhamp,Whole Year 
Uttar Pradesh,MUZAFFARNAGAR,Sannhamp,Whole Year 
Uttar Pradesh,PILIBHIT,Sannhamp,Whole Year 
Uttar Pradesh,PRATAPGARH,Sannhamp,Whole Year 
Uttar Pradesh,RAE BARELI,Sannhamp,Whole Year 
Uttar Pradesh,RAMPUR,Sannhamp,Kharif     
Uttar Pradesh,SAHARANPUR,Sannhamp,Whole Year 
Uttar Pradesh,SANT KABEER NAGAR,Sannhamp,Whole Year 
Uttar Pradesh,SANT RAVIDAS NAGAR,Sannhamp,Whole Year 
Uttar Pradesh,SHAHJAHANPUR,Sannhamp,Whole Year 
Uttar Pradesh,SHAMLI,Sannhamp,Kharif     
Uttar Pradesh,SHRAVASTI,Sannhamp,Whole Year 
Uttar Pradesh,SIDDHARTH NAGAR,Sannhamp,Whole Year 
Uttar Pradesh,SITAPUR,Sannhamp,Whole Year 
Uttar Pradesh,SONBHADRA,Sannhamp,Whole Year 
Uttar Pradesh,SULTANPUR,Sannhamp,Whole Year 
Uttar Pradesh,UDAM SINGH NAGAR,Sannhamp,Whole Year 
Uttar Pradesh,UNNAO,Sannhamp,Whole Year 
Uttar Pradesh,VARANASI,Sannhamp,Whole Year 
Uttar Pradesh,AGRA,Sesamum,Kharif     
Uttar Pradesh,ALIGARH,Sesamum,Kharif     
Uttar Pradesh,ALLAHABAD,Sesamum,Kharif     
Uttar Pradesh,ALMORA,Sesamum,Kharif     
Uttar Pradesh,AMBEDKAR NAGAR,Sesamum,Kharif     
Uttar Pradesh,AMETHI,Sesamum,Kharif     
Uttar Pradesh,AMROHA,Sesamum,Kharif     
Uttar Pradesh,AURAIYA,Sesamum,Kharif     
Uttar Pradesh,AZAMGARH,Sesamum,Kharif     
Uttar Pradesh,BAGHPAT,Sesamum,Kharif     
Uttar Pradesh,BAHRAICH,Sesamum,Kharif     
Uttar Pradesh,BALLIA,Sesamum,Kharif     
Uttar Pradesh,BALRAMPUR,Sesamum,Kharif     
Uttar Pradesh,BANDA,Sesamum,Kharif     
Uttar Pradesh,BARABANKI,Sesamum,Kharif     
Uttar Pradesh,BAREILLY,Sesamum,Kharif     
Uttar Pradesh,BASTI,Sesamum,Kharif     
Uttar Pradesh,BIJNOR,Sesamum,Kharif     
Uttar Pradesh,BUDAUN,Sesamum,Kharif     
Uttar Pradesh,BULANDSHAHR,Sesamum,Kharif     
Uttar Pradesh,CHAMOLI,Sesamum,Kharif     
Uttar Pradesh,CHANDAULI,Sesamum,Kharif     
Uttar Pradesh,CHITRAKOOT,Sesamum,Kharif     
Uttar Pradesh,DEHRADUN,Sesamum,Kharif     
Uttar Pradesh,DEORIA,Sesamum,Kharif     
Uttar Pradesh,ETAH,Sesamum,Kharif     
Uttar Pradesh,ETAWAH,Sesamum,Kharif     
Uttar Pradesh,FAIZABAD,Sesamum,Kharif     
Uttar Pradesh,FARRUKHABAD,Sesamum,Kharif     
Uttar Pradesh,FATEHPUR,Sesamum,Kharif     
Uttar Pradesh,FIROZABAD,Sesamum,Kharif     
Uttar Pradesh,GAUTAM BUDDHA NAGAR,Sesamum,Kharif     
Uttar Pradesh,GHAZIABAD,Sesamum,Kharif     
Uttar Pradesh,GHAZIPUR,Sesamum,Kharif     
Uttar Pradesh,GONDA,Sesamum,Kharif     
Uttar Pradesh,GORAKHPUR,Sesamum,Kharif     
Uttar Pradesh,HAMIRPUR,Sesamum,Kharif     
Uttar Pradesh,HAPUR,Sesamum,Kharif     
Uttar Pradesh,HARDOI,Sesamum,Kharif     
Uttar Pradesh,HARIDWAR,Sesamum,Kharif     
Uttar Pradesh,HATHRAS,Sesamum,Kharif     
Uttar Pradesh,JALAUN,Sesamum,Kharif     
Uttar Pradesh,JAUNPUR,Sesamum,Kharif     
Uttar Pradesh,JHANSI,Sesamum,Kharif     
Uttar Pradesh,KANNAUJ,Sesamum,Kharif     
Uttar Pradesh,KANPUR DEHAT,Sesamum,Kharif     
Uttar Pradesh,KANPUR NAGAR,Sesamum,Kharif     
Uttar Pradesh,KASGANJ,Sesamum,Kharif     
Uttar Pradesh,KAUSHAMBI,Sesamum,Kharif     
Uttar Pradesh,KHERI,Sesamum,Kharif     
Uttar Pradesh,KUSHI NAGAR,Sesamum,Kharif     
Uttar Pradesh,LALITPUR,Sesamum,Kharif     
Uttar Pradesh,LUCKNOW,Sesamum,Kharif     
Uttar Pradesh,MAHARAJGANJ,Sesamum,Kharif     
Uttar Pradesh,MAHOBA,Sesamum,Kharif     
Uttar Pradesh,MAINPURI,Sesamum,Kharif     
Uttar Pradesh,MATHURA,Sesamum,Kharif     
Uttar Pradesh,MAU,Sesamum,Kharif     
Uttar Pradesh,MEERUT,Sesamum,Kharif     
Uttar Pradesh,MIRZAPUR,Sesamum,Kharif     
Uttar Pradesh,MORADABAD,Sesamum,Kharif     
Uttar Pradesh,MUZAFFARNAGAR,Sesamum,Kharif     
Uttar Pradesh,NAINITAL,Sesamum,Kharif     
Uttar Pradesh,PAURI GARHWAL,Sesamum,Kharif     
Uttar Pradesh,PILIBHIT,Sesamum,Kharif     
Uttar Pradesh,PITHORAGARH,Sesamum,Kharif     
Uttar Pradesh,PRATAPGARH,Sesamum,Kharif     
Uttar Pradesh,RAE BARELI,Sesamum,Kharif     
Uttar Pradesh,RAMPUR,Sesamum,Kharif     
Uttar Pradesh,SAHARANPUR,Sesamum,Kharif     
Uttar Pradesh,SAMBHAL,Sesamum,Kharif     
Uttar Pradesh,SANT KABEER NAGAR,Sesamum,Kharif     
Uttar Pradesh,SANT RAVIDAS NAGAR,Sesamum,Kharif     
Uttar Pradesh,SHAHJAHANPUR,Sesamum,Kharif     
Uttar Pradesh,SHAMLI,Sesamum,Kharif     
Uttar Pradesh,SHRAVASTI,Sesamum,Kharif     
Uttar Pradesh,SIDDHARTH NAGAR,Sesamum,Kharif     
Uttar Pradesh,SITAPUR,Sesamum,Kharif     
Uttar Pradesh,SONBHADRA,Sesamum,Kharif     
Uttar Pradesh,SULTANPUR,Sesamum,Kharif     
Uttar Pradesh,TEHRI GARHWAL,Sesamum,Kharif     
Uttar Pradesh,UDAM SINGH NAGAR,Sesamum,Kharif     
Uttar Pradesh,UNNAO,Sesamum,Kharif     
Uttar Pradesh,UTTAR KASHI,Sesamum,Kharif     
Uttar Pradesh,VARANASI,Sesamum,Kharif     
Uttar Pradesh,ALLAHABAD,Small millets,Kharif     
Uttar Pradesh,ALMORA,Small millets,Kharif     
Uttar Pradesh,AMBEDKAR NAGAR,Small millets,Kharif     
Uttar Pradesh,AMETHI,Small millets,Kharif     
Uttar Pradesh,AMROHA,Small millets,Kharif     
Uttar Pradesh,AURAIYA,Small millets,Kharif     
Uttar Pradesh,AZAMGARH,Small millets,Kharif     
Uttar Pradesh,BAGESHWAR,Small millets,Kharif     
Uttar Pradesh,BAGHPAT,Small millets,Kharif     
Uttar Pradesh,BAHRAICH,Small millets,Kharif     
Uttar Pradesh,BALLIA,Small millets,Kharif     
Uttar Pradesh,BALRAMPUR,Small millets,Kharif     
Uttar Pradesh,BANDA,Small millets,Kharif     
Uttar Pradesh,BARABANKI,Small millets,Kharif     
Uttar Pradesh,BAREILLY,Small millets,Kharif     
Uttar Pradesh,BASTI,Small millets,Kharif     
Uttar Pradesh,BIJNOR,Small millets,Kharif     
Uttar Pradesh,BUDAUN,Small millets,Kharif     
Uttar Pradesh,CHAMOLI,Small millets,Kharif     
Uttar Pradesh,CHAMPAWAT,Small millets,Kharif     
Uttar Pradesh,CHANDAULI,Small millets,Kharif     
Uttar Pradesh,CHITRAKOOT,Small millets,Kharif     
Uttar Pradesh,DEHRADUN,Small millets,Kharif     
Uttar Pradesh,DEORIA,Small millets,Kharif     
Uttar Pradesh,ETAH,Small millets,Kharif     
Uttar Pradesh,FAIZABAD,Small millets,Kharif     
Uttar Pradesh,FARRUKHABAD,Small millets,Kharif     
Uttar Pradesh,FATEHPUR,Small millets,Kharif     
Uttar Pradesh,GHAZIABAD,Small millets,Kharif     
Uttar Pradesh,GHAZIPUR,Small millets,Kharif     
Uttar Pradesh,GONDA,Small millets,Kharif     
Uttar Pradesh,GORAKHPUR,Small millets,Kharif     
Uttar Pradesh,HAMIRPUR,Small millets,Kharif     
Uttar Pradesh,HARDOI,Small millets,Kharif     
Uttar Pradesh,HATHRAS,Small millets,Kharif     
Uttar Pradesh,JALAUN,Small millets,Kharif     
Uttar Pradesh,JAUNPUR,Small millets,Kharif     
Uttar Pradesh,JHANSI,Small millets,Kharif     
Uttar Pradesh,KANNAUJ,Small millets,Kharif     
Uttar Pradesh,KANPUR DEHAT,Small millets,Kharif     
Uttar Pradesh,KANPUR NAGAR,Small millets,Kharif     
Uttar Pradesh,KAUSHAMBI,Small millets,Kharif     
Uttar Pradesh,KHERI,Small millets,Kharif     
Uttar Pradesh,KUSHI NAGAR,Small millets,Kharif     
Uttar Pradesh,LALITPUR,Small millets,Kharif     
Uttar Pradesh,LUCKNOW,Small millets,Kharif     
Uttar Pradesh,MAHARAJGANJ,Small millets,Kharif     
Uttar Pradesh,MAHOBA,Small millets,Kharif     
Uttar Pradesh,MATHURA,Small millets,Kharif     
Uttar Pradesh,MAU,Small millets,Kharif     
Uttar Pradesh,MEERUT,Small millets,Kharif     
Uttar Pradesh,MIRZAPUR,Small millets,Kharif     
Uttar Pradesh,MORADABAD,Small millets,Kharif     
Uttar Pradesh,MUZAFFARNAGAR,Small millets,Kharif     
Uttar Pradesh,NAINITAL,Small millets,Kharif     
Uttar Pradesh,PAURI GARHWAL,Small millets,Kharif     
Uttar Pradesh,PILIBHIT,Small millets,Kharif     
Uttar Pradesh,PITHORAGARH,Small millets,Kharif     
Uttar Pradesh,PRATAPGARH,Small millets,Kharif     
Uttar Pradesh,RAE BARELI,Small millets,Kharif     
Uttar Pradesh,RAMPUR,Small millets,Kharif     
Uttar Pradesh,RUDRA PRAYAG,Small millets,Kharif     
Uttar Pradesh,SAHARANPUR,Small millets,Kharif     
Uttar Pradesh,SANT KABEER NAGAR,Small millets,Kharif     
Uttar Pradesh,SANT RAVIDAS NAGAR,Small millets,Kharif     
Uttar Pradesh,SHRAVASTI,Small millets,Kharif     
Uttar Pradesh,SIDDHARTH NAGAR,Small millets,Kharif     
Uttar Pradesh,SITAPUR,Small millets,Kharif     
Uttar Pradesh,SONBHADRA,Small millets,Kharif     
Uttar Pradesh,SULTANPUR,Small millets,Kharif     
Uttar Pradesh,TEHRI GARHWAL,Small millets,Kharif     
Uttar Pradesh,UNNAO,Small millets,Kharif     
Uttar Pradesh,UTTAR KASHI,Small millets,Kharif     
Uttar Pradesh,VARANASI,Small millets,Kharif     
Uttar Pradesh,AGRA,Soyabean,Kharif     
Uttar Pradesh,ALIGARH,Soyabean,Kharif     
Uttar Pradesh,ALLAHABAD,Soyabean,Kharif     
Uttar Pradesh,ALMORA,Soyabean,Kharif     
Uttar Pradesh,AURAIYA,Soyabean,Kharif     
Uttar Pradesh,AZAMGARH,Soyabean,Kharif     
Uttar Pradesh,BAHRAICH,Soyabean,Kharif     
Uttar Pradesh,BALLIA,Soyabean,Kharif     
Uttar Pradesh,BANDA,Soyabean,Kharif     
Uttar Pradesh,BARABANKI,Soyabean,Kharif     
Uttar Pradesh,BAREILLY,Soyabean,Kharif     
Uttar Pradesh,BASTI,Soyabean,Kharif     
Uttar Pradesh,BIJNOR,Soyabean,Kharif     
Uttar Pradesh,BUDAUN,Soyabean,Kharif     
Uttar Pradesh,CHAMOLI,Soyabean,Kharif     
Uttar Pradesh,CHITRAKOOT,Soyabean,Kharif     
Uttar Pradesh,DEHRADUN,Soyabean,Kharif     
Uttar Pradesh,DEORIA,Soyabean,Kharif     
Uttar Pradesh,ETAH,Soyabean,Kharif     
Uttar Pradesh,ETAWAH,Soyabean,Kharif     
Uttar Pradesh,FATEHPUR,Soyabean,Kharif     
Uttar Pradesh,FIROZABAD,Soyabean,Kharif     
Uttar Pradesh,GONDA,Soyabean,Kharif     
Uttar Pradesh,GORAKHPUR,Soyabean,Kharif     
Uttar Pradesh,HAMIRPUR,Soyabean,Kharif     
Uttar Pradesh,HARDOI,Soyabean,Kharif     
Uttar Pradesh,HARIDWAR,Soyabean,Kharif     
Uttar Pradesh,JALAUN,Soyabean,Kharif     
Uttar Pradesh,JAUNPUR,Soyabean,Kharif     
Uttar Pradesh,JHANSI,Soyabean,Kharif     
Uttar Pradesh,KANNAUJ,Soyabean,Kharif     
Uttar Pradesh,KANPUR DEHAT,Soyabean,Kharif     
Uttar Pradesh,KANPUR NAGAR,Soyabean,Kharif     
Uttar Pradesh,KHERI,Soyabean,Kharif     
Uttar Pradesh,LALITPUR,Soyabean,Kharif     
Uttar Pradesh,LUCKNOW,Soyabean,Kharif     
Uttar Pradesh,MAHARAJGANJ,Soyabean,Kharif     
Uttar Pradesh,MAHOBA,Soyabean,Kharif     
Uttar Pradesh,MATHURA,Soyabean,Kharif     
Uttar Pradesh,MAU,Soyabean,Kharif     
Uttar Pradesh,MIRZAPUR,Soyabean,Kharif     
Uttar Pradesh,MORADABAD,Soyabean,Kharif     
Uttar Pradesh,MUZAFFARNAGAR,Soyabean,Kharif     
Uttar Pradesh,NAINITAL,Soyabean,Kharif     
Uttar Pradesh,PAURI GARHWAL,Soyabean,Kharif     
Uttar Pradesh,PILIBHIT,Soyabean,Kharif     
Uttar Pradesh,PITHORAGARH,Soyabean,Kharif     
Uttar Pradesh,RAE BARELI,Soyabean,Kharif     
Uttar Pradesh,RAMPUR,Soyabean,Kharif     
Uttar Pradesh,SAHARANPUR,Soyabean,Kharif     
Uttar Pradesh,SANT RAVIDAS NAGAR,Soyabean,Kharif     
Uttar Pradesh,SHAHJAHANPUR,Soyabean,Kharif     
Uttar Pradesh,SHRAVASTI,Soyabean,Kharif     
Uttar Pradesh,SIDDHARTH NAGAR,Soyabean,Kharif     
Uttar Pradesh,SITAPUR,Soyabean,Kharif     
Uttar Pradesh,TEHRI GARHWAL,Soyabean,Kharif     
Uttar Pradesh,UDAM SINGH NAGAR,Soyabean,Kharif     
Uttar Pradesh,UNNAO,Soyabean,Kharif     
Uttar Pradesh,UTTAR KASHI,Soyabean,Kharif     
Uttar Pradesh,AGRA,Sugarcane,Whole Year 
Uttar Pradesh,ALIGARH,Sugarcane,Whole Year 
Uttar Pradesh,ALLAHABAD,Sugarcane,Whole Year 
Uttar Pradesh,AMBEDKAR NAGAR,Sugarcane,Whole Year 
Uttar Pradesh,AMETHI,Sugarcane,Kharif     
Uttar Pradesh,AMROHA,Sugarcane,Whole Year 
Uttar Pradesh,AURAIYA,Sugarcane,Whole Year 
Uttar Pradesh,AZAMGARH,Sugarcane,Whole Year 
Uttar Pradesh,BAGHPAT,Sugarcane,Whole Year 
Uttar Pradesh,BAHRAICH,Sugarcane,Whole Year 
Uttar Pradesh,BALLIA,Sugarcane,Whole Year 
Uttar Pradesh,BALRAMPUR,Sugarcane,Whole Year 
Uttar Pradesh,BANDA,Sugarcane,Whole Year 
Uttar Pradesh,BARABANKI,Sugarcane,Whole Year 
Uttar Pradesh,BAREILLY,Sugarcane,Whole Year 
Uttar Pradesh,BASTI,Sugarcane,Whole Year 
Uttar Pradesh,BIJNOR,Sugarcane,Whole Year 
Uttar Pradesh,BUDAUN,Sugarcane,Whole Year 
Uttar Pradesh,BULANDSHAHR,Sugarcane,Whole Year 
Uttar Pradesh,CHANDAULI,Sugarcane,Whole Year 
Uttar Pradesh,CHITRAKOOT,Sugarcane,Whole Year 
Uttar Pradesh,DEHRADUN,Sugarcane,Whole Year 
Uttar Pradesh,DEORIA,Sugarcane,Whole Year 
Uttar Pradesh,ETAH,Sugarcane,Whole Year 
Uttar Pradesh,ETAWAH,Sugarcane,Whole Year 
Uttar Pradesh,FAIZABAD,Sugarcane,Whole Year 
Uttar Pradesh,FARRUKHABAD,Sugarcane,Whole Year 
Uttar Pradesh,FATEHPUR,Sugarcane,Whole Year 
Uttar Pradesh,FIROZABAD,Sugarcane,Whole Year 
Uttar Pradesh,GAUTAM BUDDHA NAGAR,Sugarcane,Whole Year 
Uttar Pradesh,GHAZIABAD,Sugarcane,Whole Year 
Uttar Pradesh,GHAZIPUR,Sugarcane,Whole Year 
Uttar Pradesh,GONDA,Sugarcane,Whole Year 
Uttar Pradesh,GORAKHPUR,Sugarcane,Kharif     
Uttar Pradesh,HAMIRPUR,Sugarcane,Whole Year 
Uttar Pradesh,HAPUR,Sugarcane,Kharif     
Uttar Pradesh,HARDOI,Sugarcane,Whole Year 
Uttar Pradesh,HARIDWAR,Sugarcane,Whole Year 
Uttar Pradesh,HATHRAS,Sugarcane,Whole Year 
Uttar Pradesh,JALAUN,Sugarcane,Whole Year 
Uttar Pradesh,JAUNPUR,Sugarcane,Whole Year 
Uttar Pradesh,JHANSI,Sugarcane,Whole Year 
Uttar Pradesh,KANNAUJ,Sugarcane,Whole Year 
Uttar Pradesh,KANPUR DEHAT,Sugarcane,Whole Year 
Uttar Pradesh,KANPUR NAGAR,Sugarcane,Whole Year 
Uttar Pradesh,KASGANJ,Sugarcane,Kharif     
Uttar Pradesh,KAUSHAMBI,Sugarcane,Whole Year 
Uttar Pradesh,KHERI,Sugarcane,Whole Year 
Uttar Pradesh,KUSHI NAGAR,Sugarcane,Whole Year 
Uttar Pradesh,LALITPUR,Sugarcane,Whole Year 
Uttar Pradesh,LUCKNOW,Sugarcane,Whole Year 
Uttar Pradesh,MAHARAJGANJ,Sugarcane,Whole Year 
Uttar Pradesh,MAHOBA,Sugarcane,Whole Year 
Uttar Pradesh,MAINPURI,Sugarcane,Whole Year 
Uttar Pradesh,MATHURA,Sugarcane,Whole Year 
Uttar Pradesh,MAU,Sugarcane,Whole Year 
Uttar Pradesh,MEERUT,Sugarcane,Whole Year 
Uttar Pradesh,MIRZAPUR,Sugarcane,Whole Year 
Uttar Pradesh,MORADABAD,Sugarcane,Whole Year 
Uttar Pradesh,MUZAFFARNAGAR,Sugarcane,Whole Year 
Uttar Pradesh,NAINITAL,Sugarcane,Whole Year 
Uttar Pradesh,PAURI GARHWAL,Sugarcane,Whole Year 
Uttar Pradesh,PILIBHIT,Sugarcane,Whole Year 
Uttar Pradesh,PITHORAGARH,Sugarcane,Whole Year 
Uttar Pradesh,PRATAPGARH,Sugarcane,Whole Year 
Uttar Pradesh,RAE BARELI,Sugarcane,Whole Year 
Uttar Pradesh,RAMPUR,Sugarcane,Whole Year 
Uttar Pradesh,SAHARANPUR,Sugarcane,Whole Year 
Uttar Pradesh,SAMBHAL,Sugarcane,Kharif     
Uttar Pradesh,SANT KABEER NAGAR,Sugarcane,Whole Year 
Uttar Pradesh,SANT RAVIDAS NAGAR,Sugarcane,Whole Year 
Uttar Pradesh,SHAHJAHANPUR,Sugarcane,Whole Year 
Uttar Pradesh,SHAMLI,Sugarcane,Kharif     
Uttar Pradesh,SHRAVASTI,Sugarcane,Whole Year 
Uttar Pradesh,SIDDHARTH NAGAR,Sugarcane,Whole Year 
Uttar Pradesh,SITAPUR,Sugarcane,Whole Year 
Uttar Pradesh,SONBHADRA,Sugarcane,Whole Year 
Uttar Pradesh,SULTANPUR,Sugarcane,Whole Year 
Uttar Pradesh,UDAM SINGH NAGAR,Sugarcane,Whole Year 
Uttar Pradesh,UNNAO,Sugarcane,Whole Year 
Uttar Pradesh,VARANASI,Sugarcane,Whole Year 
Uttar Pradesh,AGRA,Sunflower,Rabi       
Uttar Pradesh,ALIGARH,Sunflower,Rabi       
Uttar Pradesh,ALLAHABAD,Sunflower,Rabi       
Uttar Pradesh,AMBEDKAR NAGAR,Sunflower,Rabi       
Uttar Pradesh,AMETHI,Sunflower,Summer     
Uttar Pradesh,AMROHA,Sunflower,Rabi       
Uttar Pradesh,AURAIYA,Sunflower,Rabi       
Uttar Pradesh,AZAMGARH,Sunflower,Rabi       
Uttar Pradesh,BAGHPAT,Sunflower,Rabi       
Uttar Pradesh,BAHRAICH,Sunflower,Rabi       
Uttar Pradesh,BALLIA,Sunflower,Rabi       
Uttar Pradesh,BALRAMPUR,Sunflower,Rabi       
Uttar Pradesh,BANDA,Sunflower,Rabi       
Uttar Pradesh,BARABANKI,Sunflower,Rabi       
Uttar Pradesh,BAREILLY,Sunflower,Rabi       
Uttar Pradesh,BASTI,Sunflower,Rabi       
Uttar Pradesh,BIJNOR,Sunflower,Rabi       
Uttar Pradesh,BUDAUN,Sunflower,Rabi       
Uttar Pradesh,BULANDSHAHR,Sunflower,Rabi       
Uttar Pradesh,CHANDAULI,Sunflower,Kharif     
Uttar Pradesh,CHITRAKOOT,Sunflower,Rabi       
Uttar Pradesh,DEHRADUN,Sunflower,Rabi       
Uttar Pradesh,DEORIA,Sunflower,Rabi       
Uttar Pradesh,ETAH,Sunflower,Rabi       
Uttar Pradesh,ETAWAH,Sunflower,Rabi       
Uttar Pradesh,FAIZABAD,Sunflower,Rabi       
Uttar Pradesh,FARRUKHABAD,Sunflower,Rabi       
Uttar Pradesh,FATEHPUR,Sunflower,Rabi       
Uttar Pradesh,FIROZABAD,Sunflower,Rabi       
Uttar Pradesh,GAUTAM BUDDHA NAGAR,Sunflower,Rabi       
Uttar Pradesh,GHAZIABAD,Sunflower,Rabi       
Uttar Pradesh,GHAZIPUR,Sunflower,Rabi       
Uttar Pradesh,GONDA,Sunflower,Rabi       
Uttar Pradesh,GORAKHPUR,Sunflower,Rabi       
Uttar Pradesh,HAMIRPUR,Sunflower,Rabi       
Uttar Pradesh,HARDOI,Sunflower,Rabi       
Uttar Pradesh,HARIDWAR,Sunflower,Rabi       
Uttar Pradesh,HATHRAS,Sunflower,Rabi       
Uttar Pradesh,JALAUN,Sunflower,Rabi       
Uttar Pradesh,JAUNPUR,Sunflower,Rabi       
Uttar Pradesh,JHANSI,Sunflower,Kharif     
Uttar Pradesh,KANNAUJ,Sunflower,Rabi       
Uttar Pradesh,KANPUR DEHAT,Sunflower,Rabi       
Uttar Pradesh,KANPUR NAGAR,Sunflower,Rabi       
Uttar Pradesh,KASGANJ,Sunflower,Summer     
Uttar Pradesh,KAUSHAMBI,Sunflower,Rabi       
Uttar Pradesh,KHERI,Sunflower,Rabi       
Uttar Pradesh,KUSHI NAGAR,Sunflower,Rabi       
Uttar Pradesh,LALITPUR,Sunflower,Rabi       
Uttar Pradesh,LUCKNOW,Sunflower,Rabi       
Uttar Pradesh,MAHARAJGANJ,Sunflower,Rabi       
Uttar Pradesh,MAHOBA,Sunflower,Rabi       
Uttar Pradesh,MAINPURI,Sunflower,Rabi       
Uttar Pradesh,MATHURA,Sunflower,Rabi       
Uttar Pradesh,MAU,Sunflower,Rabi       
Uttar Pradesh,MEERUT,Sunflower,Rabi       
Uttar Pradesh,MIRZAPUR,Sunflower,Rabi       
Uttar Pradesh,MORADABAD,Sunflower,Rabi       
Uttar Pradesh,MUZAFFARNAGAR,Sunflower,Rabi       
Uttar Pradesh,NAINITAL,Sunflower,Rabi       
Uttar Pradesh,PAURI GARHWAL,Sunflower,Rabi       
Uttar Pradesh,PILIBHIT,Sunflower,Rabi       
Uttar Pradesh,PITHORAGARH,Sunflower,Rabi       
Uttar Pradesh,PRATAPGARH,Sunflower,Rabi       
Uttar Pradesh,RAE BARELI,Sunflower,Rabi       
Uttar Pradesh,RAMPUR,Sunflower,Rabi       
Uttar Pradesh,SAHARANPUR,Sunflower,Rabi       
Uttar Pradesh,SAMBHAL,Sunflower,Summer     
Uttar Pradesh,SANT KABEER NAGAR,Sunflower,Rabi       
Uttar Pradesh,SANT RAVIDAS NAGAR,Sunflower,Summer     
Uttar Pradesh,SHAHJAHANPUR,Sunflower,Rabi       
Uttar Pradesh,SHAMLI,Sunflower,Summer     
Uttar Pradesh,SHRAVASTI,Sunflower,Kharif     
Uttar Pradesh,SIDDHARTH NAGAR,Sunflower,Rabi       
Uttar Pradesh,SITAPUR,Sunflower,Rabi       
Uttar Pradesh,SONBHADRA,Sunflower,Rabi       
Uttar Pradesh,SULTANPUR,Sunflower,Rabi       
Uttar Pradesh,TEHRI GARHWAL,Sunflower,Kharif     
Uttar Pradesh,UDAM SINGH NAGAR,Sunflower,Rabi       
Uttar Pradesh,UNNAO,Sunflower,Rabi       
Uttar Pradesh,UTTAR KASHI,Sunflower,Rabi       
Uttar Pradesh,VARANASI,Sunflower,Kharif     
Uttar Pradesh,AGRA,Sweet potato,Whole Year 
Uttar Pradesh,ALIGARH,Sweet potato,Whole Year 
Uttar Pradesh,ALLAHABAD,Sweet potato,Whole Year 
Uttar Pradesh,AMBEDKAR NAGAR,Sweet potato,Whole Year 
Uttar Pradesh,AMETHI,Sweet potato,Kharif     
Uttar Pradesh,AMROHA,Sweet potato,Whole Year 
Uttar Pradesh,AURAIYA,Sweet potato,Whole Year 
Uttar Pradesh,AZAMGARH,Sweet potato,Whole Year 
Uttar Pradesh,BAGHPAT,Sweet potato,Whole Year 
Uttar Pradesh,BAHRAICH,Sweet potato,Whole Year 
Uttar Pradesh,BALLIA,Sweet potato,Whole Year 
Uttar Pradesh,BALRAMPUR,Sweet potato,Whole Year 
Uttar Pradesh,BANDA,Sweet potato,Whole Year 
Uttar Pradesh,BARABANKI,Sweet potato,Whole Year 
Uttar Pradesh,BAREILLY,Sweet potato,Whole Year 
Uttar Pradesh,BASTI,Sweet potato,Whole Year 
Uttar Pradesh,BIJNOR,Sweet potato,Whole Year 
Uttar Pradesh,BUDAUN,Sweet potato,Whole Year 
Uttar Pradesh,BULANDSHAHR,Sweet potato,Whole Year 
Uttar Pradesh,CHANDAULI,Sweet potato,Whole Year 
Uttar Pradesh,CHITRAKOOT,Sweet potato,Whole Year 
Uttar Pradesh,DEORIA,Sweet potato,Whole Year 
Uttar Pradesh,ETAH,Sweet potato,Whole Year 
Uttar Pradesh,ETAWAH,Sweet potato,Whole Year 
Uttar Pradesh,FAIZABAD,Sweet potato,Whole Year 
Uttar Pradesh,FARRUKHABAD,Sweet potato,Whole Year 
Uttar Pradesh,FATEHPUR,Sweet potato,Whole Year 
Uttar Pradesh,FIROZABAD,Sweet potato,Whole Year 
Uttar Pradesh,GAUTAM BUDDHA NAGAR,Sweet potato,Whole Year 
Uttar Pradesh,GHAZIABAD,Sweet potato,Whole Year 
Uttar Pradesh,GHAZIPUR,Sweet potato,Whole Year 
Uttar Pradesh,GONDA,Sweet potato,Whole Year 
Uttar Pradesh,GORAKHPUR,Sweet potato,Whole Year 
Uttar Pradesh,HAMIRPUR,Sweet potato,Whole Year 
Uttar Pradesh,HAPUR,Sweet potato,Kharif     
Uttar Pradesh,HARDOI,Sweet potato,Whole Year 
Uttar Pradesh,HATHRAS,Sweet potato,Whole Year 
Uttar Pradesh,JALAUN,Sweet potato,Whole Year 
Uttar Pradesh,JAUNPUR,Sweet potato,Whole Year 
Uttar Pradesh,JHANSI,Sweet potato,Whole Year 
Uttar Pradesh,KANNAUJ,Sweet potato,Whole Year 
Uttar Pradesh,KANPUR DEHAT,Sweet potato,Whole Year 
Uttar Pradesh,KANPUR NAGAR,Sweet potato,Whole Year 
Uttar Pradesh,KASGANJ,Sweet potato,Kharif     
Uttar Pradesh,KAUSHAMBI,Sweet potato,Whole Year 
Uttar Pradesh,KHERI,Sweet potato,Whole Year 
Uttar Pradesh,KUSHI NAGAR,Sweet potato,Whole Year 
Uttar Pradesh,LALITPUR,Sweet potato,Whole Year 
Uttar Pradesh,LUCKNOW,Sweet potato,Whole Year 
Uttar Pradesh,MAHARAJGANJ,Sweet potato,Whole Year 
Uttar Pradesh,MAHOBA,Sweet potato,Whole Year 
Uttar Pradesh,MAINPURI,Sweet potato,Whole Year 
Uttar Pradesh,MATHURA,Sweet potato,Whole Year 
Uttar Pradesh,MAU,Sweet potato,Whole Year 
Uttar Pradesh,MEERUT,Sweet potato,Whole Year 
Uttar Pradesh,MIRZAPUR,Sweet potato,Whole Year 
Uttar Pradesh,MORADABAD,Sweet potato,Whole Year 
Uttar Pradesh,MUZAFFARNAGAR,Sweet potato,Whole Year 
Uttar Pradesh,PILIBHIT,Sweet potato,Whole Year 
Uttar Pradesh,PRATAPGARH,Sweet potato,Whole Year 
Uttar Pradesh,RAE BARELI,Sweet potato,Whole Year 
Uttar Pradesh,RAMPUR,Sweet potato,Whole Year 
Uttar Pradesh,SAHARANPUR,Sweet potato,Whole Year 
Uttar Pradesh,SAMBHAL,Sweet potato,Kharif     
Uttar Pradesh,SANT KABEER NAGAR,Sweet potato,Whole Year 
Uttar Pradesh,SANT RAVIDAS NAGAR,Sweet potato,Kharif     
Uttar Pradesh,SHAHJAHANPUR,Sweet potato,Whole Year 
Uttar Pradesh,SHAMLI,Sweet potato,Kharif     
Uttar Pradesh,SHRAVASTI,Sweet potato,Whole Year 
Uttar Pradesh,SIDDHARTH NAGAR,Sweet potato,Whole Year 
Uttar Pradesh,SITAPUR,Sweet potato,Whole Year 
Uttar Pradesh,SONBHADRA,Sweet potato,Whole Year 
Uttar Pradesh,SULTANPUR,Sweet potato,Whole Year 
Uttar Pradesh,UNNAO,Sweet potato,Whole Year 
Uttar Pradesh,VARANASI,Sweet potato,Whole Year 
Uttar Pradesh,ALIGARH,Tobacco,Whole Year 
Uttar Pradesh,ALLAHABAD,Tobacco,Whole Year 
Uttar Pradesh,ALMORA,Tobacco,Whole Year 
Uttar Pradesh,AMBEDKAR NAGAR,Tobacco,Whole Year 
Uttar Pradesh,AMROHA,Tobacco,Whole Year 
Uttar Pradesh,AURAIYA,Tobacco,Whole Year 
Uttar Pradesh,AZAMGARH,Tobacco,Whole Year 
Uttar Pradesh,BAGHPAT,Tobacco,Whole Year 
Uttar Pradesh,BAHRAICH,Tobacco,Whole Year 
Uttar Pradesh,BALLIA,Tobacco,Whole Year 
Uttar Pradesh,BALRAMPUR,Tobacco,Whole Year 
Uttar Pradesh,BANDA,Tobacco,Whole Year 
Uttar Pradesh,BARABANKI,Tobacco,Whole Year 
Uttar Pradesh,BAREILLY,Tobacco,Whole Year 
Uttar Pradesh,BASTI,Tobacco,Whole Year 
Uttar Pradesh,BIJNOR,Tobacco,Whole Year 
Uttar Pradesh,BUDAUN,Tobacco,Whole Year 
Uttar Pradesh,BULANDSHAHR,Tobacco,Whole Year 
Uttar Pradesh,CHAMOLI,Tobacco,Whole Year 
Uttar Pradesh,DEHRADUN,Tobacco,Whole Year 
Uttar Pradesh,ETAH,Tobacco,Whole Year 
Uttar Pradesh,ETAWAH,Tobacco,Rabi       
Uttar Pradesh,FAIZABAD,Tobacco,Whole Year 
Uttar Pradesh,FARRUKHABAD,Tobacco,Whole Year 
Uttar Pradesh,FATEHPUR,Tobacco,Whole Year 
Uttar Pradesh,FIROZABAD,Tobacco,Whole Year 
Uttar Pradesh,GAUTAM BUDDHA NAGAR,Tobacco,Rabi       
Uttar Pradesh,GHAZIABAD,Tobacco,Summer     
Uttar Pradesh,GHAZIPUR,Tobacco,Rabi       
Uttar Pradesh,GONDA,Tobacco,Whole Year 
Uttar Pradesh,HAMIRPUR,Tobacco,Whole Year 
Uttar Pradesh,HARDOI,Tobacco,Whole Year 
Uttar Pradesh,HARIDWAR,Tobacco,Whole Year 
Uttar Pradesh,HATHRAS,Tobacco,Whole Year 
Uttar Pradesh,JALAUN,Tobacco,Rabi       
Uttar Pradesh,JAUNPUR,Tobacco,Whole Year 
Uttar Pradesh,JHANSI,Tobacco,Rabi       
Uttar Pradesh,KANNAUJ,Tobacco,Whole Year 
Uttar Pradesh,KANPUR DEHAT,Tobacco,Whole Year 
Uttar Pradesh,KANPUR NAGAR,Tobacco,Whole Year 
Uttar Pradesh,KASGANJ,Tobacco,Rabi       
Uttar Pradesh,KAUSHAMBI,Tobacco,Whole Year 
Uttar Pradesh,KHERI,Tobacco,Rabi       
Uttar Pradesh,LUCKNOW,Tobacco,Whole Year 
Uttar Pradesh,MAHARAJGANJ,Tobacco,Summer     
Uttar Pradesh,MAHOBA,Tobacco,Whole Year 
Uttar Pradesh,MAINPURI,Tobacco,Whole Year 
Uttar Pradesh,MATHURA,Tobacco,Whole Year 
Uttar Pradesh,MIRZAPUR,Tobacco,Rabi       
Uttar Pradesh,MORADABAD,Tobacco,Whole Year 
Uttar Pradesh,MUZAFFARNAGAR,Tobacco,Whole Year 
Uttar Pradesh,PAURI GARHWAL,Tobacco,Whole Year 
Uttar Pradesh,PILIBHIT,Tobacco,Whole Year 
Uttar Pradesh,PITHORAGARH,Tobacco,Whole Year 
Uttar Pradesh,PRATAPGARH,Tobacco,Whole Year 
Uttar Pradesh,RAE BARELI,Tobacco,Whole Year 
Uttar Pradesh,RAMPUR,Tobacco,Whole Year 
Uttar Pradesh,RUDRA PRAYAG,Tobacco,Whole Year 
Uttar Pradesh,SAHARANPUR,Tobacco,Whole Year 
Uttar Pradesh,SAMBHAL,Tobacco,Summer     
Uttar Pradesh,SHAHJAHANPUR,Tobacco,Whole Year 
Uttar Pradesh,SHAMLI,Tobacco,Summer     
Uttar Pradesh,SIDDHARTH NAGAR,Tobacco,Whole Year 
Uttar Pradesh,SITAPUR,Tobacco,Whole Year 
Uttar Pradesh,SULTANPUR,Tobacco,Summer     
Uttar Pradesh,TEHRI GARHWAL,Tobacco,Whole Year 
Uttar Pradesh,UNNAO,Tobacco,Whole Year 
Uttar Pradesh,UTTAR KASHI,Tobacco,Whole Year 
Uttar Pradesh,AGRA,Turmeric,Rabi       
Uttar Pradesh,ALIGARH,Turmeric,Rabi       
Uttar Pradesh,ALLAHABAD,Turmeric,Whole Year 
Uttar Pradesh,AMBEDKAR NAGAR,Turmeric,Whole Year 
Uttar Pradesh,AMETHI,Turmeric,Rabi       
Uttar Pradesh,AMROHA,Turmeric,Whole Year 
Uttar Pradesh,AURAIYA,Turmeric,Whole Year 
Uttar Pradesh,AZAMGARH,Turmeric,Whole Year 
Uttar Pradesh,BAGHPAT,Turmeric,Whole Year 
Uttar Pradesh,BAHRAICH,Turmeric,Whole Year 
Uttar Pradesh,BALLIA,Turmeric,Whole Year 
Uttar Pradesh,BALRAMPUR,Turmeric,Whole Year 
Uttar Pradesh,BARABANKI,Turmeric,Whole Year 
Uttar Pradesh,BAREILLY,Turmeric,Whole Year 
Uttar Pradesh,BIJNOR,Turmeric,Whole Year 
Uttar Pradesh,BUDAUN,Turmeric,Whole Year 
Uttar Pradesh,BULANDSHAHR,Turmeric,Whole Year 
Uttar Pradesh,CHANDAULI,Turmeric,Whole Year 
Uttar Pradesh,DEHRADUN,Turmeric,Whole Year 
Uttar Pradesh,DEORIA,Turmeric,Whole Year 
Uttar Pradesh,ETAH,Turmeric,Whole Year 
Uttar Pradesh,ETAWAH,Turmeric,Whole Year 
Uttar Pradesh,FAIZABAD,Turmeric,Rabi       
Uttar Pradesh,FARRUKHABAD,Turmeric,Whole Year 
Uttar Pradesh,FATEHPUR,Turmeric,Whole Year 
Uttar Pradesh,FIROZABAD,Turmeric,Whole Year 
Uttar Pradesh,GHAZIABAD,Turmeric,Whole Year 
Uttar Pradesh,GHAZIPUR,Turmeric,Whole Year 
Uttar Pradesh,GONDA,Turmeric,Whole Year 
Uttar Pradesh,GORAKHPUR,Turmeric,Whole Year 
Uttar Pradesh,HAMIRPUR,Turmeric,Rabi       
Uttar Pradesh,HAPUR,Turmeric,Rabi       
Uttar Pradesh,HARDOI,Turmeric,Whole Year 
Uttar Pradesh,HARIDWAR,Turmeric,Whole Year 
Uttar Pradesh,HATHRAS,Turmeric,Rabi       
Uttar Pradesh,JALAUN,Turmeric,Rabi       
Uttar Pradesh,JAUNPUR,Turmeric,Whole Year 
Uttar Pradesh,JHANSI,Turmeric,Whole Year 
Uttar Pradesh,KANNAUJ,Turmeric,Whole Year 
Uttar Pradesh,KANPUR DEHAT,Turmeric,Whole Year 
Uttar Pradesh,KANPUR NAGAR,Turmeric,Whole Year 
Uttar Pradesh,KASGANJ,Turmeric,Rabi       
Uttar Pradesh,KAUSHAMBI,Turmeric,Whole Year 
Uttar Pradesh,KHERI,Turmeric,Whole Year 
Uttar Pradesh,KUSHI NAGAR,Turmeric,Whole Year 
Uttar Pradesh,LALITPUR,Turmeric,Whole Year 
Uttar Pradesh,LUCKNOW,Turmeric,Whole Year 
Uttar Pradesh,MAHARAJGANJ,Turmeric,Whole Year 
Uttar Pradesh,MAHOBA,Turmeric,Rabi       
Uttar Pradesh,MAINPURI,Turmeric,Whole Year 
Uttar Pradesh,MAU,Turmeric,Whole Year 
Uttar Pradesh,MEERUT,Turmeric,Whole Year 
Uttar Pradesh,MIRZAPUR,Turmeric,Whole Year 
Uttar Pradesh,MORADABAD,Turmeric,Whole Year 
Uttar Pradesh,MUZAFFARNAGAR,Turmeric,Whole Year 
Uttar Pradesh,NAINITAL,Turmeric,Whole Year 
Uttar Pradesh,PILIBHIT,Turmeric,Whole Year 
Uttar Pradesh,PRATAPGARH,Turmeric,Whole Year 
Uttar Pradesh,RAE BARELI,Turmeric,Whole Year 
Uttar Pradesh,RAMPUR,Turmeric,Whole Year 
Uttar Pradesh,SAHARANPUR,Turmeric,Whole Year 
Uttar Pradesh,SAMBHAL,Turmeric,Rabi       
Uttar Pradesh,SANT KABEER NAGAR,Turmeric,Whole Year 
Uttar Pradesh,SHAHJAHANPUR,Turmeric,Whole Year 
Uttar Pradesh,SHAMLI,Turmeric,Rabi       
Uttar Pradesh,SHRAVASTI,Turmeric,Whole Year 
Uttar Pradesh,SIDDHARTH NAGAR,Turmeric,Whole Year 
Uttar Pradesh,SITAPUR,Turmeric,Whole Year 
Uttar Pradesh,SONBHADRA,Turmeric,Whole Year 
Uttar Pradesh,SULTANPUR,Turmeric,Whole Year 
Uttar Pradesh,UDAM SINGH NAGAR,Turmeric,Whole Year 
Uttar Pradesh,UNNAO,Turmeric,Whole Year 
Uttar Pradesh,VARANASI,Turmeric,Whole Year 
Uttar Pradesh,AGRA,Urad,Kharif     
Uttar Pradesh,ALIGARH,Urad,Kharif     
Uttar Pradesh,ALLAHABAD,Urad,Kharif     
Uttar Pradesh,ALMORA,Urad,Kharif     
Uttar Pradesh,AMBEDKAR NAGAR,Urad,Kharif     
Uttar Pradesh,AMETHI,Urad,Kharif     
Uttar Pradesh,AMROHA,Urad,Kharif     
Uttar Pradesh,AURAIYA,Urad,Kharif     
Uttar Pradesh,AZAMGARH,Urad,Kharif     
Uttar Pradesh,BAGHPAT,Urad,Kharif     
Uttar Pradesh,BAHRAICH,Urad,Kharif     
Uttar Pradesh,BALLIA,Urad,Kharif     
Uttar Pradesh,BALRAMPUR,Urad,Kharif     
Uttar Pradesh,BANDA,Urad,Kharif     
Uttar Pradesh,BARABANKI,Urad,Kharif     
Uttar Pradesh,BAREILLY,Urad,Kharif     
Uttar Pradesh,BASTI,Urad,Kharif     
Uttar Pradesh,BIJNOR,Urad,Kharif     
Uttar Pradesh,BUDAUN,Urad,Kharif     
Uttar Pradesh,BULANDSHAHR,Urad,Kharif     
Uttar Pradesh,CHAMOLI,Urad,Kharif     
Uttar Pradesh,CHANDAULI,Urad,Kharif     
Uttar Pradesh,CHITRAKOOT,Urad,Kharif     
Uttar Pradesh,DEHRADUN,Urad,Kharif     
Uttar Pradesh,DEORIA,Urad,Kharif     
Uttar Pradesh,ETAH,Urad,Kharif     
Uttar Pradesh,ETAWAH,Urad,Kharif     
Uttar Pradesh,FAIZABAD,Urad,Kharif     
Uttar Pradesh,FARRUKHABAD,Urad,Kharif     
Uttar Pradesh,FATEHPUR,Urad,Kharif     
Uttar Pradesh,FIROZABAD,Urad,Kharif     
Uttar Pradesh,GAUTAM BUDDHA NAGAR,Urad,Kharif     
Uttar Pradesh,GHAZIABAD,Urad,Kharif     
Uttar Pradesh,GHAZIPUR,Urad,Kharif     
Uttar Pradesh,GONDA,Urad,Kharif     
Uttar Pradesh,GORAKHPUR,Urad,Kharif     
Uttar Pradesh,HAMIRPUR,Urad,Kharif     
Uttar Pradesh,HAPUR,Urad,Kharif     
Uttar Pradesh,HARDOI,Urad,Kharif     
Uttar Pradesh,HARIDWAR,Urad,Kharif     
Uttar Pradesh,HATHRAS,Urad,Kharif     
Uttar Pradesh,JALAUN,Urad,Kharif     
Uttar Pradesh,JAUNPUR,Urad,Kharif     
Uttar Pradesh,JHANSI,Urad,Kharif     
Uttar Pradesh,KANNAUJ,Urad,Kharif     
Uttar Pradesh,KANPUR DEHAT,Urad,Kharif     
Uttar Pradesh,KANPUR NAGAR,Urad,Kharif     
Uttar Pradesh,KASGANJ,Urad,Kharif     
Uttar Pradesh,KAUSHAMBI,Urad,Kharif     
Uttar Pradesh,KHERI,Urad,Kharif     
Uttar Pradesh,KUSHI NAGAR,Urad,Kharif     
Uttar Pradesh,LALITPUR,Urad,Kharif     
Uttar Pradesh,LUCKNOW,Urad,Kharif     
Uttar Pradesh,MAHARAJGANJ,Urad,Kharif     
Uttar Pradesh,MAHOBA,Urad,Kharif     
Uttar Pradesh,MAINPURI,Urad,Kharif     
Uttar Pradesh,MATHURA,Urad,Kharif     
Uttar Pradesh,MAU,Urad,Kharif     
Uttar Pradesh,MEERUT,Urad,Kharif     
Uttar Pradesh,MIRZAPUR,Urad,Kharif     
Uttar Pradesh,MORADABAD,Urad,Kharif     
Uttar Pradesh,MUZAFFARNAGAR,Urad,Kharif     
Uttar Pradesh,NAINITAL,Urad,Kharif     
Uttar Pradesh,PAURI GARHWAL,Urad,Kharif     
Uttar Pradesh,PILIBHIT,Urad,Kharif     
Uttar Pradesh,PITHORAGARH,Urad,Kharif     
Uttar Pradesh,PRATAPGARH,Urad,Kharif     
Uttar Pradesh,RAE BARELI,Urad,Kharif     
Uttar Pradesh,RAMPUR,Urad,Kharif     
Uttar Pradesh,SAHARANPUR,Urad,Kharif     
Uttar Pradesh,SAMBHAL,Urad,Kharif     
Uttar Pradesh,SANT KABEER NAGAR,Urad,Kharif     
Uttar Pradesh,SANT RAVIDAS NAGAR,Urad,Kharif     
Uttar Pradesh,SHAHJAHANPUR,Urad,Kharif     
Uttar Pradesh,SHAMLI,Urad,Kharif     
Uttar Pradesh,SHRAVASTI,Urad,Kharif     
Uttar Pradesh,SIDDHARTH NAGAR,Urad,Kharif     
Uttar Pradesh,SITAPUR,Urad,Kharif     
Uttar Pradesh,SONBHADRA,Urad,Kharif     
Uttar Pradesh,SULTANPUR,Urad,Kharif     
Uttar Pradesh,TEHRI GARHWAL,Urad,Kharif     
Uttar Pradesh,UDAM SINGH NAGAR,Urad,Kharif     
Uttar Pradesh,UNNAO,Urad,Kharif     
Uttar Pradesh,UTTAR KASHI,Urad,Kharif     
Uttar Pradesh,VARANASI,Urad,Kharif     
Uttar Pradesh,AGRA,Wheat,Rabi       
Uttar Pradesh,ALIGARH,Wheat,Rabi       
Uttar Pradesh,ALLAHABAD,Wheat,Rabi       
Uttar Pradesh,ALMORA,Wheat,Rabi       
Uttar Pradesh,AMBEDKAR NAGAR,Wheat,Rabi       
Uttar Pradesh,AMETHI,Wheat,Rabi       
Uttar Pradesh,AMROHA,Wheat,Rabi       
Uttar Pradesh,AURAIYA,Wheat,Rabi       
Uttar Pradesh,AZAMGARH,Wheat,Rabi       
Uttar Pradesh,BAGESHWAR,Wheat,Rabi       
Uttar Pradesh,BAGHPAT,Wheat,Rabi       
Uttar Pradesh,BAHRAICH,Wheat,Rabi       
Uttar Pradesh,BALLIA,Wheat,Rabi       
Uttar Pradesh,BALRAMPUR,Wheat,Rabi       
Uttar Pradesh,BANDA,Wheat,Rabi       
Uttar Pradesh,BARABANKI,Wheat,Rabi       
Uttar Pradesh,BAREILLY,Wheat,Rabi       
Uttar Pradesh,BASTI,Wheat,Rabi       
Uttar Pradesh,BIJNOR,Wheat,Rabi       
Uttar Pradesh,BUDAUN,Wheat,Rabi       
Uttar Pradesh,BULANDSHAHR,Wheat,Rabi       
Uttar Pradesh,CHAMOLI,Wheat,Rabi       
Uttar Pradesh,CHAMPAWAT,Wheat,Rabi       
Uttar Pradesh,CHANDAULI,Wheat,Rabi       
Uttar Pradesh,CHITRAKOOT,Wheat,Rabi       
Uttar Pradesh,DEHRADUN,Wheat,Rabi       
Uttar Pradesh,DEORIA,Wheat,Rabi       
Uttar Pradesh,ETAH,Wheat,Rabi       
Uttar Pradesh,ETAWAH,Wheat,Rabi       
Uttar Pradesh,FAIZABAD,Wheat,Rabi       
Uttar Pradesh,FARRUKHABAD,Wheat,Rabi       
Uttar Pradesh,FATEHPUR,Wheat,Rabi       
Uttar Pradesh,FIROZABAD,Wheat,Rabi       
Uttar Pradesh,GAUTAM BUDDHA NAGAR,Wheat,Rabi       
Uttar Pradesh,GHAZIABAD,Wheat,Rabi       
Uttar Pradesh,GHAZIPUR,Wheat,Rabi       
Uttar Pradesh,GONDA,Wheat,Rabi       
Uttar Pradesh,GORAKHPUR,Wheat,Rabi       
Uttar Pradesh,HAMIRPUR,Wheat,Rabi       
Uttar Pradesh,HAPUR,Wheat,Rabi       
Uttar Pradesh,HARDOI,Wheat,Rabi       
Uttar Pradesh,HARIDWAR,Wheat,Rabi       
Uttar Pradesh,HATHRAS,Wheat,Rabi       
Uttar Pradesh,JALAUN,Wheat,Rabi       
Uttar Pradesh,JAUNPUR,Wheat,Rabi       
Uttar Pradesh,JHANSI,Wheat,Rabi       
Uttar Pradesh,KANNAUJ,Wheat,Rabi       
Uttar Pradesh,KANPUR DEHAT,Wheat,Rabi       
Uttar Pradesh,KANPUR NAGAR,Wheat,Rabi       
Uttar Pradesh,KASGANJ,Wheat,Rabi       
Uttar Pradesh,KAUSHAMBI,Wheat,Rabi       
Uttar Pradesh,KHERI,Wheat,Rabi       
Uttar Pradesh,KUSHI NAGAR,Wheat,Rabi       
Uttar Pradesh,LALITPUR,Wheat,Rabi       
Uttar Pradesh,LUCKNOW,Wheat,Rabi       
Uttar Pradesh,MAHARAJGANJ,Wheat,Rabi       
Uttar Pradesh,MAHOBA,Wheat,Rabi       
Uttar Pradesh,MAINPURI,Wheat,Rabi       
Uttar Pradesh,MATHURA,Wheat,Rabi       
Uttar Pradesh,MAU,Wheat,Rabi       
Uttar Pradesh,MEERUT,Wheat,Rabi       
Uttar Pradesh,MIRZAPUR,Wheat,Rabi       
Uttar Pradesh,MORADABAD,Wheat,Rabi       
Uttar Pradesh,MUZAFFARNAGAR,Wheat,Rabi       
Uttar Pradesh,NAINITAL,Wheat,Rabi       
Uttar Pradesh,PAURI GARHWAL,Wheat,Rabi       
Uttar Pradesh,PILIBHIT,Wheat,Rabi       
Uttar Pradesh,PITHORAGARH,Wheat,Rabi       
Uttar Pradesh,PRATAPGARH,Wheat,Rabi       
Uttar Pradesh,RAE BARELI,Wheat,Rabi       
Uttar Pradesh,RAMPUR,Wheat,Rabi       
Uttar Pradesh,RUDRA PRAYAG,Wheat,Rabi       
Uttar Pradesh,SAHARANPUR,Wheat,Rabi       
Uttar Pradesh,SAMBHAL,Wheat,Rabi       
Uttar Pradesh,SANT KABEER NAGAR,Wheat,Rabi       
Uttar Pradesh,SANT RAVIDAS NAGAR,Wheat,Rabi       
Uttar Pradesh,SHAHJAHANPUR,Wheat,Rabi       
Uttar Pradesh,SHAMLI,Wheat,Rabi       
Uttar Pradesh,SHRAVASTI,Wheat,Rabi       
Uttar Pradesh,SIDDHARTH NAGAR,Wheat,Rabi       
Uttar Pradesh,SITAPUR,Wheat,Rabi       
Uttar Pradesh,SONBHADRA,Wheat,Rabi       
Uttar Pradesh,SULTANPUR,Wheat,Rabi       
Uttar Pradesh,TEHRI GARHWAL,Wheat,Rabi       
Uttar Pradesh,UDAM SINGH NAGAR,Wheat,Rabi       
Uttar Pradesh,UNNAO,Wheat,Rabi       
Uttar Pradesh,UTTAR KASHI,Wheat,Rabi       
Uttar Pradesh,VARANASI,Wheat,Rabi       
Uttarakhand,ALMORA,Arhar/Tur,Kharif     
Uttarakhand,BAGESHWAR,Arhar/Tur,Kharif     
Uttarakhand,CHAMOLI,Arhar/Tur,Kharif     
Uttarakhand,CHAMPAWAT,Arhar/Tur,Kharif     
Uttarakhand,DEHRADUN,Arhar/Tur,Kharif     
Uttarakhand,HARIDWAR,Arhar/Tur,Kharif     
Uttarakhand,NAINITAL,Arhar/Tur,Kharif     
Uttarakhand,PAURI GARHWAL,Arhar/Tur,Kharif     
Uttarakhand,PITHORAGARH,Arhar/Tur,Kharif     
Uttarakhand,RUDRA PRAYAG,Arhar/Tur,Kharif     
Uttarakhand,TEHRI GARHWAL,Arhar/Tur,Kharif     
Uttarakhand,UDAM SINGH NAGAR,Arhar/Tur,Kharif     
Uttarakhand,UTTAR KASHI,Arhar/Tur,Kharif     
Uttarakhand,BAGESHWAR,Bajra,Kharif     
Uttarakhand,CHAMPAWAT,Bajra,Kharif     
Uttarakhand,DEHRADUN,Bajra,Kharif     
Uttarakhand,HARIDWAR,Bajra,Kharif     
Uttarakhand,NAINITAL,Bajra,Kharif     
Uttarakhand,PAURI GARHWAL,Bajra,Kharif     
Uttarakhand,UDAM SINGH NAGAR,Bajra,Kharif     
Uttarakhand,ALMORA,Barley,Rabi       
Uttarakhand,BAGESHWAR,Barley,Rabi       
Uttarakhand,CHAMOLI,Barley,Rabi       
Uttarakhand,CHAMPAWAT,Barley,Rabi       
Uttarakhand,DEHRADUN,Barley,Rabi       
Uttarakhand,HARIDWAR,Barley,Rabi       
Uttarakhand,NAINITAL,Barley,Rabi       
Uttarakhand,PAURI GARHWAL,Barley,Rabi       
Uttarakhand,PITHORAGARH,Barley,Rabi       
Uttarakhand,RUDRA PRAYAG,Barley,Rabi       
Uttarakhand,TEHRI GARHWAL,Barley,Rabi       
Uttarakhand,UDAM SINGH NAGAR,Barley,Rabi       
Uttarakhand,UTTAR KASHI,Barley,Rabi       
Uttarakhand,ALMORA,Dry chillies,Kharif     
Uttarakhand,BAGESHWAR,Dry chillies,Kharif     
Uttarakhand,CHAMOLI,Dry chillies,Kharif     
Uttarakhand,CHAMPAWAT,Dry chillies,Kharif     
Uttarakhand,DEHRADUN,Dry chillies,Kharif     
Uttarakhand,HARIDWAR,Dry chillies,Kharif     
Uttarakhand,NAINITAL,Dry chillies,Kharif     
Uttarakhand,PAURI GARHWAL,Dry chillies,Kharif     
Uttarakhand,PITHORAGARH,Dry chillies,Kharif     
Uttarakhand,RUDRA PRAYAG,Dry chillies,Kharif     
Uttarakhand,TEHRI GARHWAL,Dry chillies,Kharif     
Uttarakhand,UTTAR KASHI,Dry chillies,Kharif     
Uttarakhand,ALMORA,Garlic,Whole Year 
Uttarakhand,BAGESHWAR,Garlic,Whole Year 
Uttarakhand,CHAMOLI,Garlic,Whole Year 
Uttarakhand,CHAMPAWAT,Garlic,Whole Year 
Uttarakhand,DEHRADUN,Garlic,Whole Year 
Uttarakhand,HARIDWAR,Garlic,Whole Year 
Uttarakhand,NAINITAL,Garlic,Whole Year 
Uttarakhand,PAURI GARHWAL,Garlic,Whole Year 
Uttarakhand,PITHORAGARH,Garlic,Whole Year 
Uttarakhand,RUDRA PRAYAG,Garlic,Whole Year 
Uttarakhand,TEHRI GARHWAL,Garlic,Whole Year 
Uttarakhand,UDAM SINGH NAGAR,Garlic,Whole Year 
Uttarakhand,UTTAR KASHI,Garlic,Whole Year 
Uttarakhand,ALMORA,Gram,Rabi       
Uttarakhand,BAGESHWAR,Gram,Rabi       
Uttarakhand,CHAMOLI,Gram,Rabi       
Uttarakhand,CHAMPAWAT,Gram,Rabi       
Uttarakhand,DEHRADUN,Gram,Rabi       
Uttarakhand,HARIDWAR,Gram,Rabi       
Uttarakhand,NAINITAL,Gram,Rabi       
Uttarakhand,PAURI GARHWAL,Gram,Rabi       
Uttarakhand,PITHORAGARH,Gram,Rabi       
Uttarakhand,RUDRA PRAYAG,Gram,Rabi       
Uttarakhand,TEHRI GARHWAL,Gram,Rabi       
Uttarakhand,UDAM SINGH NAGAR,Gram,Rabi       
Uttarakhand,UTTAR KASHI,Gram,Rabi       
Uttarakhand,ALMORA,Groundnut,Kharif     
Uttarakhand,BAGESHWAR,Groundnut,Kharif     
Uttarakhand,CHAMPAWAT,Groundnut,Kharif     
Uttarakhand,DEHRADUN,Groundnut,Kharif     
Uttarakhand,HARIDWAR,Groundnut,Kharif     
Uttarakhand,NAINITAL,Groundnut,Kharif     
Uttarakhand,PAURI GARHWAL,Groundnut,Kharif     
Uttarakhand,PITHORAGARH,Groundnut,Kharif     
Uttarakhand,UDAM SINGH NAGAR,Groundnut,Kharif     
Uttarakhand,ALMORA,Horse-gram,Kharif     
Uttarakhand,BAGESHWAR,Horse-gram,Kharif     
Uttarakhand,CHAMOLI,Horse-gram,Kharif     
Uttarakhand,CHAMPAWAT,Horse-gram,Kharif     
Uttarakhand,DEHRADUN,Horse-gram,Kharif     
Uttarakhand,NAINITAL,Horse-gram,Kharif     
Uttarakhand,PAURI GARHWAL,Horse-gram,Kharif     
Uttarakhand,PITHORAGARH,Horse-gram,Kharif     
Uttarakhand,RUDRA PRAYAG,Horse-gram,Kharif     
Uttarakhand,TEHRI GARHWAL,Horse-gram,Kharif     
Uttarakhand,UTTAR KASHI,Horse-gram,Kharif     
Uttarakhand,DEHRADUN,Jowar,Kharif     
Uttarakhand,HARIDWAR,Jowar,Kharif     
Uttarakhand,CHAMPAWAT,Linseed,Rabi       
Uttarakhand,DEHRADUN,Linseed,Rabi       
Uttarakhand,HARIDWAR,Linseed,Rabi       
Uttarakhand,NAINITAL,Linseed,Rabi       
Uttarakhand,UDAM SINGH NAGAR,Linseed,Rabi       
Uttarakhand,ALMORA,Maize,Kharif     
Uttarakhand,BAGESHWAR,Maize,Kharif     
Uttarakhand,CHAMOLI,Maize,Kharif     
Uttarakhand,CHAMPAWAT,Maize,Kharif     
Uttarakhand,DEHRADUN,Maize,Kharif     
Uttarakhand,HARIDWAR,Maize,Kharif     
Uttarakhand,NAINITAL,Maize,Kharif     
Uttarakhand,PAURI GARHWAL,Maize,Kharif     
Uttarakhand,PITHORAGARH,Maize,Kharif     
Uttarakhand,RUDRA PRAYAG,Maize,Kharif     
Uttarakhand,TEHRI GARHWAL,Maize,Kharif     
Uttarakhand,UDAM SINGH NAGAR,Maize,Kharif     
Uttarakhand,UTTAR KASHI,Maize,Kharif     
Uttarakhand,ALMORA,Masoor,Rabi       
Uttarakhand,BAGESHWAR,Masoor,Rabi       
Uttarakhand,CHAMOLI,Masoor,Rabi       
Uttarakhand,CHAMPAWAT,Masoor,Rabi       
Uttarakhand,DEHRADUN,Masoor,Rabi       
Uttarakhand,HARIDWAR,Masoor,Rabi       
Uttarakhand,NAINITAL,Masoor,Rabi       
Uttarakhand,PAURI GARHWAL,Masoor,Rabi       
Uttarakhand,PITHORAGARH,Masoor,Rabi       
Uttarakhand,RUDRA PRAYAG,Masoor,Rabi       
Uttarakhand,TEHRI GARHWAL,Masoor,Rabi       
Uttarakhand,UDAM SINGH NAGAR,Masoor,Rabi       
Uttarakhand,UTTAR KASHI,Masoor,Rabi       
Uttarakhand,CHAMPAWAT,Moong(Green Gram),Kharif     
Uttarakhand,DEHRADUN,Moong(Green Gram),Kharif     
Uttarakhand,HARIDWAR,Moong(Green Gram),Kharif     
Uttarakhand,NAINITAL,Moong(Green Gram),Rabi       
Uttarakhand,UDAM SINGH NAGAR,Moong(Green Gram),Kharif     
Uttarakhand,CHAMPAWAT,Moth,Kharif     
Uttarakhand,DEHRADUN,Moth,Kharif     
Uttarakhand,NAINITAL,Moth,Kharif     
Uttarakhand,UDAM SINGH NAGAR,Moth,Kharif     
Uttarakhand,ALMORA,Moth,Rabi       
Uttarakhand,BAGESHWAR,Moth,Rabi       
Uttarakhand,CHAMOLI,Moth,Rabi       
Uttarakhand,HARIDWAR,Moth,Rabi       
Uttarakhand,PAURI GARHWAL,Moth,Rabi       
Uttarakhand,PITHORAGARH,Moth,Rabi       
Uttarakhand,RUDRA PRAYAG,Moth,Rabi       
Uttarakhand,TEHRI GARHWAL,Moth,Rabi       
Uttarakhand,UTTAR KASHI,Moth,Rabi       
Uttarakhand,ALMORA,Onion,Whole Year 
Uttarakhand,BAGESHWAR,Onion,Whole Year 
Uttarakhand,CHAMOLI,Onion,Whole Year 
Uttarakhand,CHAMPAWAT,Onion,Whole Year 
Uttarakhand,DEHRADUN,Onion,Whole Year 
Uttarakhand,HARIDWAR,Onion,Whole Year 
Uttarakhand,NAINITAL,Onion,Whole Year 
Uttarakhand,PAURI GARHWAL,Onion,Whole Year 
Uttarakhand,PITHORAGARH,Onion,Whole Year 
Uttarakhand,RUDRA PRAYAG,Onion,Whole Year 
Uttarakhand,TEHRI GARHWAL,Onion,Whole Year 
Uttarakhand,UDAM SINGH NAGAR,Onion,Whole Year 
Uttarakhand,UTTAR KASHI,Onion,Whole Year 
Uttarakhand,ALMORA,Other  Rabi pulses,Rabi       
Uttarakhand,BAGESHWAR,Other  Rabi pulses,Rabi       
Uttarakhand,CHAMOLI,Other  Rabi pulses,Rabi       
Uttarakhand,CHAMPAWAT,Other  Rabi pulses,Rabi       
Uttarakhand,DEHRADUN,Other  Rabi pulses,Rabi       
Uttarakhand,HARIDWAR,Other  Rabi pulses,Rabi       
Uttarakhand,NAINITAL,Other  Rabi pulses,Rabi       
Uttarakhand,PAURI GARHWAL,Other  Rabi pulses,Rabi       
Uttarakhand,PITHORAGARH,Other  Rabi pulses,Rabi       
Uttarakhand,RUDRA PRAYAG,Other  Rabi pulses,Rabi       
Uttarakhand,TEHRI GARHWAL,Other  Rabi pulses,Rabi       
Uttarakhand,UDAM SINGH NAGAR,Other  Rabi pulses,Rabi       
Uttarakhand,UTTAR KASHI,Other  Rabi pulses,Rabi       
Uttarakhand,ALMORA,Other Cereals,Kharif     
Uttarakhand,BAGESHWAR,Other Cereals,Kharif     
Uttarakhand,CHAMOLI,Other Cereals,Kharif     
Uttarakhand,CHAMPAWAT,Other Cereals,Kharif     
Uttarakhand,DEHRADUN,Other Cereals,Kharif     
Uttarakhand,HARIDWAR,Other Cereals,Rabi       
Uttarakhand,NAINITAL,Other Cereals,Kharif     
Uttarakhand,PAURI GARHWAL,Other Cereals,Kharif     
Uttarakhand,PITHORAGARH,Other Cereals,Kharif     
Uttarakhand,RUDRA PRAYAG,Other Cereals,Kharif     
Uttarakhand,TEHRI GARHWAL,Other Cereals,Kharif     
Uttarakhand,UDAM SINGH NAGAR,Other Cereals,Rabi       
Uttarakhand,UTTAR KASHI,Other Cereals,Kharif     
Uttarakhand,ALMORA,Other Kharif pulses,Kharif     
Uttarakhand,BAGESHWAR,Other Kharif pulses,Kharif     
Uttarakhand,CHAMOLI,Other Kharif pulses,Kharif     
Uttarakhand,CHAMPAWAT,Other Kharif pulses,Kharif     
Uttarakhand,DEHRADUN,Other Kharif pulses,Kharif     
Uttarakhand,HARIDWAR,Other Kharif pulses,Kharif     
Uttarakhand,NAINITAL,Other Kharif pulses,Kharif     
Uttarakhand,PAURI GARHWAL,Other Kharif pulses,Kharif     
Uttarakhand,PITHORAGARH,Other Kharif pulses,Kharif     
Uttarakhand,RUDRA PRAYAG,Other Kharif pulses,Kharif     
Uttarakhand,TEHRI GARHWAL,Other Kharif pulses,Kharif     
Uttarakhand,UDAM SINGH NAGAR,Other Kharif pulses,Kharif     
Uttarakhand,UTTAR KASHI,Other Kharif pulses,Kharif     
Uttarakhand,ALMORA,other oilseeds,Rabi       
Uttarakhand,BAGESHWAR,other oilseeds,Rabi       
Uttarakhand,CHAMOLI,other oilseeds,Rabi       
Uttarakhand,CHAMPAWAT,other oilseeds,Rabi       
Uttarakhand,DEHRADUN,other oilseeds,Rabi       
Uttarakhand,HARIDWAR,other oilseeds,Rabi       
Uttarakhand,NAINITAL,other oilseeds,Rabi       
Uttarakhand,PAURI GARHWAL,other oilseeds,Kharif     
Uttarakhand,PITHORAGARH,other oilseeds,Rabi       
Uttarakhand,RUDRA PRAYAG,other oilseeds,Rabi       
Uttarakhand,TEHRI GARHWAL,other oilseeds,Rabi       
Uttarakhand,UDAM SINGH NAGAR,other oilseeds,Rabi       
Uttarakhand,UTTAR KASHI,other oilseeds,Rabi       
Uttarakhand,HARIDWAR,Other Summer Pulses,Summer     
Uttarakhand,UDAM SINGH NAGAR,Other Summer Pulses,Summer     
Uttarakhand,ALMORA,Peas & beans (Pulses),Rabi       
Uttarakhand,BAGESHWAR,Peas & beans (Pulses),Rabi       
Uttarakhand,CHAMOLI,Peas & beans (Pulses),Rabi       
Uttarakhand,CHAMPAWAT,Peas & beans (Pulses),Rabi       
Uttarakhand,DEHRADUN,Peas & beans (Pulses),Rabi       
Uttarakhand,HARIDWAR,Peas & beans (Pulses),Rabi       
Uttarakhand,NAINITAL,Peas & beans (Pulses),Rabi       
Uttarakhand,PAURI GARHWAL,Peas & beans (Pulses),Rabi       
Uttarakhand,PITHORAGARH,Peas & beans (Pulses),Rabi       
Uttarakhand,RUDRA PRAYAG,Peas & beans (Pulses),Rabi       
Uttarakhand,TEHRI GARHWAL,Peas & beans (Pulses),Rabi       
Uttarakhand,UDAM SINGH NAGAR,Peas & beans (Pulses),Rabi       
Uttarakhand,UTTAR KASHI,Peas & beans (Pulses),Rabi       
Uttarakhand,ALMORA,Potato,Kharif     
Uttarakhand,BAGESHWAR,Potato,Rabi       
Uttarakhand,CHAMOLI,Potato,Kharif     
Uttarakhand,CHAMPAWAT,Potato,Kharif     
Uttarakhand,DEHRADUN,Potato,Kharif     
Uttarakhand,HARIDWAR,Potato,Rabi       
Uttarakhand,NAINITAL,Potato,Kharif     
Uttarakhand,PAURI GARHWAL,Potato,Kharif     
Uttarakhand,PITHORAGARH,Potato,Rabi       
Uttarakhand,RUDRA PRAYAG,Potato,Kharif     
Uttarakhand,TEHRI GARHWAL,Potato,Kharif     
Uttarakhand,UDAM SINGH NAGAR,Potato,Rabi       
Uttarakhand,UTTAR KASHI,Potato,Kharif     
Uttarakhand,ALMORA,Ragi,Kharif     
Uttarakhand,BAGESHWAR,Ragi,Kharif     
Uttarakhand,CHAMOLI,Ragi,Kharif     
Uttarakhand,CHAMPAWAT,Ragi,Kharif     
Uttarakhand,DEHRADUN,Ragi,Kharif     
Uttarakhand,NAINITAL,Ragi,Kharif     
Uttarakhand,PAURI GARHWAL,Ragi,Kharif     
Uttarakhand,PITHORAGARH,Ragi,Kharif     
Uttarakhand,RUDRA PRAYAG,Ragi,Kharif     
Uttarakhand,TEHRI GARHWAL,Ragi,Kharif     
Uttarakhand,UDAM SINGH NAGAR,Ragi,Kharif     
Uttarakhand,UTTAR KASHI,Ragi,Kharif     
Uttarakhand,ALMORA,Rapeseed &Mustard,Rabi       
Uttarakhand,BAGESHWAR,Rapeseed &Mustard,Rabi       
Uttarakhand,CHAMOLI,Rapeseed &Mustard,Rabi       
Uttarakhand,CHAMPAWAT,Rapeseed &Mustard,Rabi       
Uttarakhand,DEHRADUN,Rapeseed &Mustard,Rabi       
Uttarakhand,HARIDWAR,Rapeseed &Mustard,Rabi       
Uttarakhand,NAINITAL,Rapeseed &Mustard,Rabi       
Uttarakhand,PAURI GARHWAL,Rapeseed &Mustard,Rabi       
Uttarakhand,PITHORAGARH,Rapeseed &Mustard,Rabi       
Uttarakhand,RUDRA PRAYAG,Rapeseed &Mustard,Rabi       
Uttarakhand,TEHRI GARHWAL,Rapeseed &Mustard,Rabi       
Uttarakhand,UDAM SINGH NAGAR,Rapeseed &Mustard,Rabi       
Uttarakhand,UTTAR KASHI,Rapeseed &Mustard,Rabi       
Uttarakhand,ALMORA,Rice,Kharif     
Uttarakhand,BAGESHWAR,Rice,Kharif     
Uttarakhand,CHAMOLI,Rice,Kharif     
Uttarakhand,CHAMPAWAT,Rice,Kharif     
Uttarakhand,DEHRADUN,Rice,Kharif     
Uttarakhand,HARIDWAR,Rice,Kharif     
Uttarakhand,NAINITAL,Rice,Kharif     
Uttarakhand,PAURI GARHWAL,Rice,Kharif     
Uttarakhand,PITHORAGARH,Rice,Kharif     
Uttarakhand,RUDRA PRAYAG,Rice,Kharif     
Uttarakhand,TEHRI GARHWAL,Rice,Kharif     
Uttarakhand,UDAM SINGH NAGAR,Rice,Kharif     
Uttarakhand,UTTAR KASHI,Rice,Kharif     
Uttarakhand,UDAM SINGH NAGAR,Sannhamp,Whole Year 
Uttarakhand,ALMORA,Sesamum,Kharif     
Uttarakhand,BAGESHWAR,Sesamum,Kharif     
Uttarakhand,CHAMOLI,Sesamum,Kharif     
Uttarakhand,CHAMPAWAT,Sesamum,Kharif     
Uttarakhand,DEHRADUN,Sesamum,Kharif     
Uttarakhand,HARIDWAR,Sesamum,Kharif     
Uttarakhand,NAINITAL,Sesamum,Kharif     
Uttarakhand,PAURI GARHWAL,Sesamum,Kharif     
Uttarakhand,PITHORAGARH,Sesamum,Kharif     
Uttarakhand,RUDRA PRAYAG,Sesamum,Kharif     
Uttarakhand,TEHRI GARHWAL,Sesamum,Kharif     
Uttarakhand,UDAM SINGH NAGAR,Sesamum,Kharif     
Uttarakhand,UTTAR KASHI,Sesamum,Kharif     
Uttarakhand,ALMORA,Small millets,Kharif     
Uttarakhand,BAGESHWAR,Small millets,Kharif     
Uttarakhand,CHAMOLI,Small millets,Kharif     
Uttarakhand,CHAMPAWAT,Small millets,Kharif     
Uttarakhand,DEHRADUN,Small millets,Kharif     
Uttarakhand,NAINITAL,Small millets,Kharif     
Uttarakhand,PAURI GARHWAL,Small millets,Kharif     
Uttarakhand,PITHORAGARH,Small millets,Kharif     
Uttarakhand,RUDRA PRAYAG,Small millets,Kharif     
Uttarakhand,TEHRI GARHWAL,Small millets,Kharif     
Uttarakhand,UTTAR KASHI,Small millets,Kharif     
Uttarakhand,ALMORA,Soyabean,Kharif     
Uttarakhand,BAGESHWAR,Soyabean,Kharif     
Uttarakhand,CHAMOLI,Soyabean,Kharif     
Uttarakhand,CHAMPAWAT,Soyabean,Kharif     
Uttarakhand,DEHRADUN,Soyabean,Kharif     
Uttarakhand,HARIDWAR,Soyabean,Kharif     
Uttarakhand,NAINITAL,Soyabean,Kharif     
Uttarakhand,PAURI GARHWAL,Soyabean,Kharif     
Uttarakhand,PITHORAGARH,Soyabean,Kharif     
Uttarakhand,RUDRA PRAYAG,Soyabean,Kharif     
Uttarakhand,TEHRI GARHWAL,Soyabean,Kharif     
Uttarakhand,UDAM SINGH NAGAR,Soyabean,Kharif     
Uttarakhand,UTTAR KASHI,Soyabean,Kharif     
Uttarakhand,CHAMOLI,Sugarcane,Whole Year 
Uttarakhand,CHAMPAWAT,Sugarcane,Whole Year 
Uttarakhand,DEHRADUN,Sugarcane,Whole Year 
Uttarakhand,HARIDWAR,Sugarcane,Whole Year 
Uttarakhand,NAINITAL,Sugarcane,Whole Year 
Uttarakhand,PAURI GARHWAL,Sugarcane,Whole Year 
Uttarakhand,UDAM SINGH NAGAR,Sugarcane,Whole Year 
Uttarakhand,UTTAR KASHI,Sugarcane,Whole Year 
Uttarakhand,ALMORA,Sunflower,Kharif     
Uttarakhand,BAGESHWAR,Sunflower,Kharif     
Uttarakhand,CHAMOLI,Sunflower,Kharif     
Uttarakhand,DEHRADUN,Sunflower,Kharif     
Uttarakhand,HARIDWAR,Sunflower,Kharif     
Uttarakhand,NAINITAL,Sunflower,Kharif     
Uttarakhand,PAURI GARHWAL,Sunflower,Kharif     
Uttarakhand,PITHORAGARH,Sunflower,Kharif     
Uttarakhand,TEHRI GARHWAL,Sunflower,Kharif     
Uttarakhand,UDAM SINGH NAGAR,Sunflower,Kharif     
Uttarakhand,UTTAR KASHI,Sunflower,Kharif     
Uttarakhand,ALMORA,Tobacco,Whole Year 
Uttarakhand,BAGESHWAR,Tobacco,Whole Year 
Uttarakhand,CHAMOLI,Tobacco,Whole Year 
Uttarakhand,CHAMPAWAT,Tobacco,Whole Year 
Uttarakhand,DEHRADUN,Tobacco,Whole Year 
Uttarakhand,HARIDWAR,Tobacco,Whole Year 
Uttarakhand,NAINITAL,Tobacco,Whole Year 
Uttarakhand,PAURI GARHWAL,Tobacco,Whole Year 
Uttarakhand,PITHORAGARH,Tobacco,Whole Year 
Uttarakhand,TEHRI GARHWAL,Tobacco,Whole Year 
Uttarakhand,UDAM SINGH NAGAR,Tobacco,Whole Year 
Uttarakhand,UTTAR KASHI,Tobacco,Whole Year 
Uttarakhand,ALMORA,Turmeric,Whole Year 
Uttarakhand,BAGESHWAR,Turmeric,Whole Year 
Uttarakhand,CHAMOLI,Turmeric,Whole Year 
Uttarakhand,CHAMPAWAT,Turmeric,Whole Year 
Uttarakhand,DEHRADUN,Turmeric,Whole Year 
Uttarakhand,HARIDWAR,Turmeric,Whole Year 
Uttarakhand,NAINITAL,Turmeric,Whole Year 
Uttarakhand,PAURI GARHWAL,Turmeric,Whole Year 
Uttarakhand,PITHORAGARH,Turmeric,Whole Year 
Uttarakhand,RUDRA PRAYAG,Turmeric,Whole Year 
Uttarakhand,TEHRI GARHWAL,Turmeric,Whole Year 
Uttarakhand,UDAM SINGH NAGAR,Turmeric,Whole Year 
Uttarakhand,UTTAR KASHI,Turmeric,Whole Year 
Uttarakhand,ALMORA,Urad,Kharif     
Uttarakhand,BAGESHWAR,Urad,Kharif     
Uttarakhand,CHAMOLI,Urad,Kharif     
Uttarakhand,CHAMPAWAT,Urad,Kharif     
Uttarakhand,DEHRADUN,Urad,Kharif     
Uttarakhand,HARIDWAR,Urad,Kharif     
Uttarakhand,NAINITAL,Urad,Kharif     
Uttarakhand,PAURI GARHWAL,Urad,Kharif     
Uttarakhand,PITHORAGARH,Urad,Kharif     
Uttarakhand,RUDRA PRAYAG,Urad,Kharif     
Uttarakhand,TEHRI GARHWAL,Urad,Kharif     
Uttarakhand,UDAM SINGH NAGAR,Urad,Kharif     
Uttarakhand,UTTAR KASHI,Urad,Kharif     
Uttarakhand,ALMORA,Wheat,Rabi       
Uttarakhand,BAGESHWAR,Wheat,Rabi       
Uttarakhand,CHAMOLI,Wheat,Rabi       
Uttarakhand,CHAMPAWAT,Wheat,Rabi       
Uttarakhand,DEHRADUN,Wheat,Rabi       
Uttarakhand,HARIDWAR,Wheat,Rabi       
Uttarakhand,NAINITAL,Wheat,Rabi       
Uttarakhand,PAURI GARHWAL,Wheat,Rabi       
Uttarakhand,PITHORAGARH,Wheat,Rabi       
Uttarakhand,RUDRA PRAYAG,Wheat,Rabi       
Uttarakhand,TEHRI GARHWAL,Wheat,Rabi       
Uttarakhand,UDAM SINGH NAGAR,Wheat,Rabi       
Uttarakhand,UTTAR KASHI,Wheat,Rabi       
West Bengal,PARAGANAS NORTH,Arecanut,Whole Year 
West Bengal,PARAGANAS SOUTH,Arecanut,Whole Year 
West Bengal,BANKURA,Arecanut,Whole Year 
West Bengal,BIRBHUM,Arecanut,Whole Year 
West Bengal,COOCHBEHAR,Arecanut,Whole Year 
West Bengal,DARJEELING,Arecanut,Whole Year 
West Bengal,DINAJPUR DAKSHIN,Arecanut,Whole Year 
West Bengal,DINAJPUR UTTAR,Arecanut,Whole Year 
West Bengal,HOOGHLY,Arecanut,Whole Year 
West Bengal,HOWRAH,Arecanut,Whole Year 
West Bengal,JALPAIGURI,Arecanut,Whole Year 
West Bengal,MALDAH,Arecanut,Whole Year 
West Bengal,MEDINIPUR EAST,Arecanut,Whole Year 
West Bengal,MEDINIPUR WEST,Arecanut,Whole Year 
West Bengal,MURSHIDABAD,Arecanut,Whole Year 
West Bengal,NADIA,Arecanut,Whole Year 
West Bengal,PURBA BARDHAMAN,Arecanut,Whole Year 
West Bengal,PURULIA,Arecanut,Whole Year 
West Bengal,PARAGANAS NORTH,Arhar/Tur,Whole Year 
West Bengal,PARAGANAS SOUTH,Arhar/Tur,Kharif     
West Bengal,ALIPURDUAR,Arhar/Tur,Rabi       
West Bengal,BANKURA,Arhar/Tur,Whole Year 
West Bengal,BIRBHUM,Arhar/Tur,Whole Year 
West Bengal,COOCHBEHAR,Arhar/Tur,Whole Year 
West Bengal,DARJEELING,Arhar/Tur,Kharif     
West Bengal,DINAJPUR DAKSHIN,Arhar/Tur,Whole Year 
West Bengal,DINAJPUR UTTAR,Arhar/Tur,Whole Year 
West Bengal,HOOGHLY,Arhar/Tur,Rabi       
West Bengal,JALPAIGURI,Arhar/Tur,Whole Year 
West Bengal,"JHARGRAM
",Arhar/Tur,Rabi       
West Bengal,"KALIMPONG
",Arhar/Tur,Rabi       
West Bengal,MALDAH,Arhar/Tur,Whole Year 
West Bengal,MEDINIPUR EAST,Arhar/Tur,Rabi       
West Bengal,MEDINIPUR WEST,Arhar/Tur,Whole Year 
West Bengal,MURSHIDABAD,Arhar/Tur,Whole Year 
West Bengal,NADIA,Arhar/Tur,Whole Year 
West Bengal,"PASCHIM BARDHAMAN
",Arhar/Tur,Rabi       
West Bengal,PURBA BARDHAMAN,Arhar/Tur,Whole Year 
West Bengal,PURULIA,Arhar/Tur,Whole Year 
West Bengal,BANKURA,Bajra,Kharif     
West Bengal,BIRBHUM,Bajra,Kharif     
West Bengal,COOCHBEHAR,Bajra,Kharif     
West Bengal,HOOGHLY,Bajra,Kharif     
West Bengal,MEDINIPUR WEST,Bajra,Kharif     
West Bengal,MURSHIDABAD,Bajra,Kharif     
West Bengal,PURBA BARDHAMAN,Bajra,Kharif     
West Bengal,PURULIA,Bajra,Kharif     
West Bengal,PARAGANAS SOUTH,Barley,Rabi       
West Bengal,BANKURA,Barley,Rabi       
West Bengal,BIRBHUM,Barley,Whole Year 
West Bengal,COOCHBEHAR,Barley,Whole Year 
West Bengal,DARJEELING,Barley,Rabi       
West Bengal,DINAJPUR DAKSHIN,Barley,Whole Year 
West Bengal,DINAJPUR UTTAR,Barley,Whole Year 
West Bengal,JALPAIGURI,Barley,Whole Year 
West Bengal,"KALIMPONG
",Barley,Rabi       
West Bengal,MALDAH,Barley,Whole Year 
West Bengal,MEDINIPUR WEST,Barley,Whole Year 
West Bengal,MURSHIDABAD,Barley,Whole Year 
West Bengal,NADIA,Barley,Whole Year 
West Bengal,PURBA BARDHAMAN,Barley,Whole Year 
West Bengal,DARJEELING,Cardamom,Whole Year 
West Bengal,"JHARGRAM
",Castor seed,Kharif     
West Bengal,MEDINIPUR WEST,Castor seed,Whole Year 
West Bengal,PARAGANAS SOUTH,Coconut ,Whole Year 
West Bengal,ALIPURDUAR,Coconut ,Whole Year 
West Bengal,BANKURA,Coconut ,Whole Year 
West Bengal,BIRBHUM,Coconut ,Whole Year 
West Bengal,COOCHBEHAR,Coconut ,Whole Year 
West Bengal,DARJEELING,Coconut ,Whole Year 
West Bengal,DINAJPUR DAKSHIN,Coconut ,Whole Year 
West Bengal,DINAJPUR UTTAR,Coconut ,Whole Year 
West Bengal,HOOGHLY,Coconut ,Whole Year 
West Bengal,HOWRAH,Coconut ,Whole Year 
West Bengal,JALPAIGURI,Coconut ,Whole Year 
West Bengal,"JHARGRAM
",Coconut ,Whole Year 
West Bengal,"KALIMPONG
",Coconut ,Whole Year 
West Bengal,MALDAH,Coconut ,Whole Year 
West Bengal,MEDINIPUR EAST,Coconut ,Whole Year 
West Bengal,MEDINIPUR WEST,Coconut ,Whole Year 
West Bengal,MURSHIDABAD,Coconut ,Whole Year 
West Bengal,NADIA,Coconut ,Whole Year 
West Bengal,"PASCHIM BARDHAMAN
",Coconut ,Whole Year 
West Bengal,PURBA BARDHAMAN,Coconut ,Whole Year 
West Bengal,PURULIA,Coconut ,Whole Year 
West Bengal,PARAGANAS NORTH,Cotton(lint),Kharif     
West Bengal,BANKURA,Cotton(lint),Kharif     
West Bengal,BIRBHUM,Cotton(lint),Kharif     
West Bengal,HOWRAH,Cotton(lint),Kharif     
West Bengal,MEDINIPUR EAST,Cotton(lint),Kharif     
West Bengal,MEDINIPUR WEST,Cotton(lint),Kharif     
West Bengal,PURBA BARDHAMAN,Cotton(lint),Kharif     
West Bengal,PURULIA,Cotton(lint),Kharif     
West Bengal,PARAGANAS NORTH,Dry chillies,Whole Year 
West Bengal,BANKURA,Dry chillies,Whole Year 
West Bengal,BIRBHUM,Dry chillies,Whole Year 
West Bengal,COOCHBEHAR,Dry chillies,Whole Year 
West Bengal,DARJEELING,Dry chillies,Whole Year 
West Bengal,DINAJPUR DAKSHIN,Dry chillies,Whole Year 
West Bengal,DINAJPUR UTTAR,Dry chillies,Whole Year 
West Bengal,HOOGHLY,Dry chillies,Whole Year 
West Bengal,HOWRAH,Dry chillies,Whole Year 
West Bengal,JALPAIGURI,Dry chillies,Whole Year 
West Bengal,MALDAH,Dry chillies,Whole Year 
West Bengal,MEDINIPUR EAST,Dry chillies,Whole Year 
West Bengal,MEDINIPUR WEST,Dry chillies,Whole Year 
West Bengal,MURSHIDABAD,Dry chillies,Whole Year 
West Bengal,NADIA,Dry chillies,Whole Year 
West Bengal,PURBA BARDHAMAN,Dry chillies,Whole Year 
West Bengal,PURULIA,Dry chillies,Whole Year 
West Bengal,PARAGANAS NORTH,Garlic,Kharif     
West Bengal,PARAGANAS SOUTH,Garlic,Kharif     
West Bengal,BANKURA,Garlic,Kharif     
West Bengal,BIRBHUM,Garlic,Kharif     
West Bengal,COOCHBEHAR,Garlic,Kharif     
West Bengal,DARJEELING,Garlic,Kharif     
West Bengal,DINAJPUR DAKSHIN,Garlic,Kharif     
West Bengal,DINAJPUR UTTAR,Garlic,Kharif     
West Bengal,HOOGHLY,Garlic,Kharif     
West Bengal,HOWRAH,Garlic,Kharif     
West Bengal,JALPAIGURI,Garlic,Kharif     
West Bengal,MALDAH,Garlic,Kharif     
West Bengal,MEDINIPUR EAST,Garlic,Kharif     
West Bengal,MEDINIPUR WEST,Garlic,Kharif     
West Bengal,MURSHIDABAD,Garlic,Kharif     
West Bengal,NADIA,Garlic,Kharif     
West Bengal,PURBA BARDHAMAN,Garlic,Kharif     
West Bengal,PURULIA,Garlic,Kharif     
West Bengal,PARAGANAS NORTH,Ginger,Kharif     
West Bengal,BANKURA,Ginger,Kharif     
West Bengal,BIRBHUM,Ginger,Kharif     
West Bengal,COOCHBEHAR,Ginger,Kharif     
West Bengal,DARJEELING,Ginger,Kharif     
West Bengal,DINAJPUR DAKSHIN,Ginger,Kharif     
West Bengal,DINAJPUR UTTAR,Ginger,Kharif     
West Bengal,HOOGHLY,Ginger,Kharif     
West Bengal,HOWRAH,Ginger,Kharif     
West Bengal,JALPAIGURI,Ginger,Kharif     
West Bengal,MALDAH,Ginger,Kharif     
West Bengal,MEDINIPUR EAST,Ginger,Kharif     
West Bengal,MEDINIPUR WEST,Ginger,Kharif     
West Bengal,MURSHIDABAD,Ginger,Kharif     
West Bengal,NADIA,Ginger,Kharif     
West Bengal,PURBA BARDHAMAN,Ginger,Kharif     
West Bengal,PURULIA,Ginger,Kharif     
West Bengal,PARAGANAS NORTH,Gram,Rabi       
West Bengal,ALIPURDUAR,Gram,Rabi       
West Bengal,BANKURA,Gram,Rabi       
West Bengal,BIRBHUM,Gram,Rabi       
West Bengal,COOCHBEHAR,Gram,Rabi       
West Bengal,DARJEELING,Gram,Rabi       
West Bengal,DINAJPUR DAKSHIN,Gram,Rabi       
West Bengal,DINAJPUR UTTAR,Gram,Rabi       
West Bengal,HOOGHLY,Gram,Rabi       
West Bengal,HOWRAH,Gram,Rabi       
West Bengal,JALPAIGURI,Gram,Rabi       
West Bengal,"JHARGRAM
",Gram,Rabi       
West Bengal,MALDAH,Gram,Rabi       
West Bengal,MEDINIPUR EAST,Gram,Rabi       
West Bengal,MEDINIPUR WEST,Gram,Rabi       
West Bengal,MURSHIDABAD,Gram,Rabi       
West Bengal,NADIA,Gram,Rabi       
West Bengal,"PASCHIM BARDHAMAN
",Gram,Rabi       
West Bengal,PURBA BARDHAMAN,Gram,Rabi       
West Bengal,PURULIA,Gram,Rabi       
West Bengal,PARAGANAS NORTH,Groundnut,Whole Year 
West Bengal,PARAGANAS SOUTH,Groundnut,Whole Year 
West Bengal,ALIPURDUAR,Groundnut,Autumn     
West Bengal,BANKURA,Groundnut,Whole Year 
West Bengal,BIRBHUM,Groundnut,Whole Year 
West Bengal,COOCHBEHAR,Groundnut,Summer     
West Bengal,DARJEELING,Groundnut,Rabi       
West Bengal,DINAJPUR DAKSHIN,Groundnut,Whole Year 
West Bengal,DINAJPUR UTTAR,Groundnut,Kharif     
West Bengal,HOOGHLY,Groundnut,Whole Year 
West Bengal,HOWRAH,Groundnut,Whole Year 
West Bengal,JALPAIGURI,Groundnut,Whole Year 
West Bengal,"JHARGRAM
",Groundnut,Summer     
West Bengal,MALDAH,Groundnut,Summer     
West Bengal,MEDINIPUR EAST,Groundnut,Whole Year 
West Bengal,MEDINIPUR WEST,Groundnut,Whole Year 
West Bengal,MURSHIDABAD,Groundnut,Whole Year 
West Bengal,NADIA,Groundnut,Whole Year 
West Bengal,"PASCHIM BARDHAMAN
",Groundnut,Rabi       
West Bengal,PURBA BARDHAMAN,Groundnut,Whole Year 
West Bengal,PURULIA,Groundnut,Whole Year 
West Bengal,ALIPURDUAR,Horse-gram,Rabi       
West Bengal,BANKURA,Horse-gram,Kharif     
West Bengal,BIRBHUM,Horse-gram,Kharif     
West Bengal,COOCHBEHAR,Horse-gram,Rabi       
West Bengal,DARJEELING,Horse-gram,Rabi       
West Bengal,DINAJPUR DAKSHIN,Horse-gram,Kharif     
West Bengal,DINAJPUR UTTAR,Horse-gram,Kharif     
West Bengal,HOOGHLY,Horse-gram,Rabi       
West Bengal,JALPAIGURI,Horse-gram,Kharif     
West Bengal,"JHARGRAM
",Horse-gram,Rabi       
West Bengal,MALDAH,Horse-gram,Kharif     
West Bengal,MEDINIPUR WEST,Horse-gram,Kharif     
West Bengal,MURSHIDABAD,Horse-gram,Rabi       
West Bengal,"PASCHIM BARDHAMAN
",Horse-gram,Rabi       
West Bengal,PURBA BARDHAMAN,Horse-gram,Kharif     
West Bengal,PURULIA,Horse-gram,Kharif     
West Bengal,BANKURA,Jowar,Whole Year 
West Bengal,BIRBHUM,Jowar,Whole Year 
West Bengal,HOOGHLY,Jowar,Kharif     
West Bengal,MEDINIPUR WEST,Jowar,Kharif     
West Bengal,MURSHIDABAD,Jowar,Whole Year 
West Bengal,NADIA,Jowar,Kharif     
West Bengal,PURBA BARDHAMAN,Jowar,Whole Year 
West Bengal,PURULIA,Jowar,Whole Year 
West Bengal,PARAGANAS NORTH,Jute,Kharif     
West Bengal,PARAGANAS SOUTH,Jute,Kharif     
West Bengal,ALIPURDUAR,Jute,Kharif     
West Bengal,BANKURA,Jute,Kharif     
West Bengal,BIRBHUM,Jute,Kharif     
West Bengal,COOCHBEHAR,Jute,Kharif     
West Bengal,DARJEELING,Jute,Kharif     
West Bengal,DINAJPUR DAKSHIN,Jute,Kharif     
West Bengal,DINAJPUR UTTAR,Jute,Kharif     
West Bengal,HOOGHLY,Jute,Kharif     
West Bengal,HOWRAH,Jute,Kharif     
West Bengal,JALPAIGURI,Jute,Kharif     
West Bengal,MALDAH,Jute,Kharif     
West Bengal,MEDINIPUR EAST,Jute,Kharif     
West Bengal,MEDINIPUR WEST,Jute,Kharif     
West Bengal,MURSHIDABAD,Jute,Kharif     
West Bengal,NADIA,Jute,Kharif     
West Bengal,"PASCHIM BARDHAMAN
",Jute,Kharif     
West Bengal,PURBA BARDHAMAN,Jute,Kharif     
West Bengal,PURULIA,Jute,Kharif     
West Bengal,PARAGANAS NORTH,Khesari,Rabi       
West Bengal,PARAGANAS SOUTH,Khesari,Rabi       
West Bengal,ALIPURDUAR,Khesari,Rabi       
West Bengal,BANKURA,Khesari,Rabi       
West Bengal,BIRBHUM,Khesari,Rabi       
West Bengal,COOCHBEHAR,Khesari,Rabi       
West Bengal,DARJEELING,Khesari,Rabi       
West Bengal,DINAJPUR DAKSHIN,Khesari,Rabi       
West Bengal,DINAJPUR UTTAR,Khesari,Rabi       
West Bengal,HOOGHLY,Khesari,Rabi       
West Bengal,HOWRAH,Khesari,Rabi       
West Bengal,JALPAIGURI,Khesari,Rabi       
West Bengal,"JHARGRAM
",Khesari,Rabi       
West Bengal,MALDAH,Khesari,Rabi       
West Bengal,MEDINIPUR EAST,Khesari,Rabi       
West Bengal,MEDINIPUR WEST,Khesari,Rabi       
West Bengal,MURSHIDABAD,Khesari,Rabi       
West Bengal,NADIA,Khesari,Rabi       
West Bengal,"PASCHIM BARDHAMAN
",Khesari,Rabi       
West Bengal,PURBA BARDHAMAN,Khesari,Rabi       
West Bengal,PURULIA,Khesari,Rabi       
West Bengal,PARAGANAS NORTH,Linseed,Whole Year 
West Bengal,PARAGANAS SOUTH,Linseed,Rabi       
West Bengal,ALIPURDUAR,Linseed,Rabi       
West Bengal,BANKURA,Linseed,Whole Year 
West Bengal,BIRBHUM,Linseed,Whole Year 
West Bengal,COOCHBEHAR,Linseed,Whole Year 
West Bengal,DARJEELING,Linseed,Whole Year 
West Bengal,DINAJPUR DAKSHIN,Linseed,Rabi       
West Bengal,DINAJPUR UTTAR,Linseed,Whole Year 
West Bengal,HOWRAH,Linseed,Rabi       
West Bengal,JALPAIGURI,Linseed,Whole Year 
West Bengal,MALDAH,Linseed,Whole Year 
West Bengal,MEDINIPUR WEST,Linseed,Whole Year 
West Bengal,MURSHIDABAD,Linseed,Whole Year 
West Bengal,NADIA,Linseed,Whole Year 
West Bengal,PURBA BARDHAMAN,Linseed,Whole Year 
West Bengal,PURULIA,Linseed,Whole Year 
West Bengal,PARAGANAS NORTH,Maize,Whole Year 
West Bengal,PARAGANAS SOUTH,Maize,Kharif     
West Bengal,ALIPURDUAR,Maize,Autumn     
West Bengal,BANKURA,Maize,Whole Year 
West Bengal,BIRBHUM,Maize,Whole Year 
West Bengal,COOCHBEHAR,Maize,Whole Year 
West Bengal,DARJEELING,Maize,Whole Year 
West Bengal,DINAJPUR DAKSHIN,Maize,Whole Year 
West Bengal,DINAJPUR UTTAR,Maize,Kharif     
West Bengal,HOOGHLY,Maize,Kharif     
West Bengal,HOWRAH,Maize,Kharif     
West Bengal,JALPAIGURI,Maize,Whole Year 
West Bengal,"JHARGRAM
",Maize,Autumn     
West Bengal,"KALIMPONG
",Maize,Autumn     
West Bengal,MALDAH,Maize,Whole Year 
West Bengal,MEDINIPUR EAST,Maize,Kharif     
West Bengal,MEDINIPUR WEST,Maize,Whole Year 
West Bengal,MURSHIDABAD,Maize,Whole Year 
West Bengal,NADIA,Maize,Whole Year 
West Bengal,"PASCHIM BARDHAMAN
",Maize,Autumn     
West Bengal,PURBA BARDHAMAN,Maize,Whole Year 
West Bengal,PURULIA,Maize,Whole Year 
West Bengal,PARAGANAS NORTH,Masoor,Rabi       
West Bengal,PARAGANAS SOUTH,Masoor,Rabi       
West Bengal,ALIPURDUAR,Masoor,Rabi       
West Bengal,BANKURA,Masoor,Rabi       
West Bengal,BIRBHUM,Masoor,Rabi       
West Bengal,COOCHBEHAR,Masoor,Rabi       
West Bengal,DARJEELING,Masoor,Rabi       
West Bengal,DINAJPUR DAKSHIN,Masoor,Rabi       
West Bengal,DINAJPUR UTTAR,Masoor,Rabi       
West Bengal,HOOGHLY,Masoor,Rabi       
West Bengal,HOWRAH,Masoor,Rabi       
West Bengal,JALPAIGURI,Masoor,Rabi       
West Bengal,"JHARGRAM
",Masoor,Rabi       
West Bengal,MALDAH,Masoor,Rabi       
West Bengal,MEDINIPUR EAST,Masoor,Rabi       
West Bengal,MEDINIPUR WEST,Masoor,Rabi       
West Bengal,MURSHIDABAD,Masoor,Rabi       
West Bengal,NADIA,Masoor,Rabi       
West Bengal,"PASCHIM BARDHAMAN
",Masoor,Rabi       
West Bengal,PURBA BARDHAMAN,Masoor,Rabi       
West Bengal,PURULIA,Masoor,Rabi       
West Bengal,PARAGANAS NORTH,Mesta,Kharif     
West Bengal,PARAGANAS SOUTH,Mesta,Kharif     
West Bengal,ALIPURDUAR,Mesta,Kharif     
West Bengal,BANKURA,Mesta,Kharif     
West Bengal,BIRBHUM,Mesta,Kharif     
West Bengal,COOCHBEHAR,Mesta,Kharif     
West Bengal,DARJEELING,Mesta,Kharif     
West Bengal,DINAJPUR DAKSHIN,Mesta,Kharif     
West Bengal,DINAJPUR UTTAR,Mesta,Kharif     
West Bengal,HOOGHLY,Mesta,Kharif     
West Bengal,HOWRAH,Mesta,Kharif     
West Bengal,JALPAIGURI,Mesta,Kharif     
West Bengal,"JHARGRAM
",Mesta,Kharif     
West Bengal,MALDAH,Mesta,Kharif     
West Bengal,MEDINIPUR EAST,Mesta,Kharif     
West Bengal,MEDINIPUR WEST,Mesta,Kharif     
West Bengal,MURSHIDABAD,Mesta,Kharif     
West Bengal,NADIA,Mesta,Kharif     
West Bengal,PURBA BARDHAMAN,Mesta,Kharif     
West Bengal,PURULIA,Mesta,Kharif     
West Bengal,PARAGANAS NORTH,Moong(Green Gram),Rabi       
West Bengal,PARAGANAS SOUTH,Moong(Green Gram),Kharif     
West Bengal,ALIPURDUAR,Moong(Green Gram),Kharif     
West Bengal,BANKURA,Moong(Green Gram),Kharif     
West Bengal,BIRBHUM,Moong(Green Gram),Kharif     
West Bengal,COOCHBEHAR,Moong(Green Gram),Rabi       
West Bengal,DARJEELING,Moong(Green Gram),Kharif     
West Bengal,DINAJPUR DAKSHIN,Moong(Green Gram),Rabi       
West Bengal,DINAJPUR UTTAR,Moong(Green Gram),Rabi       
West Bengal,HOOGHLY,Moong(Green Gram),Rabi       
West Bengal,HOWRAH,Moong(Green Gram),Summer     
West Bengal,JALPAIGURI,Moong(Green Gram),Kharif     
West Bengal,"JHARGRAM
",Moong(Green Gram),Summer     
West Bengal,"KALIMPONG
",Moong(Green Gram),Kharif     
West Bengal,MALDAH,Moong(Green Gram),Rabi       
West Bengal,MEDINIPUR EAST,Moong(Green Gram),Summer     
West Bengal,MEDINIPUR WEST,Moong(Green Gram),Kharif     
West Bengal,MURSHIDABAD,Moong(Green Gram),Kharif     
West Bengal,NADIA,Moong(Green Gram),Summer     
West Bengal,"PASCHIM BARDHAMAN
",Moong(Green Gram),Rabi       
West Bengal,PURBA BARDHAMAN,Moong(Green Gram),Kharif     
West Bengal,PURULIA,Moong(Green Gram),Kharif     
West Bengal,PURULIA,Moth,Rabi       
West Bengal,ALIPURDUAR,Niger seed,Kharif     
West Bengal,BANKURA,Niger seed,Whole Year 
West Bengal,COOCHBEHAR,Niger seed,Whole Year 
West Bengal,DARJEELING,Niger seed,Kharif     
West Bengal,DINAJPUR DAKSHIN,Niger seed,Whole Year 
West Bengal,DINAJPUR UTTAR,Niger seed,Whole Year 
West Bengal,JALPAIGURI,Niger seed,Whole Year 
West Bengal,"JHARGRAM
",Niger seed,Kharif     
West Bengal,MALDAH,Niger seed,Whole Year 
West Bengal,MEDINIPUR WEST,Niger seed,Whole Year 
West Bengal,PURULIA,Niger seed,Whole Year 
West Bengal,PARAGANAS NORTH,Niger seed,Rabi       
West Bengal,PARAGANAS SOUTH,Niger seed,Rabi       
West Bengal,BIRBHUM,Niger seed,Rabi       
West Bengal,HOOGHLY,Niger seed,Rabi       
West Bengal,HOWRAH,Niger seed,Rabi       
West Bengal,MEDINIPUR EAST,Niger seed,Rabi       
West Bengal,MURSHIDABAD,Niger seed,Rabi       
West Bengal,NADIA,Niger seed,Rabi       
West Bengal,PURBA BARDHAMAN,Niger seed,Rabi       
West Bengal,BIRBHUM,Other  Rabi pulses,Rabi       
West Bengal,COOCHBEHAR,Other  Rabi pulses,Rabi       
West Bengal,MEDINIPUR WEST,Other  Rabi pulses,Rabi       
West Bengal,MURSHIDABAD,Other  Rabi pulses,Rabi       
West Bengal,NADIA,Other  Rabi pulses,Rabi       
West Bengal,PURBA BARDHAMAN,Other  Rabi pulses,Rabi       
West Bengal,BANKURA,Other Kharif pulses,Kharif     
West Bengal,BIRBHUM,Other Kharif pulses,Kharif     
West Bengal,COOCHBEHAR,Other Kharif pulses,Kharif     
West Bengal,DARJEELING,Other Kharif pulses,Kharif     
West Bengal,DINAJPUR DAKSHIN,Other Kharif pulses,Kharif     
West Bengal,DINAJPUR UTTAR,Other Kharif pulses,Kharif     
West Bengal,HOOGHLY,Other Kharif pulses,Kharif     
West Bengal,MEDINIPUR EAST,Other Kharif pulses,Kharif     
West Bengal,MEDINIPUR WEST,Other Kharif pulses,Kharif     
West Bengal,MURSHIDABAD,Other Kharif pulses,Kharif     
West Bengal,"PASCHIM BARDHAMAN
",Other Kharif pulses,Kharif     
West Bengal,PURBA BARDHAMAN,Other Kharif pulses,Kharif     
West Bengal,PURULIA,Other Kharif pulses,Kharif     
West Bengal,PARAGANAS NORTH,Peas & beans (Pulses),Rabi       
West Bengal,PARAGANAS SOUTH,Peas & beans (Pulses),Rabi       
West Bengal,ALIPURDUAR,Peas & beans (Pulses),Rabi       
West Bengal,BANKURA,Peas & beans (Pulses),Rabi       
West Bengal,BIRBHUM,Peas & beans (Pulses),Rabi       
West Bengal,COOCHBEHAR,Peas & beans (Pulses),Rabi       
West Bengal,DARJEELING,Peas & beans (Pulses),Rabi       
West Bengal,DINAJPUR DAKSHIN,Peas & beans (Pulses),Rabi       
West Bengal,DINAJPUR UTTAR,Peas & beans (Pulses),Rabi       
West Bengal,HOOGHLY,Peas & beans (Pulses),Rabi       
West Bengal,HOWRAH,Peas & beans (Pulses),Rabi       
West Bengal,JALPAIGURI,Peas & beans (Pulses),Rabi       
West Bengal,"JHARGRAM
",Peas & beans (Pulses),Rabi       
West Bengal,"KALIMPONG
",Peas & beans (Pulses),Rabi       
West Bengal,MALDAH,Peas & beans (Pulses),Rabi       
West Bengal,MEDINIPUR EAST,Peas & beans (Pulses),Rabi       
West Bengal,MEDINIPUR WEST,Peas & beans (Pulses),Rabi       
West Bengal,MURSHIDABAD,Peas & beans (Pulses),Rabi       
West Bengal,NADIA,Peas & beans (Pulses),Rabi       
West Bengal,"PASCHIM BARDHAMAN
",Peas & beans (Pulses),Rabi       
West Bengal,PURBA BARDHAMAN,Peas & beans (Pulses),Rabi       
West Bengal,PURULIA,Peas & beans (Pulses),Rabi       
West Bengal,PARAGANAS NORTH,Potato,Whole Year 
West Bengal,PARAGANAS SOUTH,Potato,Whole Year 
West Bengal,ALIPURDUAR,Potato,Rabi       
West Bengal,BANKURA,Potato,Whole Year 
West Bengal,BIRBHUM,Potato,Whole Year 
West Bengal,COOCHBEHAR,Potato,Whole Year 
West Bengal,DARJEELING,Potato,Whole Year 
West Bengal,DINAJPUR DAKSHIN,Potato,Whole Year 
West Bengal,DINAJPUR UTTAR,Potato,Whole Year 
West Bengal,HOOGHLY,Potato,Whole Year 
West Bengal,HOWRAH,Potato,Whole Year 
West Bengal,JALPAIGURI,Potato,Whole Year 
West Bengal,"JHARGRAM
",Potato,Rabi       
West Bengal,"KALIMPONG
",Potato,Rabi       
West Bengal,MALDAH,Potato,Whole Year 
West Bengal,MEDINIPUR EAST,Potato,Whole Year 
West Bengal,MEDINIPUR WEST,Potato,Whole Year 
West Bengal,MURSHIDABAD,Potato,Whole Year 
West Bengal,NADIA,Potato,Whole Year 
West Bengal,"PASCHIM BARDHAMAN
",Potato,Rabi       
West Bengal,PURBA BARDHAMAN,Potato,Whole Year 
West Bengal,PURULIA,Potato,Whole Year 
West Bengal,ALIPURDUAR,Ragi,Autumn     
West Bengal,BANKURA,Ragi,Kharif     
West Bengal,COOCHBEHAR,Ragi,Autumn     
West Bengal,DARJEELING,Ragi,Autumn     
West Bengal,DINAJPUR UTTAR,Ragi,Autumn     
West Bengal,JALPAIGURI,Ragi,Autumn     
West Bengal,"KALIMPONG
",Ragi,Autumn     
West Bengal,PURULIA,Ragi,Autumn     
West Bengal,PARAGANAS NORTH,Rapeseed &Mustard,Whole Year 
West Bengal,PARAGANAS SOUTH,Rapeseed &Mustard,Whole Year 
West Bengal,ALIPURDUAR,Rapeseed &Mustard,Rabi       
West Bengal,BANKURA,Rapeseed &Mustard,Whole Year 
West Bengal,BIRBHUM,Rapeseed &Mustard,Whole Year 
West Bengal,COOCHBEHAR,Rapeseed &Mustard,Whole Year 
West Bengal,DARJEELING,Rapeseed &Mustard,Whole Year 
West Bengal,DINAJPUR DAKSHIN,Rapeseed &Mustard,Whole Year 
West Bengal,DINAJPUR UTTAR,Rapeseed &Mustard,Whole Year 
West Bengal,HOOGHLY,Rapeseed &Mustard,Whole Year 
West Bengal,HOWRAH,Rapeseed &Mustard,Whole Year 
West Bengal,JALPAIGURI,Rapeseed &Mustard,Whole Year 
West Bengal,"JHARGRAM
",Rapeseed &Mustard,Rabi       
West Bengal,"KALIMPONG
",Rapeseed &Mustard,Rabi       
West Bengal,MALDAH,Rapeseed &Mustard,Whole Year 
West Bengal,MEDINIPUR EAST,Rapeseed &Mustard,Whole Year 
West Bengal,MEDINIPUR WEST,Rapeseed &Mustard,Whole Year 
West Bengal,MURSHIDABAD,Rapeseed &Mustard,Whole Year 
West Bengal,NADIA,Rapeseed &Mustard,Whole Year 
West Bengal,"PASCHIM BARDHAMAN
",Rapeseed &Mustard,Rabi       
West Bengal,PURBA BARDHAMAN,Rapeseed &Mustard,Whole Year 
West Bengal,PURULIA,Rapeseed &Mustard,Whole Year 
West Bengal,PARAGANAS NORTH,Rice,Autumn     
West Bengal,PARAGANAS SOUTH,Rice,Autumn     
West Bengal,ALIPURDUAR,Rice,Autumn     
West Bengal,BANKURA,Rice,Autumn     
West Bengal,BIRBHUM,Rice,Autumn     
West Bengal,COOCHBEHAR,Rice,Autumn     
West Bengal,DARJEELING,Rice,Autumn     
West Bengal,DINAJPUR DAKSHIN,Rice,Autumn     
West Bengal,DINAJPUR UTTAR,Rice,Autumn     
West Bengal,HOOGHLY,Rice,Autumn     
West Bengal,HOWRAH,Rice,Autumn     
West Bengal,JALPAIGURI,Rice,Autumn     
West Bengal,"JHARGRAM
",Rice,Autumn     
West Bengal,"KALIMPONG
",Rice,Winter     
West Bengal,MALDAH,Rice,Autumn     
West Bengal,MEDINIPUR EAST,Rice,Autumn     
West Bengal,MEDINIPUR WEST,Rice,Autumn     
West Bengal,MURSHIDABAD,Rice,Autumn     
West Bengal,NADIA,Rice,Autumn     
West Bengal,"PASCHIM BARDHAMAN
",Rice,Autumn     
West Bengal,PURBA BARDHAMAN,Rice,Autumn     
West Bengal,PURULIA,Rice,Autumn     
West Bengal,PARAGANAS NORTH,Safflower,Rabi       
West Bengal,BANKURA,Safflower,Whole Year 
West Bengal,BIRBHUM,Safflower,Whole Year 
West Bengal,DARJEELING,Safflower,Rabi       
West Bengal,DINAJPUR DAKSHIN,Safflower,Rabi       
West Bengal,DINAJPUR UTTAR,Safflower,Rabi       
West Bengal,HOWRAH,Safflower,Rabi       
West Bengal,JALPAIGURI,Safflower,Rabi       
West Bengal,MEDINIPUR WEST,Safflower,Whole Year 
West Bengal,MURSHIDABAD,Safflower,Rabi       
West Bengal,NADIA,Safflower,Rabi       
West Bengal,PURBA BARDHAMAN,Safflower,Whole Year 
West Bengal,PURULIA,Safflower,Rabi       
West Bengal,BANKURA,Sannhamp,Whole Year 
West Bengal,BIRBHUM,Sannhamp,Whole Year 
West Bengal,COOCHBEHAR,Sannhamp,Whole Year 
West Bengal,HOOGHLY,Sannhamp,Whole Year 
West Bengal,"JHARGRAM
",Sannhamp,Kharif     
West Bengal,MEDINIPUR EAST,Sannhamp,Whole Year 
West Bengal,MEDINIPUR WEST,Sannhamp,Whole Year 
West Bengal,PURBA BARDHAMAN,Sannhamp,Whole Year 
West Bengal,PURULIA,Sannhamp,Whole Year 
West Bengal,PARAGANAS NORTH,Sesamum,Whole Year 
West Bengal,PARAGANAS SOUTH,Sesamum,Whole Year 
West Bengal,ALIPURDUAR,Sesamum,Autumn     
West Bengal,BANKURA,Sesamum,Whole Year 
West Bengal,BIRBHUM,Sesamum,Whole Year 
West Bengal,COOCHBEHAR,Sesamum,Whole Year 
West Bengal,DARJEELING,Sesamum,Whole Year 
West Bengal,DINAJPUR DAKSHIN,Sesamum,Whole Year 
West Bengal,DINAJPUR UTTAR,Sesamum,Whole Year 
West Bengal,HOOGHLY,Sesamum,Whole Year 
West Bengal,HOWRAH,Sesamum,Whole Year 
West Bengal,JALPAIGURI,Sesamum,Whole Year 
West Bengal,"JHARGRAM
",Sesamum,Summer     
West Bengal,MALDAH,Sesamum,Whole Year 
West Bengal,MEDINIPUR EAST,Sesamum,Whole Year 
West Bengal,MEDINIPUR WEST,Sesamum,Whole Year 
West Bengal,MURSHIDABAD,Sesamum,Whole Year 
West Bengal,NADIA,Sesamum,Whole Year 
West Bengal,"PASCHIM BARDHAMAN
",Sesamum,Summer     
West Bengal,PURBA BARDHAMAN,Sesamum,Whole Year 
West Bengal,PURULIA,Sesamum,Whole Year 
West Bengal,BANKURA,Small millets,Whole Year 
West Bengal,COOCHBEHAR,Small millets,Whole Year 
West Bengal,DARJEELING,Small millets,Whole Year 
West Bengal,DINAJPUR DAKSHIN,Small millets,Whole Year 
West Bengal,DINAJPUR UTTAR,Small millets,Whole Year 
West Bengal,HOOGHLY,Small millets,Kharif     
West Bengal,JALPAIGURI,Small millets,Whole Year 
West Bengal,"KALIMPONG
",Small millets,Rabi       
West Bengal,MALDAH,Small millets,Whole Year 
West Bengal,MURSHIDABAD,Small millets,Whole Year 
West Bengal,NADIA,Small millets,Kharif     
West Bengal,PURULIA,Small millets,Whole Year 
West Bengal,BANKURA,Soyabean,Kharif     
West Bengal,BIRBHUM,Soyabean,Kharif     
West Bengal,DARJEELING,Soyabean,Kharif     
West Bengal,"KALIMPONG
",Soyabean,Kharif     
West Bengal,MEDINIPUR WEST,Soyabean,Kharif     
West Bengal,PURBA BARDHAMAN,Soyabean,Kharif     
West Bengal,PURULIA,Soyabean,Kharif     
West Bengal,PARAGANAS NORTH,Sugarcane,Whole Year 
West Bengal,PARAGANAS SOUTH,Sugarcane,Whole Year 
West Bengal,ALIPURDUAR,Sugarcane,Whole Year 
West Bengal,BANKURA,Sugarcane,Whole Year 
West Bengal,BIRBHUM,Sugarcane,Whole Year 
West Bengal,COOCHBEHAR,Sugarcane,Whole Year 
West Bengal,DARJEELING,Sugarcane,Whole Year 
West Bengal,DINAJPUR DAKSHIN,Sugarcane,Whole Year 
West Bengal,DINAJPUR UTTAR,Sugarcane,Whole Year 
West Bengal,HOOGHLY,Sugarcane,Whole Year 
West Bengal,HOWRAH,Sugarcane,Whole Year 
West Bengal,JALPAIGURI,Sugarcane,Whole Year 
West Bengal,"JHARGRAM
",Sugarcane,Whole Year 
West Bengal,MALDAH,Sugarcane,Whole Year 
West Bengal,MEDINIPUR EAST,Sugarcane,Whole Year 
West Bengal,MEDINIPUR WEST,Sugarcane,Whole Year 
West Bengal,MURSHIDABAD,Sugarcane,Whole Year 
West Bengal,NADIA,Sugarcane,Whole Year 
West Bengal,"PASCHIM BARDHAMAN
",Sugarcane,Whole Year 
West Bengal,PURBA BARDHAMAN,Sugarcane,Whole Year 
West Bengal,PURULIA,Sugarcane,Whole Year 
West Bengal,PARAGANAS NORTH,Sunflower,Kharif     
West Bengal,PARAGANAS SOUTH,Sunflower,Whole Year 
West Bengal,ALIPURDUAR,Sunflower,Kharif     
West Bengal,BANKURA,Sunflower,Kharif     
West Bengal,BIRBHUM,Sunflower,Kharif     
West Bengal,COOCHBEHAR,Sunflower,Kharif     
West Bengal,DARJEELING,Sunflower,Kharif     
West Bengal,DINAJPUR DAKSHIN,Sunflower,Kharif     
West Bengal,DINAJPUR UTTAR,Sunflower,Kharif     
West Bengal,HOOGHLY,Sunflower,Kharif     
West Bengal,HOWRAH,Sunflower,Kharif     
West Bengal,JALPAIGURI,Sunflower,Kharif     
West Bengal,"JHARGRAM
",Sunflower,Kharif     
West Bengal,"KALIMPONG
",Sunflower,Kharif     
West Bengal,MALDAH,Sunflower,Kharif     
West Bengal,MEDINIPUR EAST,Sunflower,Kharif     
West Bengal,MEDINIPUR WEST,Sunflower,Kharif     
West Bengal,MURSHIDABAD,Sunflower,Kharif     
West Bengal,NADIA,Sunflower,Kharif     
West Bengal,"PASCHIM BARDHAMAN
",Sunflower,Kharif     
West Bengal,PURBA BARDHAMAN,Sunflower,Kharif     
West Bengal,PURULIA,Sunflower,Kharif     
West Bengal,ALIPURDUAR,Tobacco,Whole Year 
West Bengal,BANKURA,Tobacco,Whole Year 
West Bengal,COOCHBEHAR,Tobacco,Whole Year 
West Bengal,DINAJPUR UTTAR,Tobacco,Whole Year 
West Bengal,JALPAIGURI,Tobacco,Whole Year 
West Bengal,MALDAH,Tobacco,Whole Year 
West Bengal,NADIA,Tobacco,Whole Year 
West Bengal,PURULIA,Tobacco,Whole Year 
West Bengal,PARAGANAS NORTH,Turmeric,Whole Year 
West Bengal,PARAGANAS SOUTH,Turmeric,Whole Year 
West Bengal,BANKURA,Turmeric,Whole Year 
West Bengal,BIRBHUM,Turmeric,Whole Year 
West Bengal,COOCHBEHAR,Turmeric,Whole Year 
West Bengal,DARJEELING,Turmeric,Whole Year 
West Bengal,DINAJPUR DAKSHIN,Turmeric,Whole Year 
West Bengal,DINAJPUR UTTAR,Turmeric,Whole Year 
West Bengal,HOOGHLY,Turmeric,Whole Year 
West Bengal,HOWRAH,Turmeric,Whole Year 
West Bengal,JALPAIGURI,Turmeric,Whole Year 
West Bengal,MALDAH,Turmeric,Whole Year 
West Bengal,MEDINIPUR EAST,Turmeric,Whole Year 
West Bengal,MEDINIPUR WEST,Turmeric,Whole Year 
West Bengal,MURSHIDABAD,Turmeric,Whole Year 
West Bengal,NADIA,Turmeric,Whole Year 
West Bengal,PURBA BARDHAMAN,Turmeric,Whole Year 
West Bengal,PURULIA,Turmeric,Whole Year 
West Bengal,PARAGANAS NORTH,Urad,Kharif     
West Bengal,PARAGANAS SOUTH,Urad,Kharif     
West Bengal,ALIPURDUAR,Urad,Kharif     
West Bengal,BANKURA,Urad,Kharif     
West Bengal,BIRBHUM,Urad,Kharif     
West Bengal,COOCHBEHAR,Urad,Kharif     
West Bengal,DARJEELING,Urad,Kharif     
West Bengal,DINAJPUR DAKSHIN,Urad,Kharif     
West Bengal,DINAJPUR UTTAR,Urad,Kharif     
West Bengal,HOOGHLY,Urad,Kharif     
West Bengal,HOWRAH,Urad,Kharif     
West Bengal,JALPAIGURI,Urad,Kharif     
West Bengal,"JHARGRAM
",Urad,Kharif     
West Bengal,"KALIMPONG
",Urad,Kharif     
West Bengal,MALDAH,Urad,Kharif     
West Bengal,MEDINIPUR EAST,Urad,Kharif     
West Bengal,MEDINIPUR WEST,Urad,Kharif     
West Bengal,MURSHIDABAD,Urad,Kharif     
West Bengal,NADIA,Urad,Kharif     
West Bengal,PURBA BARDHAMAN,Urad,Kharif     
West Bengal,PURULIA,Urad,Kharif     
West Bengal,PARAGANAS NORTH,Wheat,Rabi       
West Bengal,PARAGANAS SOUTH,Wheat,Rabi       
West Bengal,ALIPURDUAR,Wheat,Rabi       
West Bengal,BANKURA,Wheat,Rabi       
West Bengal,BIRBHUM,Wheat,Rabi       
West Bengal,COOCHBEHAR,Wheat,Rabi       
West Bengal,DARJEELING,Wheat,Rabi       
West Bengal,DINAJPUR DAKSHIN,Wheat,Rabi       
West Bengal,DINAJPUR UTTAR,Wheat,Rabi       
West Bengal,HOOGHLY,Wheat,Rabi       
West Bengal,HOWRAH,Wheat,Rabi       
West Bengal,JALPAIGURI,Wheat,Rabi       
West Bengal,"JHARGRAM
",Wheat,Rabi       
West Bengal,"KALIMPONG
",Wheat,Rabi       
West Bengal,MALDAH,Wheat,Rabi       
West Bengal,MEDINIPUR EAST,Wheat,Rabi       
West Bengal,MEDINIPUR WEST,Wheat,Rabi       
West Bengal,MURSHIDABAD,Wheat,Rabi       
West Bengal,NADIA,Wheat,Rabi       
West Bengal,"PASCHIM BARDHAMAN
",Wheat,Rabi       
West Bengal,PURBA BARDHAMAN,Wheat,Rabi       
West Bengal,PURULIA,Wheat,Rabi       
